image_ID,date,farm,section,tank,abalone_number,age,diet,section_coverage,length_mm,width_mm,area_mm2,weight_g,condition_factor,lightness,a,b,hue,saturation,brightness,L_slope,L_intercept,L_r2,a_slope,a_intercept,a_r2,b_slope,b_intercept,b_r2,lightess_corrected,a_corrected,b_corrected,chroma
IMG_1623,15/04/2024,Farm 1,section_N,section_n_1,1,19,1,single,0,0,0,0,0,23.44,-5.68,11.08,53.05,86.48,58.82,1.15,26.05,0.99,1.25,-2.47,0.98,1.26,-0.99,0.99,52.94,-9.58,12.93,16.1
IMG_1624,15/04/2024,Farm 1,section_N,section_n_1,2,19,1,single,0,0,0,0,0,30.05,-8.62,13.43,58.64,89.04,75.54,1.12,25.41,0.99,1.21,-2.55,0.98,1.22,-1.1,0.99,59.08,-13,15.28,20.07
IMG_1625,15/04/2024,Farm 1,section_N,section_n_1,3,19,1,single,0,0,0,0,0,24.04,-4.86,11.96,54.01,94.21,62.6,1.13,25.62,0.99,1.22,-2.67,0.98,1.23,-1.07,0.99,52.72,-8.61,13.62,16.11
IMG_1626,15/04/2024,Farm 1,section_N,section_n_1,4,19,1,single,0,0,0,0,0,22.45,-3.93,10.57,48,84.39,56.29,1.21,27.35,0.99,1.33,-2.67,0.98,1.34,-0.83,0.99,54.49,-7.89,13.29,15.46
IMG_1627,15/04/2024,Farm 1,section_N,section_n_1,5,19,1,single,0,0,0,0,0,29.33,-3.06,11,46.45,75.2,73.83,1.13,25.33,0.99,1.22,-2.79,0.98,1.22,-0.83,0.99,58.43,-6.52,12.63,14.21
IMG_1628,15/04/2024,Farm 1,section_N,section_n_1,6,19,1,single,0,0,0,0,0,24.57,-10.32,6.24,92.23,87.04,63.34,1.05,23.29,0.99,1.12,-2.87,0.98,1.12,-0.91,0.99,49.01,-14.38,6.06,15.6
IMG_1629,15/04/2024,Farm 1,section_N,section_n_1,7,19,1,single,0,0,0,0,0,26.34,-13.98,8.18,92.71,105.03,68.35,1.06,23.77,0.99,1.13,-2.76,0.98,1.14,-0.92,0.99,51.75,-18.61,8.38,20.42
IMG_1630,15/04/2024,Farm 1,section_N,section_n_1,8,19,1,single,0,0,0,0,0,25.14,-7.35,19.98,47.29,143.73,64.54,1.09,24.72,0.99,1.17,-2.48,0.98,1.18,-1.14,0.99,52.1,-11.08,22.48,25.07
IMG_1631,15/04/2024,Farm 1,section_N,section_n_1,9,19,1,single,0,0,0,0,0,22.33,-5.59,11.11,55.99,93.36,57.01,1.19,27.23,0.99,1.31,-2.46,0.98,1.32,-0.96,0.99,53.85,-9.78,13.71,16.84
IMG_1632,15/04/2024,Farm 1,section_N,section_n_1,10,19,1,single,0,0,0,0,0,24.05,-5.07,9.61,56.87,78.43,61.4,1.21,27.54,0.99,1.32,-2.73,0.98,1.34,-0.84,0.99,56.65,-9.45,12.01,15.28
IMG_1633,15/04/2024,Farm 1,section_N,section_n_1,11,19,1,single,0,0,0,0,0,28.82,-3.89,13.58,45.28,92.92,73.2,0.77,38.53,0.6,1.29,-2.66,0.92,1.24,0.92,0.88,60.77,-7.68,17.82,19.4
IMG_1634,15/04/2024,Farm 1,section_N,section_n_1,12,19,1,single,0,0,0,0,0,33.99,-6.03,14.72,48.1,85.25,84.27,1.06,23.86,0.99,1.13,-2.49,0.98,1.14,-1.11,0.99,59.96,-9.31,15.69,18.24
IMG_1635,15/04/2024,Farm 1,section_N,section_n_1,13,19,1,single,0,0,0,0,0,21.43,-9.97,5.91,97.8,102.95,56.51,1.05,24.61,0.98,1.15,-1.9,0.98,1.16,-1.3,0.99,47.13,-13.39,5.58,14.51
IMG_1636,15/04/2024,Farm 1,section_N,section_n_1,14,19,1,single,0,0,0,0,0,23.29,-6.78,11.83,57.34,95.81,59.94,1.12,25.53,0.99,1.22,-2.95,0.98,1.22,-0.91,0.99,51.69,-11.23,13.53,17.59
IMG_1637,15/04/2024,Farm 1,section_N,section_n_1,15,19,1,single,0,0,0,0,0,20.84,-9.82,7.28,83.53,88.96,54.3,1.13,25.83,0.99,1.23,-2.85,0.98,1.23,-0.91,0.99,49.39,-14.95,8.08,16.99
IMG_1638,15/04/2024,Farm 1,section_N,section_n_1,16,19,1,single,0,0,0,0,0,27.6,-8.15,14.06,55.13,96.3,69.16,1.2,27.14,0.99,1.31,-2.8,0.98,1.32,-0.77,0.99,60.13,-13.48,17.74,22.28
IMG_1639,15/04/2024,Farm 1,section_N,section_n_1,17,19,1,single,0,0,0,0,0,26.92,-5.04,14.97,46.89,104.84,68.65,1.17,26.45,0.99,1.28,-2.79,0.98,1.29,-0.92,0.99,58.03,-9.25,18.36,20.56
IMG_1640,15/04/2024,Farm 1,section_N,section_n_1,18,19,1,single,0,0,0,0,0,20.51,-4.73,8.42,64.47,79.18,52.67,1.17,26.86,0.99,1.29,-2.83,0.98,1.29,-0.89,0.99,50.91,-8.93,10.01,13.42
IMG_1641,15/04/2024,Farm 1,section_N,section_n_1,19,19,1,single,0,0,0,0,0,31.27,-5.14,19.52,41.35,116.89,78.03,1.1,24.68,0.99,1.18,-2.77,0.98,1.19,-1.1,0.99,59.05,-8.84,22.16,23.86
IMG_1642,15/04/2024,Farm 1,section_N,section_n_1,20,19,1,single,0,0,0,0,0,27.01,-9.25,15.61,57.86,109.32,68.15,1.11,25.27,0.99,1.2,-2.88,0.98,1.21,-0.97,0.99,55.33,-14.02,17.92,22.76
IMG_1643,15/04/2024,Farm 1,section_N,section_n_2,1,19,1,single,73.46,59.72,3498.51,51.10626769,0.750285882,31.8,-11.89,8.3,89.2,77.72,80.7,0.89,35.02,0.7,1.26,-3.09,0.95,1.31,1.02,0.9,63.4,-18.02,11.9,21.6
IMG_1644,15/04/2024,Farm 1,section_N,section_n_2,2,19,1,single,67.92,55.57,3022.26,40.22559269,0.746576419,32.7,-6.98,10.86,64.5,74.48,82.49,0.84,38.31,0.61,1.31,-4.63,0.93,1.33,0.38,0.92,65.74,-13.78,14.81,20.23
IMG_1645,15/04/2024,Farm 1,section_N,section_n_2,3,19,1,single,71.18,56.21,3221.01,46.41589649,0.748792082,31.75,-1.83,12.45,43.64,81.58,80.55,0.81,39.04,0.58,1.3,-4.54,0.93,1.32,0.65,0.91,64.67,-6.92,17.12,18.46
IMG_1646,15/04/2024,Farm 1,section_N,section_n_2,4,19,1,single,67.79,60.72,3195.28,39.99098018,0.746486014,32.72,-4.84,10.97,64.57,79.11,84.07,1.09,25.88,0.98,1.2,-2.71,0.98,1.21,-0.83,0.99,61.44,-8.53,12.42,15.07
IMG_1647,15/04/2024,Farm 1,section_N,section_n_2,5,19,1,single,73.77,61.46,3615.29,51.76760313,0.750485622,25.59,-7.79,9.83,71.58,87.3,66.12,0.89,35.19,0.7,1.24,-3.29,0.95,1.3,1.42,0.89,57.89,-12.93,14.19,19.2
IMG_1648,15/04/2024,Farm 1,section_N,section_n_2,6,19,1,single,67.57,56.44,3014.5,39.59604293,0.746332649,28.44,-9.88,10.62,73.5,80.6,72.2,1.05,24.82,0.98,1.16,-2.49,0.98,1.16,-1.09,0.99,54.64,-13.98,11.27,17.96
IMG_1649,15/04/2024,Farm 1,section_N,section_n_2,7,19,1,single,69.74,57.89,3114.98,43.60801586,0.747825361,27.31,-5,9.23,56.37,65.72,67.51,0.82,38.28,0.6,1.29,-4.56,0.93,1.31,0.7,0.92,60.81,-10.99,12.82,16.88
IMG_1650,15/04/2024,Farm 1,section_N,section_n_2,8,19,1,single,67.06,52.25,2769.39,38.69061174,0.745975315,28.05,-7.49,10.24,62.3,71.01,69.57,0.91,34.81,0.71,1.28,-4.25,0.95,1.28,0.17,0.95,60.39,-13.83,13.28,19.18
IMG_1651,15/04/2024,Farm 1,section_N,section_n_2,9,19,1,single,71.73,51.25,2830.2,47.5196417,0.749156488,38.89,-2.91,15.98,38.79,84.33,97.97,0.88,36.41,0.67,1.3,-4.39,0.95,1.31,0.5,0.94,70.8,-8.17,21.39,22.9
IMG_1652,15/04/2024,Farm 1,section_N,section_n_2,10,19,1,single,69.14,56.33,3093.06,42.47260996,0.74741703,26.25,-4.98,10.51,52.14,75.08,65.69,0.89,35.54,0.69,1.28,-4.55,0.95,1.28,-0.13,0.95,58.86,-10.95,13.36,17.27
IMG_1653,15/04/2024,Farm 1,section_N,section_n_2,11,19,1,single,68.47,61.55,3222.44,41.22842837,0.74695712,33.78,-4.77,9.03,54.74,55.19,82.49,0.81,38.4,0.62,1.25,-3.44,0.93,1.32,2.01,0.83,65.72,-9.4,13.95,16.82
IMG_1654,15/04/2024,Farm 1,section_N,section_n_2,12,19,1,single,68.42,52.45,2939.9,41.13657448,0.746922629,26.96,-7.99,11.45,62.63,85.44,68.24,0.89,35.31,0.7,1.25,-3.53,0.95,1.31,1.21,0.9,59.42,-13.48,16.23,21.1
IMG_1655,15/04/2024,Farm 1,section_N,section_n_2,13,19,1,single,69.79,53.62,3010.74,43.70354386,0.747859239,31.67,-5.59,8.91,59.68,58.03,77.73,0.8,39.07,0.58,1.29,-4.81,0.93,1.31,0.74,0.9,64.48,-12.01,12.44,17.3
IMG_1656,15/04/2024,Farm 1,section_N,section_n_2,14,19,1,single,69.74,58.37,3231.41,43.60801586,0.747825361,26.71,-5.24,9.95,55.2,72.2,66.43,0,0,0,0,0,0,0,0,0,0,0,0,0
IMG_1657,15/04/2024,Farm 1,section_N,section_n_2,15,19,1,single,70.22,55.24,3028.96,44.53090072,0.748149662,18.55,-5.72,5.58,75.47,67.07,48.14,0.95,33.51,0.75,1.27,-4.3,0.96,1.26,0.08,0.96,51.05,-11.59,7.11,13.6
IMG_1658,15/04/2024,Farm 1,section_N,section_n_2,16,19,1,single,72.4,58.11,3362.97,48.88788075,0.74959688,25.9,-4.04,16.12,43.52,117.8,67.73,0.89,35.11,0.66,1.24,-3.52,0.94,1.31,2.25,0.87,58.23,-8.52,23.33,24.84
IMG_1659,15/04/2024,Farm 1,section_N,section_n_2,17,19,1,single,67.64,54.73,2990.78,39.72141893,0.746381498,26.37,-3.68,16.03,42.56,113.08,67.39,1.09,25.66,0.98,1.21,-2.79,0.98,1.21,-0.97,0.99,54.33,-7.23,18.36,19.73
IMG_1660,15/04/2024,Farm 1,section_N,section_n_2,18,19,1,single,58.93,49.42,2357.28,26.07580646,0.739906192,27.65,-7.28,8.5,74.85,73.1,69.97,0.77,38.67,0.57,1.25,-4.62,0.92,1.27,0.64,0.91,59.84,-13.73,11.41,17.85
IMG_1661,15/04/2024,Farm 1,section_N,section_n_2,19,19,1,single,73.35,56.98,3373.17,50.87297301,0.750214816,30.76,-8.85,12.17,64.62,81.55,77.39,0.72,40.25,0.52,1.24,-4.28,0.91,1.27,0.65,0.88,62.36,-15.29,16.05,22.17
IMG_1662,15/04/2024,Farm 1,section_N,section_n_2,20,19,1,single,84.89,58.52,3758.15,79.47542895,0.757175786,29.48,-3.4,8.09,49.46,52.96,71.94,0,0,0,0,0,0,0,0,0,0,0,0,0
IMG_1663,15/04/2024,Farm 1,section_N,section_n_2,21,19,1,single,62.15,59.9,2969.09,30.67476366,0.742398541,25.32,-5.03,12.11,53.55,93.86,65.39,0.99,36.05,0.72,1.36,-3.22,0.95,1.44,1.33,0.9,61.11,-10.04,18.73,21.25
IMG_1665,15/04/2024,Farm 1,section_N,section_n_3,1,19,1,single,63.61,56.14,2812.68,32.92839757,0.74348898,36.29,-5.34,17.39,44.36,96.86,91.5,1.06,24.82,0.98,1.17,-2.39,0.98,1.17,-0.96,0.99,63.4,-8.66,19.4,21.24
IMG_1666,15/04/2024,Farm 1,section_N,section_n_3,2,19,1,single,67.12,53.58,2878.2,38.79640276,0.746017486,20.11,-7.05,10.62,64.71,96.17,51.97,1.06,24.57,0.98,1.16,-2.19,0.98,1.17,-1.01,0.99,45.87,-10.35,11.39,15.39
IMG_1667,15/04/2024,Farm 1,section_N,section_n_3,3,19,1,single,70.39,67.47,3678.87,44.86087889,0.748264021,33.7,-6.82,16.21,49.82,96.59,84.65,0.78,38.81,0.59,1.23,-2.74,0.93,1.29,2.03,0.82,65.06,-11.12,22.99,25.54
IMG_1668,15/04/2024,Farm 1,section_N,section_n_3,4,19,1,single,70.47,64.82,3618.3,45.01673007,0.748317748,32.31,-9.71,13.56,64.88,85,81.08,1.08,25.19,0.98,1.18,-2.49,0.98,1.19,-1.1,0.99,60.16,-13.96,15.04,20.52
IMG_1669,15/04/2024,Farm 1,section_N,section_n_3,5,19,1,single,77.04,60.46,3586.17,59.09759657,0.752545964,31.79,-8.13,12.15,61.04,77.72,79.58,0.85,37.47,0.65,1.26,-3.33,0.94,1.34,1.76,0.86,64.6,-13.6,18.02,22.58
IMG_1670,15/04/2024,Farm 1,section_N,section_n_3,6,19,1,single,75.11,64.25,3838.84,54.69252671,0.75134007,23.37,-2.42,15.41,39.16,117.6,60.86,0.91,36.1,0.65,1.28,-3.54,0.94,1.35,2.4,0.86,57.47,-6.64,23.25,24.18
IMG_1671,15/04/2024,Farm 1,section_N,section_n_3,7,19,1,single,73.52,60.53,3502.83,51.23382204,0.750324603,32.54,-5.66,8.58,69.37,60.13,80.88,1.16,27.16,0.98,1.29,-2.72,0.98,1.29,-0.76,0.99,64.99,-10.01,10.34,14.39
IMG_1672,15/04/2024,Farm 1,section_N,section_n_3,8,19,1,single,72.51,59.89,3418.29,49.11501846,0.749668818,25.08,-14.08,11.73,83.8,112.87,65.77,0.75,34.97,0.58,1.06,-4.47,0.9,1.1,0.91,0.91,53.76,-19.37,13.81,23.78
IMG_1673,15/04/2024,Farm 1,section_N,section_n_3,9,19,1,single,77.23,69.04,4171.83,59.54372814,0.752663145,25.54,-4.99,7.88,65.72,69.21,64.73,0.86,32.74,0.58,1.17,-4.5,0.93,1.19,1.4,0.89,54.74,-10.33,10.78,14.93
IMG_1674,15/04/2024,Farm 1,section_N,section_n_3,10,19,1,single,60.6,54.76,2670.04,28.39828181,0.741214301,29.42,-4.18,10.07,48.13,66.53,72.11,0.67,40.49,0.49,1.18,-4.92,0.91,1.2,0.74,0.86,60.13,-9.84,12.86,16.19
IMG_1675,15/04/2024,Farm 1,section_N,section_n_3,11,19,1,single,67.64,62.67,3297.39,39.72141893,0.746381498,27.44,-6.32,11.67,55.37,81.38,68.4,0.78,35.6,0.64,1.13,-3.34,0.94,1.19,1.56,0.86,56.95,-10.5,15.49,18.72
IMG_1676,15/04/2024,Farm 1,section_N,section_n_3,12,19,1,single,65.53,53.17,2727.98,36.0580394,0.744887829,31.26,-9.13,15.36,57.42,96.41,78.83,1.13,26.31,0.98,1.24,-2.83,0.98,1.24,-0.66,0.99,61.55,-14.19,18.42,23.25
IMG_1677,15/04/2024,Farm 1,section_N,section_n_3,13,19,1,single,68.5,53.67,2949.17,41.28360684,0.746977803,27.79,-7.03,7.84,80.15,67.67,70.15,1.15,26.85,0.98,1.27,-2.8,0.98,1.27,-0.7,0.99,58.78,-11.72,9.28,14.95
IMG_1678,15/04/2024,Farm 1,section_N,section_n_3,14,19,1,single,77.01,57.91,3693.66,59.02736088,0.752527437,27.58,-10.38,9.13,78.29,80.29,69.93,0.91,37.47,0.66,1.31,-3.62,0.94,1.4,1.67,0.86,62.51,-17.26,14.41,22.48
IMG_1679,15/04/2024,Farm 1,section_N,section_n_3,15,19,1,single,72.82,49.49,2820.8,49.75894982,0.749871004,21.94,-5.68,5.6,80.1,59.86,55.76,1.14,26.83,0.98,1.27,-2.78,0.98,1.27,-0.76,0.99,51.92,-9.99,6.36,11.84
IMG_1680,15/04/2024,Farm 1,section_N,section_n_3,16,19,1,single,73.16,61.31,3541.82,50.4716982,0.750091831,22.87,-3.24,8.81,46.8,69.85,57.25,1.22,28.85,0.98,1.37,-2.92,0.98,1.37,-0.36,0.99,56.68,-7.37,11.72,13.84
IMG_1681,15/04/2024,Farm 1,section_N,section_n_3,17,19,1,single,70.57,62.53,3575.97,45.21205554,0.748384826,15.66,-2.44,4.94,60.91,59.23,41.16,0.89,34.18,0.72,1.21,-3.48,0.95,1.27,0.87,0.9,48.11,-6.42,7.16,9.61
IMG_1682,15/04/2024,Farm 1,section_N,section_n_3,18,19,1,single,73.37,58,3355.14,50.91533685,0.750227745,17.18,-6.92,12.01,55.61,119.23,45.6,0.89,37.96,0.65,1.32,-3.52,0.93,1.4,1.66,0.85,53.32,-12.63,18.43,22.35
IMG_1683,15/04/2024,Farm 1,section_N,section_n_3,19,19,1,single,73.69,59.92,3498.19,51.59638831,0.750434152,26.83,-8.79,9.71,70.07,80.14,67.93,0.82,35.92,0.66,1.19,-3.46,0.94,1.26,1.08,0.87,57.97,-13.88,13.3,19.23
IMG_1685,15/04/2024,Farm 1,section_N,section_n_4,1,19,1,double,92.41,69.41,5114.08,102.9868182,0.761249099,36.29,-5.31,9.71,57.27,57.41,88.81,0.79,37.98,0.59,1.22,-3.2,0.94,1.24,2.48,0.86,66.74,-9.69,14.51,17.45
IMG_1686,15/04/2024,Farm 1,section_N,section_n_4,2,19,1,double,98.45,62.15,4621.87,124.9496355,0.764301763,36.01,-4.5,8.94,57.61,54.42,88.2,0.76,38.34,0.58,1.18,-3.39,0.93,1.26,1.83,0.82,65.67,-8.71,13.09,15.72
IMG_1687,15/04/2024,Farm 1,section_N,section_n_4,3,19,1,double,74.94,54.53,3266.38,54.31545292,0.751232464,36.74,-6.05,9.29,61.17,53.8,90.28,0,0,0,0,0,0,0,0,0,0,0,0,0
IMG_1688,15/04/2024,Farm 1,section_N,section_n_4,4,19,1,double,71.6,60.03,3474.74,47.25718112,0.749070592,28.46,-11.25,2.92,104.6,92.71,72.52,0.82,37.17,0.64,1.23,-2.71,0.94,1.3,1.47,0.85,60.52,-16.52,5.27,17.34
IMG_1689,15/04/2024,Farm 1,section_N,section_n_4,5,19,1,double,77.55,58.45,3739.56,60.30021739,0.752859892,27.77,-8.54,4.2,96.15,68.31,69.95,0,0,0,0,0,0,0,0,0,0,0,0,0
IMG_1690,15/04/2024,Farm 1,section_N,section_n_4,6,19,1,double,83.02,62.37,4025.12,74.25004545,0.756110442,35.01,-8.18,5.44,90.38,60.63,87.4,0.92,35.64,0.7,1.27,-3.31,0.95,1.34,1.45,0.89,67.72,-13.72,8.76,16.27
IMG_1691,15/04/2024,Farm 1,section_N,section_n_4,7,19,1,double,81.85,50.56,3413.45,71.10114574,0.755432398,34.13,-8.58,4.37,98.25,60.48,85.37,0.78,32.8,0.66,1.01,-3.25,0.91,1.09,1.78,0.88,59.43,-11.92,6.54,13.6
IMG_1692,15/04/2024,Farm 1,section_N,section_n_4,8,19,1,double,66.01,64.69,3399.93,36.8705364,0.745231539,33.33,-8.73,5.6,90.91,58.86,82.91,0.81,38.63,0.59,1.29,-4.69,0.93,1.31,0.76,0.92,65.72,-15.97,8.12,17.92
IMG_1693,15/04/2024,Farm 1,section_N,section_n_4,9,19,1,double,73.5,57.16,3354.85,51.19128016,0.750311699,33.55,-7.11,9.33,73.99,73.89,85.52,0.89,35.94,0.68,1.29,-4.37,0.95,1.29,0.32,0.94,65.68,-13.52,12.39,18.33
IMG_1694,15/04/2024,Farm 1,section_N,section_n_4,10,19,1,double,77.89,58.74,3628.23,61.11104028,0.753068105,34.02,-4.48,10.52,63.78,76.69,87.25,1.17,27.27,0.98,1.3,-2.68,0.98,1.3,-0.73,0.99,67.04,-8.5,12.99,15.52
IMG_1695,15/04/2024,Farm 1,section_N,section_n_4,11,19,1,double,67.07,62.42,3348.61,38.70823009,0.745982346,37.33,-6.09,8.55,74.93,68.24,94.44,0,0,0,0,0,0,0,0,0,0,0,0,0
IMG_1696,15/04/2024,Farm 1,section_N,section_n_4,12,19,1,double,80.87,58.16,3687.6,68.53375424,0.75485744,23.26,-10.69,4.26,98.46,97.96,60.42,1.11,26.02,0.98,1.22,-2.72,0.98,1.23,-0.7,0.99,51.93,-15.79,4.54,16.43
IMG_1697,15/04/2024,Farm 1,section_N,section_n_4,13,19,1,double,93.22,64.18,4645.77,105.7678554,0.76166915,30.18,-3.38,10.27,48.86,68.2,75.51,0,0,0,0,0,0,0,0,0,0,0,0,0
IMG_1698,15/04/2024,Farm 1,section_N,section_n_4,14,19,1,double,79.2,58.21,3485.51,64.30363673,0.753862454,35.13,-8.11,6.92,80.24,55.87,87.02,0,0,0,0,0,0,0,0,0,0,0,0,0
IMG_1699,15/04/2024,Farm 1,section_N,section_n_4,15,19,1,double,90.27,65.78,4767.89,95.87681923,0.760122515,30.33,-8.32,8.66,79.2,76.6,77.12,0.93,38.04,0.66,1.36,-3.26,0.94,1.44,1.94,0.86,66.28,-14.6,14.44,20.53
IMG_1700,15/04/2024,Farm 1,section_N,section_n_4,16,19,1,double,96.82,64.32,4938.14,118.740059,0.763495617,37.85,-4.87,12.57,55.04,71.38,95.75,1.12,26.14,0.98,1.23,-3.09,0.98,1.23,-0.61,0.99,68.36,-9.07,14.82,17.37
IMG_1701,15/04/2024,Farm 1,section_N,section_n_4,17,19,1,double,86,56.25,3748.81,82.69111349,0.757797804,39.91,-4.23,10.89,56.09,61.02,99.59,0,0,0,0,0,0,0,0,0,0,0,0,0
IMG_1702,15/04/2024,Farm 1,section_N,section_n_4,18,19,1,double,79.3,59.16,3687.39,64.55185277,0.753922585,29.25,-9.39,6.43,85.55,81.75,74.19,0.92,35.17,0.71,1.27,-3.27,0.95,1.34,1.19,0.9,62.22,-15.19,9.81,18.08
IMG_1703,15/04/2024,Farm 1,section_N,section_n_4,19,19,1,double,56.35,46.17,2101.04,22.74446105,0.737815373,38.62,-0.79,12.02,33.28,68.03,97.48,0.86,37.99,0.62,1.32,-4.62,0.93,1.33,0.53,0.93,71.17,-5.67,16.55,17.49
IMG_1704,15/04/2024,Farm 1,section_N,section_n_4,20,19,1,double,70.43,62.34,3580.3,44.93875904,0.748290892,30.52,-5.77,8.82,61.87,61.62,75.32,0.84,34.32,0.69,1.16,-3.19,0.95,1.23,0.89,0.89,59.96,-9.9,11.75,15.37
IMG_1705,15/04/2024,Farm 1,section_N,section_n_4,21,19,1,double,79.57,63.71,4022.71,65.22525283,0.754084584,31.29,-6,9.85,75.31,92.41,81.86,0.84,37.62,0.63,1.29,-4.53,0.93,1.3,0.39,0.93,63.79,-12.26,13.23,18.03
IMG_1706,15/04/2024,Farm 1,section_N,section_n_4,22,19,1,double,67.85,61.83,3398.99,40.0991482,0.74652776,30.13,-11.11,5.19,95.19,98.11,77.22,0,0,0,0,0,0,0,0,0,0,0,0,0
IMG_1707,15/04/2024,Farm 2,section_N,section_n_5,1,31,1,single,86,70.74,4848.74,83.42724013,0.75793686,27.57,-10.46,13.38,71.22,103.86,71.16,0.91,30.28,0.77,1.09,-3.19,0.93,1.15,1.2,0.93,55.24,-14.53,16.61,22.07
IMG_1708,15/04/2024,Farm 2,section_N,section_n_5,2,31,1,single,87,71.23,4885.5,86.44606456,0.75849483,27.84,-10.23,13.17,69.45,100.92,71.66,0.77,29.6,0.74,0.96,-0.88,0.79,1.01,0.14,0.9,50.95,-10.73,13.48,17.23
IMG_1709,15/04/2024,Farm 2,section_N,section_n_5,3,31,1,single,91,72.73,5226.98,97.90159691,0.76045146,27.57,-3.43,9.5,45.91,66.76,67.96,1.06,24.93,0.98,1.16,-3.02,0.98,1.16,-0.59,0.99,54.24,-7.02,10.45,12.59
IMG_1710,15/04/2024,Farm 2,section_N,section_n_5,4,31,1,single,88,72.13,5062.58,88.08981838,0.758790673,23.56,-2.78,15.53,40.97,121.11,62.1,1.14,26.58,0.98,1.26,-2.9,0.98,1.26,-0.45,0.99,53.52,-6.4,19.1,20.15
IMG_1711,15/04/2024,Farm 2,section_N,section_n_5,5,31,1,single,97,81.02,6447.37,117.657502,0.763350861,30.72,-5.63,13.92,48.65,87.53,76.15,1.04,25.51,0.98,1.14,-3.12,0.98,1.14,-0.75,0.99,57.35,-9.52,15.07,17.82
IMG_1712,15/04/2024,Farm 2,section_N,section_n_5,6,31,1,single,99,81.93,6396.6,125.1822833,0.764331197,29.74,-3.79,18.86,40.8,120.67,75.57,0.88,32.74,0.78,1.15,-3.22,0.95,1.19,0.3,0.93,58.91,-7.58,22.72,23.95
IMG_1713,15/04/2024,Farm 2,section_N,section_n_5,7,31,1,single,92,72.42,5244.85,101.2949174,0.760988083,29.18,-6.99,14.12,52.57,94.06,73.19,1.03,25.28,0.98,1.12,-3.07,0.98,1.12,-0.7,0.98,55.25,-10.92,15.18,18.7
IMG_1714,15/04/2024,Farm 2,section_N,section_n_5,8,31,1,single,98,78.64,6193.32,123.4060764,0.764105099,27.24,-7.47,16.71,51.15,118.79,69.23,0.89,32.25,0.78,1.16,-3.15,0.95,1.21,-0.16,0.93,56.46,-11.82,19.99,23.22
IMG_1715,15/04/2024,Farm 2,section_N,section_n_5,9,31,1,single,101,76.43,6248.74,136.2018127,0.765667366,24.99,-1.79,12.34,41.31,93.7,65.42,1.13,26.92,0.98,1.25,-2.87,0.98,1.25,-0.49,0.99,55.2,-5.12,14.97,15.82
IMG_1716,15/04/2024,Farm 2,section_N,section_n_5,10,31,1,single,109,76.41,6644.47,172.2233328,0.76939603,28.48,-5.1,18.06,50.26,124.01,72.32,0.84,30.91,0.72,1.02,-4.71,0.91,1.06,3.27,0.9,54.78,-9.89,22.43,24.51
IMG_1717,15/04/2024,Farm 2,section_N,section_n_5,11,31,1,single,89,77.22,5396.94,91.22042472,0.759339462,28.69,-9.16,14.07,59.68,95.43,72.23,0.89,32.43,0.77,1.16,-3.26,0.95,1.21,0.15,0.92,57.83,-13.91,17.18,22.11
IMG_1718,15/04/2024,Farm 2,section_N,section_n_5,12,31,1,single,88,69.69,4844.79,87.23490261,0.758637486,21.85,-1.62,11.64,40.97,98.92,57.94,0.87,33.37,0.75,1.17,-3.25,0.95,1.22,0.21,0.91,52.36,-5.13,14.4,15.28
IMG_1719,15/04/2024,Farm 2,section_N,section_n_5,13,31,1,single,102,83.96,6718.51,140.2242969,0.766128871,32.6,-5.35,11.03,53.34,69.97,80.47,0.86,33.21,0.75,1.15,-3.2,0.95,1.2,0.13,0.91,61.35,-9.38,13.42,16.37
IMG_1720,15/04/2024,Farm 2,section_N,section_n_5,14,31,1,single,89,74.04,5344.05,92.86100804,0.759619731,29.32,-7.29,14.71,54.59,99.87,74.68,1.03,25.18,0.98,1.13,-2.85,0.98,1.14,-1.16,0.99,55.42,-11.09,15.55,19.1
IMG_1721,15/04/2024,Farm 2,section_N,section_n_5,15,31,1,single,98,71.63,5509.27,121.913503,0.763912628,24.75,-6.71,12.84,53.45,96.63,62.48,1.03,24.41,0.98,1.14,-2.77,0.98,1.14,-1.02,0.99,50.01,-10.39,13.58,17.1
IMG_1722,15/04/2024,Farm 2,section_N,section_n_5,16,31,1,single,89,75.1,5234.04,91.62872787,0.759409673,25.84,-3.75,18.7,41.97,136.07,67.52,0.89,29.21,0.77,1.06,-3.93,0.91,1.09,2.39,0.91,52.22,-7.92,22.7,24.04
IMG_1723,15/04/2024,Farm 2,section_N,section_n_5,17,31,1,single,86,76.47,5152.32,82.77921712,0.757814511,31.53,-6.83,12.56,53.83,78.64,78.29,1.04,25.39,0.98,1.13,-2.92,0.98,1.14,-1.06,0.99,58.02,-10.66,13.25,17.01
IMG_1724,15/04/2024,Farm 2,section_N,section_n_5,18,31,1,single,96,75.19,5708.28,114.3766461,0.762904054,21.9,-10.5,9.08,83.25,94.1,57.45,0.89,32.01,0.78,1.17,-3.06,0.95,1.22,-0.03,0.93,51.54,-15.31,11.01,18.85
IMG_1726,15/04/2024,Farm 1,section_N,section_n_6,1,19,1,single,64.12,52.22,2758.21,33.74111962,0.743864367,27.92,-1.46,7.88,40.16,58.22,69.57,0.9,32.65,0.76,1.18,-3.15,0.95,1.24,0.35,0.92,57.66,-4.87,10.1,11.21
IMG_1727,15/04/2024,Farm 1,section_N,section_n_6,2,19,1,single,66.71,57.1,2981.01,38.07736137,0.745728609,31.94,-4.61,10.43,55.27,65.65,79.21,0.92,31.35,0.8,1.18,-3.13,0.96,1.22,0.14,0.94,60.83,-8.57,12.85,15.44
IMG_1728,15/04/2024,Farm 1,section_N,section_n_6,3,19,1,single,68.56,54.77,2947.84,41.39411274,0.747019143,33.58,-2.86,9.06,49.63,56.95,82.72,0.8,36.63,0.65,1.18,-3.49,0.93,1.24,1.5,0.85,63.46,-6.87,12.74,14.48
IMG_1729,15/04/2024,Farm 1,section_N,section_n_6,4,19,1,single,69.2,51.91,2879.26,42.58524521,0.747458012,30.84,-9.46,7.58,81.34,70.67,77.49,0.91,31.97,0.78,1.19,-3.27,0.96,1.23,-0.05,0.93,60.1,-14.48,9.29,17.2
IMG_1730,15/04/2024,Farm 1,section_N,section_n_6,5,19,1,single,77.11,67.06,4069.02,59.26169835,0.752589168,27.33,-11.71,8.84,83.81,88.28,70.06,1.15,34.12,0.8,1.51,-3.31,0.97,1.57,1.17,0.91,65.51,-21,15.07,25.85
IMG_1731,15/04/2024,Farm 1,section_N,section_n_6,6,19,1,single,67.16,55.46,2923.66,38.86703807,0.74604558,35.02,-5.52,14.16,50.94,82.94,88.17,1.19,27.61,0.98,1.32,-2.86,0.98,1.32,-0.34,0.99,69.34,-10.16,18.4,21.02
IMG_1732,15/04/2024,Farm 1,section_N,section_n_6,7,19,1,single,75.36,61.88,3536.07,55.25023884,0.7514979,33.66,-4.08,11.11,57.06,68.7,85.39,0.99,32.67,0.82,1.28,-3.18,0.96,1.32,0.1,0.94,66.08,-8.4,14.75,16.98
IMG_1733,15/04/2024,Farm 1,section_N,section_n_6,8,19,1,single,65.41,54.34,2900.51,35.85681382,0.744801533,26,-1.89,11.04,38.36,83.21,65.99,1.11,26.57,0.98,1.24,-2.93,0.98,1.24,-0.74,0.99,55.53,-5.28,12.95,13.99
IMG_1734,15/04/2024,Farm 1,section_N,section_n_6,9,19,1,single,67.56,57.71,3090.98,39.57815383,0.746325667,30.08,-7.36,8.94,73.28,66.84,75.66,1.12,26.43,0.98,1.24,-2.86,0.98,1.24,-0.7,0.99,60.03,-11.99,10.38,15.86
IMG_1735,15/04/2024,Farm 1,section_N,section_n_6,10,19,1,single,66.59,53.38,2849.26,37.86861853,0.745643745,35.99,-3.5,15,40.7,82.13,89.73,1.1,26.28,0.98,1.23,-2.93,0.98,1.23,-0.65,0.99,66.04,-7.24,17.75,19.17
IMG_1736,15/04/2024,Farm 1,section_N,section_n_6,11,19,1,single,68.96,54.66,3018.91,42.13590653,0.747293884,28.05,-6.04,6.84,71.31,52.8,69.37,1.12,25.11,0.99,1.21,-2.75,0.98,1.21,-0.53,0.99,56.39,-10.03,7.71,12.65
IMG_1737,15/04/2024,Farm 1,section_N,section_n_6,12,19,1,single,65.26,51.27,2653.55,35.60634558,0.744693455,30.23,-6.69,8.15,72.85,61.63,75.34,0.91,33.85,0.76,1.21,-2.99,0.95,1.26,0.42,0.92,61.32,-11.09,10.7,15.41
IMG_1738,15/04/2024,Farm 1,section_N,section_n_6,13,19,1,single,65.66,50.06,2618.64,36.2768892,0.74498115,38.06,-2.92,11.81,42.22,64.94,94.3,0.96,33.68,0.79,1.27,-3.31,0.95,1.32,0.23,0.92,70.17,-7.03,15.81,17.3
IMG_1739,15/04/2024,Farm 1,section_N,section_n_6,14,19,1,single,72.02,57.48,3353.78,48.10865942,0.749347576,36.96,-5.66,7.21,72.12,47.86,91.2,1.11,26.59,0.98,1.24,-2.99,0.98,1.24,-0.65,0.99,67.78,-10.01,8.28,12.99
IMG_1740,15/04/2024,Farm 1,section_N,section_n_6,15,19,1,single,64.98,53.11,2823.27,35.1419578,0.744491083,21.24,-5.55,8.09,64.19,76.41,54,0,0,0,0,0,0,0,0,0,0,0,0,0
IMG_1741,15/04/2024,Farm 1,section_N,section_n_6,16,19,1,single,67.25,52.56,2793.85,39.02628362,0.746108736,33.37,-4.56,9.46,54.29,58.13,82.14,0.98,21.37,0.98,0.99,-2.86,0.96,1.01,-0.55,0.99,54.16,-7.36,9.01,11.64
IMG_1742,15/04/2024,Farm 1,section_N,section_n_6,17,19,1,single,54.32,49.42,2166.16,20.33411692,0.736106244,32.54,-4.9,10.26,56.42,65.78,80.7,1.09,25.99,0.98,1.2,-2.9,0.98,1.2,-0.83,0.99,61.36,-8.77,11.52,14.48
IMG_1743,15/04/2024,Farm 1,section_N,section_n_6,18,19,1,single,64.37,52.89,2775.39,34.14439332,0.74404736,28.24,-2.82,8.03,57.65,59.59,71.19,0.87,36.38,0.69,1.24,-3.32,0.94,1.31,1.16,0.88,61.05,-6.81,11.7,13.54
IMG_1744,15/04/2024,Farm 1,section_N,section_n_6,19,19,1,single,72.02,55.5,3229.97,48.10865942,0.749347576,32.72,-3.67,9.05,50.17,55,79.92,1.1,26.24,0.98,1.21,-2.91,0.98,1.22,-0.68,0.99,62.23,-7.36,10.34,12.69
IMG_1745,15/04/2024,Farm 1,section_N,section_n_6,20,19,1,single,63.87,51.82,2692.97,33.34106138,0.743680705,29.7,-2.47,7.81,45.03,52.22,72.64,0.99,32.07,0.8,1.26,-3.88,0.95,1.27,1.99,0.92,61.45,-6.99,11.94,13.84
IMG_1746,15/04/2024,Farm 1,section_N,section_n_6,21,19,1,single,55.64,40.24,1747.36,21.88075163,0.737224255,31.9,-3.61,14.91,43.09,91.49,80.7,1.11,26.3,0.98,1.23,-2.89,0.98,1.23,-0.63,0.99,61.77,-7.34,17.76,19.21
IMG_1748,15/04/2024,Farm 1,section_N,section_n_7,1,19,1,single,68.09,50.99,2787.62,40.53378788,0.746694398,30.75,-3.79,9.84,52.46,64.07,76.76,1.12,26.93,0.98,1.26,-2.93,0.98,1.26,-0.68,0.99,61.42,-7.7,11.71,14.01
IMG_1749,15/04/2024,Farm 1,section_N,section_n_7,2,19,1,single,41.88,33.2,1102.58,9.190852953,0.724103651,26.45,-2.26,13.89,38.99,98.32,67.86,1.29,29.96,0.97,1.5,-2.58,0.99,1.5,-0.93,0.99,64.1,-5.98,19.93,20.81
IMG_1750,15/04/2024,Farm 1,section_N,section_n_7,3,19,1,single,76.3,65.8,4011.43,57.38145658,0.752086982,31.58,-9.69,16.03,57.66,100.01,79.71,1.15,26.45,0.98,1.26,-3.11,0.98,1.26,-0.42,0.99,62.85,-15.36,19.73,25
IMG_1751,15/04/2024,Farm 1,section_N,section_n_7,4,19,1,single,59.59,48.06,2359.84,26.97776429,0.740427269,36.16,-5.19,20.29,42.51,108.44,91.13,1.03,23.39,0.98,1.11,-2.17,0.98,1.12,-1.19,0.99,60.61,-7.95,21.54,22.96
IMG_1752,15/04/2024,Farm 1,section_N,section_n_7,5,19,1,single,61.92,51.16,2527.82,30.32948189,0.742224575,30.62,-8.28,8.8,76.12,75.07,77.74,1.09,24.62,0.98,1.18,-2.92,0.98,1.18,-0.92,0.99,57.89,-12.67,9.44,15.8
IMG_1753,15/04/2024,Farm 1,section_N,section_n_7,6,19,1,single,57.12,46.1,2085.84,23.70675547,0.73844861,22.58,-4.64,5.64,72.38,54.96,57.03,1.06,24.32,0.98,1.15,-2.67,0.98,1.16,-1.16,0.99,48.33,-8.01,5.38,9.65
IMG_1754,15/04/2024,Farm 1,section_N,section_n_7,7,19,1,single,78.6,60.38,3749.47,62.82780621,0.75350017,24.19,-7.72,8.72,73.25,72.32,61.42,1.06,24.2,0.98,1.15,-2.73,0.98,1.15,-0.94,0.99,49.88,-11.58,9.08,14.72
IMG_1755,15/04/2024,Farm 1,section_N,section_n_7,8,19,1,single,66.84,56.46,3032.37,38.30437111,0.745820384,32.47,-10.42,11.59,68.47,76.9,81.4,1.13,25.63,0.98,1.23,-2.84,0.98,1.23,-0.52,0.99,62.25,-15.65,13.68,20.79
IMG_1757,15/04/2024,Farm 1,section_N,section_n_7,10,19,1,single,67.9,56.17,3057.99,40.18943838,0.746562521,26.44,-7.75,11.42,63.47,87.32,68.1,1.12,25.38,0.98,1.22,-2.72,0.98,1.22,-0.9,0.99,54.95,-12.16,13.03,17.82
IMG_1758,15/04/2024,Farm 1,section_N,section_n_7,11,19,1,single,62.01,46.16,2238.12,30.46427916,0.74229272,26.24,-1.43,5.8,53.99,47.72,65.35,1.01,21.64,0.98,1.04,-2.52,0.97,1.06,-0.89,0.99,48.2,-4.01,5.24,6.6
IMG_1759,15/04/2024,Farm 1,section_N,section_n_7,12,19,1,single,62.92,48.84,2343.11,31.84993226,0.74297659,26.39,-3.44,7.92,53.57,59.5,65.56,1.04,23.54,0.98,1.12,-2.74,0.98,1.12,-0.99,0.99,50.98,-6.59,7.87,10.26
IMG_1760,15/04/2024,Farm 1,section_N,section_n_7,13,19,1,single,62.13,42.97,2146.74,30.64463476,0.742383437,35.7,-2.97,15.1,47.45,88.32,92.69,1.04,23.58,0.98,1.11,-2.66,0.98,1.12,-1.09,0.99,60.63,-5.97,15.8,16.89
IMG_1761,15/04/2024,Farm 1,section_N,section_n_7,14,19,1,single,58.82,49.05,2288.02,25.92748016,0.739818815,23.61,-7.1,6.57,84.61,89.03,61.77,1.05,23.8,0.98,1.13,-2.67,0.98,1.13,-1.03,0.99,48.59,-10.67,6.41,12.45
IMG_1762,15/04/2024,Farm 1,section_N,section_n_7,15,19,1,single,72.4,61.9,3594.22,48.88788075,0.74959688,28.2,-9.38,9.1,76.69,81.6,71.77,1.01,21.83,0.98,1.03,-2.89,0.96,1.05,-0.75,0.99,50.41,-12.57,8.77,15.33
IMG_1763,15/04/2024,Farm 1,section_N,section_n_7,16,19,1,single,71.63,58.35,3303.54,47.3176622,0.749090427,27.68,-5.49,9.1,58.49,69.48,68.81,1.04,23.47,0.98,1.12,-2.84,0.98,1.12,-1.07,0.99,52.24,-8.99,9.12,12.81
IMG_1764,15/04/2024,Farm 1,section_N,section_n_7,17,19,1,single,60.78,52.42,2553.89,28.65661028,0.741353273,32.29,-6.32,13.01,51.52,78.63,79.61,1.1,25.1,0.98,1.19,-2.72,0.98,1.2,-0.91,0.99,60.56,-10.27,14.66,17.9
IMG_1765,15/04/2024,Farm 1,section_N,section_n_7,18,19,1,single,65.59,55.9,2891.74,36.15893634,0.744930922,30.74,-8.03,6.66,80.18,60.08,76.39,1.03,23.29,0.98,1.11,-2.66,0.98,1.11,-1.01,0.99,54.95,-11.53,6.37,13.17
IMG_1766,15/04/2024,Farm 1,section_N,section_n_7,19,19,1,single,74.74,58.55,3440.25,53.87407969,0.751105577,24.13,-9.86,14.55,59.8,112.29,62.09,1.08,24.55,0.98,1.17,-2.73,0.98,1.17,-0.87,0.99,50.71,-14.27,16.22,21.6
IMG_1767,15/04/2024,Farm 1,section_N,section_n_7,20,19,1,single,79.04,61.25,3863,63.90782741,0.753766097,28.4,-8.88,8.08,80.91,69.91,71.6,1.07,24.54,0.98,1.16,-2.78,0.98,1.16,-0.87,0.99,54.98,-13.09,8.52,15.62
IMG_1768,15/04/2024,Farm 1,section_N,section_n_7,21,19,1,single,72.15,57.04,3250.68,48.37428794,0.749433003,24.12,-10.43,14.94,60.86,115.04,61.92,1.08,24.86,0.98,1.18,-2.75,0.98,1.18,-0.86,0.99,51.02,-15.01,16.79,22.52
IMG_1769,15/04/2024,Farm 1,section_N,section_n_7,22,19,1,single,81.19,61.01,3940.81,69.36510981,0.755045896,26.15,-6.36,7.33,74.73,65.72,65.91,1.04,23.35,0.98,1.11,-2.79,0.98,1.11,-0.92,0.99,50.51,-9.87,7.26,12.25
IMG_1772,15/04/2024,Farm 1,section_N,section_n_8,1,19,1,double,82.11,55.8,3586.65,71.79298223,0.755583856,38.8,-4.85,9.94,52.82,52.87,94.73,1.03,37.45,0.64,1.49,-3.73,0.95,1.53,3.43,0.78,77.47,-10.96,18.65,21.64
IMG_1773,15/04/2024,Farm 1,section_N,section_n_8,2,19,1,double,89.55,73.94,5206.12,93.56103216,0.759737846,27.45,-8.67,5.91,86.37,93.3,70.53,1.15,26.59,0.98,1.26,-2.83,0.98,1.27,-0.69,0.99,58.05,-13.79,6.79,15.37
IMG_1774,15/04/2024,Farm 1,section_N,section_n_8,3,19,1,double,80.66,70.46,4592.91,67.99183471,0.754733385,36.84,-4.6,7.6,60.52,46.13,90.23,0.82,37.14,0.64,1.21,-3.22,0.93,1.29,1.37,0.85,67.22,-8.78,11.15,14.2
IMG_1775,15/04/2024,Farm 1,section_N,section_n_8,4,19,1,double,88.51,68.31,4679.64,90.28286002,0.759177068,32.61,-9.33,7.72,85.3,98.68,84.53,1.03,24.02,0.98,1.13,-2.74,0.98,1.12,-0.74,0.99,57.56,-13.27,7.89,15.44
IMG_1776,15/04/2024,Farm 1,section_N,section_n_8,5,19,1,double,91.25,77.04,5544.24,99.09036639,0.760641498,33.2,-8.48,7.18,81.58,68.33,83.38,1.23,28.61,0.98,1.38,-2.82,0.98,1.37,-0.61,0.99,69.29,-14.48,9.26,17.19
IMG_1777,15/04/2024,Farm 1,section_N,section_n_8,6,19,1,double,89.14,67.8,4821.29,92.25928352,0.759517503,37.34,-7.32,7.54,77.75,52.44,92.43,0.74,36.5,0.58,1.05,-3.38,0.89,1.14,2.36,0.82,64.25,-11.09,10.92,15.56
IMG_1778,15/04/2024,Farm 1,section_N,section_n_8,7,19,1,double,101.32,55.62,4301.03,136.4072356,0.765691256,37.36,-6.63,5.3,81.89,44.95,91.83,1.05,24.41,0.98,1.14,-2.84,0.98,1.14,-0.93,0.99,63.5,-10.4,5.13,11.59
IMG_1779,15/04/2024,Farm 1,section_N,section_n_8,8,19,1,double,81.16,59.88,3870.52,69.2868837,0.755028257,30.9,-5.91,7.75,67.15,60.82,76.74,1.05,24.31,0.98,1.14,-2.83,0.98,1.14,-0.89,0.99,56.79,-9.56,7.98,12.45
IMG_1780,15/04/2024,Farm 1,section_N,section_n_8,9,19,1,double,91.25,66.34,4778.9,99.09036639,0.760641498,35.52,-8.8,8.06,83.31,75.84,90.1,1.05,24.52,0.98,1.15,-2.28,0.98,1.15,-0.89,0.99,61.83,-12.42,8.36,14.98
IMG_1781,15/04/2024,Farm 1,section_N,section_n_8,10,19,1,double,62.29,56.65,2861.63,30.88622392,0.742504138,34.48,-6.57,6.72,74.77,47.49,84.77,1.11,25.86,0.98,1.22,-2.79,0.98,1.22,-0.77,0.99,64.01,-10.83,7.44,13.14
IMG_1782,15/04/2024,Farm 1,section_N,section_n_8,11,19,1,double,80.98,71.37,4529.04,68.81877255,0.7549223,34.71,-7.14,6.63,84.12,58.26,86.72,1.24,28.87,0.98,1.39,-2.92,0.98,1.4,-0.51,0.99,71.99,-12.86,8.74,15.55
IMG_1783,15/04/2024,Farm 1,section_N,section_n_8,12,19,1,double,86.92,69.2,4710.03,85.42176424,0.758307677,38.44,-4.75,13.04,47.54,70.22,95.62,1.22,31.06,0.83,1.4,-2.3,0.98,1.45,1.9,0.9,77.92,-8.95,20.8,22.65
IMG_1784,15/04/2024,Farm 1,section_N,section_n_8,13,19,1,double,78.11,61.19,3867.55,61.63957808,0.753202377,29.03,-6.65,5.25,89.89,54.3,72.47,0.85,32.97,0.69,1.08,-3.4,0.91,1.15,1.63,0.89,57.54,-10.58,7.68,13.07
IMG_1785,15/04/2024,Farm 1,section_N,section_n_8,14,19,1,double,93.91,60.67,4450.69,108.1763546,0.762024283,30.69,-7.92,5.66,90.74,72.13,77.64,0.96,21.24,0.98,0.98,-3.19,0.96,1,-0.73,0.99,50.81,-10.95,4.94,12.01
IMG_1786,15/04/2024,Farm 1,section_N,section_n_8,15,19,1,double,76.34,68.07,4181.19,57.47335275,0.752111898,28.97,-5.33,10.18,59.25,72.78,73.21,0.74,33.76,0.63,0.97,-3.7,0.9,1.05,1.94,0.87,55.28,-8.89,12.66,15.47
IMG_1787,15/04/2024,Farm 1,section_N,section_n_8,16,19,1,double,90,67.07,4857.79,94.42499182,0.759882435,25.67,-10.05,4.86,95.09,83.83,65.61,1.24,28.76,0.98,1.39,-3.05,0.98,1.39,-0.31,0.99,60.62,-17.03,6.43,18.2
IMG_1788,15/04/2024,Farm 1,section_N,section_n_8,17,19,1,double,66,61.71,3261.21,37.35013104,0.745430957,37.83,-4.64,8.11,57.8,45.05,92.06,1.06,24.59,0.98,1.15,-2.74,0.98,1.16,-0.97,0.99,64.65,-8.1,8.43,11.69
IMG_1789,15/04/2024,Farm 1,section_N,section_n_8,18,19,1,double,73,59.35,3405.64,49.98879914,0.749942553,27.8,-9.98,6.82,87.58,79.01,70.63,1.06,24.46,0.98,1.15,-2.73,0.98,1.16,-0.86,0.99,54.04,-14.23,7.04,15.87
IMG_1790,15/04/2024,Farm 1,section_N,section_n_8,19,19,1,double,78,58.87,3709.74,61.42298808,0.75314749,33.43,-6.64,10.47,60.58,65.35,82.8,0.94,35.6,0.67,1.3,-3.56,0.94,1.36,2.08,0.87,66.89,-12.18,16.32,20.36
IMG_1791,15/04/2024,Farm 1,section_N,section_n_8,20,19,1,double,86,62.75,4242.48,81.66789257,0.757602488,37.15,-4.41,9.63,55,55.74,91.5,1.09,25.52,0.98,1.22,-2.51,0.98,1.2,-0.8,0.99,65.86,-7.87,10.77,13.34
IMG_1792,15/04/2024,Farm 1,section_N,section_n_8,21,19,1,double,79,73.54,4587.45,63.21910931,0.753597032,36.01,-4.09,11.26,49.62,65.06,89.46,0.88,37.81,0.65,1.3,-3.54,0.94,1.37,2.24,0.85,69.36,-8.83,17.63,19.72
IMG_1793,15/04/2024,Farm 1,section_N,section_n_8,22,19,1,double,75,71.53,4237.88,53.69820792,0.751054732,30.63,-5.61,6.77,70.96,51.26,75.66,1.16,27.02,0.98,1.28,-4.27,0.98,1.25,1.03,0.99,62.4,-11.47,9.49,14.89
IMG_1795,15/04/2024,Farm 2,section_C,section_c_9,1,31,1,double,115,83.47,7431.17,199.2617991,0.771722375,36.07,-2.85,12.39,42.56,71.13,89.92,1.17,24.41,0.96,1.21,-2.4,0.98,1.22,-0.63,0.99,66.58,-5.86,14.45,15.59
IMG_1796,15/04/2024,Farm 2,section_C,section_c_9,2,31,1,double,107,93.63,7683.45,159.1564258,0.768140213,38.62,-2.72,11.75,44.15,64.73,96.42,1.18,24.39,0.97,1.22,-2.47,0.98,1.22,-0.54,0.99,70.04,-5.8,13.82,14.99
IMG_1797,15/04/2024,Farm 2,section_C,section_c_9,3,31,1,double,131,91.26,9332.49,302.0298354,0.778395923,36.98,-0.23,16.42,34.77,94.76,96.64,1.3,26.61,0.96,1.35,-2.5,0.98,1.35,-0.02,0.99,74.61,-2.81,22.06,22.24
IMG_1798,15/04/2024,Farm 2,section_C,section_c_9,4,31,1,double,125,113.69,11413.11,258.452291,0.775889018,34.86,-5.3,10.17,56.24,63.39,86.08,1.26,25.96,0.97,1.32,-2.46,0.98,1.32,-0.35,0.99,70.03,-9.48,13.03,16.12
IMG_1799,15/04/2024,Farm 2,section_C,section_c_9,5,31,1,double,101,79.71,6384.93,134.8512365,0.765509415,27.37,-4.54,11.51,52.21,83.51,69.78,1.15,23.79,0.97,1.19,-2.28,0.98,1.19,-0.82,0.99,55.33,-7.7,12.92,15.04
IMG_1800,15/04/2024,Farm 2,section_C,section_c_9,6,31,1,double,101,79.41,6442.36,134.9736423,0.765523794,34.21,-1.97,13.62,38.12,80.75,86.37,1.08,29.4,0.82,1.27,-3.35,0.97,1.26,-0.55,0.93,66.25,-5.86,16.68,17.68
IMG_1801,15/04/2024,Farm 2,section_C,section_c_9,7,31,1,double,129,89.19,9114.69,283.4178464,0.777371628,33,-3.77,10.66,48.23,66.75,82.16,1.08,22.07,0.96,1.11,-2.47,0.98,1.1,-0.66,0.99,57.64,-6.67,11.1,12.95
IMG_1802,15/04/2024,Farm 2,section_C,section_c_9,8,31,1,double,120,93.39,9018.39,230.9448505,0.774083509,25.95,-5.35,10.46,56.62,79.47,65.17,1.26,25.49,0.97,1.3,-2.32,0.98,1.31,-0.65,0.99,58.06,-9.29,13.02,16
IMG_1803,15/04/2024,Farm 2,section_C,section_c_9,9,31,1,double,103,81.57,6821.75,144.3686059,0.766590987,30.64,-6.27,8.81,64.03,62.82,75.86,1.17,24.18,0.97,1.22,-2.32,0.98,1.22,-0.78,0.99,60.16,-9.95,9.93,14.06
IMG_1804,15/04/2024,Farm 2,section_C,section_c_9,10,31,1,double,111,90.66,8153.88,178.3044985,0.769948964,30.45,-4.35,11.1,49.9,72.97,75.66,1.17,24.12,0.97,1.22,-2.57,0.98,1.22,-0.68,0.99,59.86,-7.87,12.82,15.04
IMG_1805,15/04/2024,Farm 2,section_C,section_c_9,11,31,1,double,107,76.81,6757.67,159.9328621,0.768217609,27.78,-6.64,10.59,63.14,78.64,69.75,1.15,23.04,0.97,1.19,-2.01,0.98,1.18,-1.11,0.99,54.95,-9.9,11.43,15.12
IMG_1806,15/04/2024,Farm 2,section_C,section_c_9,12,31,1,double,112,87.72,7669.52,183.5731136,0.770413284,29.34,-3.4,10.27,53.64,70.38,73.88,1.18,24.23,0.97,1.22,-2.22,0.98,1.23,-0.82,0.99,58.96,-6.38,11.78,13.39
IMG_1807,15/04/2024,Farm 2,section_C,section_c_9,13,31,1,double,113,81.01,7488.27,187.974785,0.770791302,31.31,-6.77,9.6,64.1,63.15,77.56,1.13,27.78,0.87,1.27,-2.97,0.98,1.28,-0.66,0.95,63.32,-11.58,11.58,16.38
IMG_1808,15/04/2024,Farm 2,section_C,section_c_9,14,31,1,double,113,87.84,7987.34,191.8258308,0.771114989,32.84,-7.41,10.28,64.89,69.85,81.64,1.18,24.3,0.97,1.22,-2.44,0.98,1.22,-0.65,0.99,63.12,-11.47,11.9,16.53
IMG_1809,15/04/2024,Farm 2,section_C,section_c_9,15,31,1,double,113,79.99,7016.21,189.6627757,0.770933972,30.87,-4.19,12.03,47.63,76.14,76.6,1.18,24.42,0.97,1.23,-2.28,0.98,1.23,-0.87,0.99,60.93,-7.43,13.91,15.77
IMG_1810,15/04/2024,Farm 2,section_C,section_c_9,16,31,1,double,106,80.7,6822.91,154.9089051,0.767710162,28.76,-7.71,9.43,70.27,73.02,72.03,1.14,23.14,0.97,1.18,-1.88,0.98,1.17,-0.87,0.99,55.85,-10.95,10.17,14.95
IMG_1811,15/04/2024,Farm 2,section_C,section_c_9,17,31,1,double,110,91.79,8057.04,176.5874557,0.769794735,30.02,-4.46,9.51,52.36,63.1,74.19,1.17,24.08,0.97,1.21,-2.43,0.98,1.21,-0.86,0.99,59.24,-7.84,10.68,13.24
IMG_1812,15/04/2024,Farm 2,section_C,section_c_9,18,31,1,double,116,91.21,8414.95,203.5352164,0.77206147,30.37,-3.94,9.78,52.2,64.61,75.01,1.13,23.3,0.97,1.17,-2.41,0.98,1.17,-0.89,0.99,57.67,-7.03,10.55,12.68
IMG_1813,15/04/2024,Farm 2,section_C,section_c_9,19,31,1,double,105,75.81,6465.86,150.0798312,0.767206974,33.31,-6.15,8.38,64.46,56.96,81.82,1.18,24.37,0.97,1.23,-2.5,0.98,1.22,-0.62,0.99,63.8,-10.06,9.63,13.93
IMG_1814,15/04/2024,Farm 2,section_C,section_c_9,20,31,1,double,110,86.58,7662.31,175.8549971,0.769728496,32.9,-2.18,12.51,37.2,77.22,82.24,1.18,24.47,0.97,1.23,-2.33,0.98,1.23,-0.75,0.99,63.34,-5.01,14.6,15.43
IMG_1816,15/04/2024,Farm 2,section_C,section_c_10,1,31,1,double,112,80.41,6934.51,186.0435875,0.770626529,35.82,-2.54,11.18,40.96,64.94,88.66,1.03,27.97,0.82,1.2,-3.29,0.97,1.19,-0.79,0.94,64.7,-6.33,12.49,14
IMG_1817,15/04/2024,Farm 2,section_C,section_c_10,2,31,1,double,109,80.5,7019.74,168.7372823,0.769070372,30.28,-4.74,10.05,57.88,71.71,76.4,1.13,23.5,0.97,1.17,-2.49,0.98,1.16,-0.43,0.99,57.75,-8.04,11.27,13.84
IMG_1819,15/04/2024,Farm 2,section_C,section_c_10,3,31,1,double,109,77,6555.93,170.7370979,0.769257987,28.12,-5.21,9.09,63.16,75.44,71.02,1.16,23.86,0.97,1.2,-2.34,0.98,1.2,-0.99,0.99,56.49,-8.59,9.94,13.14
IMG_1820,15/04/2024,Farm 2,section_C,section_c_10,4,31,1,double,103,78.07,6644.61,141.4843475,0.766270774,34.51,-4.24,10.01,49.83,58.79,84.42,1.1,22.66,0.97,1.14,-2.53,0.98,1.13,-0.82,0.99,60.55,-7.34,10.48,12.8
IMG_1821,15/04/2024,Farm 2,section_C,section_c_10,5,31,1,double,111,77.75,6861.53,181.0253349,0.770190403,35.98,-6.39,8.36,66.8,53.34,88.66,1.1,22.82,0.97,1.14,-2.46,0.98,1.13,-0.48,0.99,62.37,-9.73,8.96,13.23
IMG_1822,15/04/2024,Farm 2,section_C,section_c_10,6,31,1,double,104,53.93,4431.79,147.5086662,0.766932552,32.37,-6.12,8.7,63.21,55.81,79.73,1.1,22.79,0.97,1.13,-2.37,0.98,1.13,-0.9,0.99,58.34,-9.31,8.97,12.93
IMG_1823,15/04/2024,Farm 2,section_C,section_c_10,7,31,1,double,121,85.86,8063.71,235.5437587,0.774399565,28.67,-4.28,7.67,63.86,58.43,71.04,1.05,21.08,0.97,1.08,-1.62,0.98,1.08,-1.29,0.99,51.13,-6.25,6.99,9.37
IMG_1824,15/04/2024,Farm 2,section_C,section_c_10,8,31,1,double,102,80.26,6523.98,139.0134426,0.765991327,31.1,-7.55,10.49,64.07,70.09,77.38,1.05,21.13,0.97,1.08,-1.61,0.98,1.08,-1.1,0.99,53.74,-9.74,10.22,14.12
IMG_1825,15/04/2024,Farm 2,section_C,section_c_10,9,31,1,double,83,69.56,4651.33,74.90735539,0.756248421,31.06,-3.54,9.51,51.09,61.44,76.58,1.03,28.5,0.81,1.22,-3.38,0.97,1.21,-0.56,0.94,60.42,-7.7,10.91,13.35
IMG_1826,15/04/2024,Farm 2,section_C,section_c_10,10,31,1,double,94,76.67,5605.16,106.9850003,0.761849596,33.51,-2.03,11.37,37.42,69.72,83.41,1.11,22.96,0.97,1.14,-2.44,0.98,1.15,-0.91,0.99,60.04,-4.77,12.11,13.01
IMG_1827,15/04/2024,Farm 2,section_C,section_c_10,11,31,1,double,92,74.79,5471.45,103.1911143,0.761280332,31.51,-7.78,8.88,70.35,66.43,78.69,0.96,28.82,0.77,1.18,-3.03,0.96,1.15,-0.24,0.93,59.15,-12.24,10,15.81
IMG_1828,15/04/2024,Farm 2,section_C,section_c_10,12,31,1,double,91,80.35,5933.98,98.6930376,0.76057823,27.19,-5.7,9.99,59.88,75.72,68.9,1.13,23.2,0.97,1.16,-2.36,0.98,1.17,-0.77,0.99,53.93,-9,10.88,14.12
IMG_1829,15/04/2024,Farm 2,section_C,section_c_10,13,31,1,double,102,83.99,6741.46,138.1824803,0.765896255,36.42,-1.47,13.09,37.55,76.08,92.49,1.13,23.39,0.97,1.17,-2.4,0.98,1.17,-0.42,0.99,64.72,-4.12,14.84,15.4
IMG_1830,15/04/2024,Farm 2,section_C,section_c_10,14,31,1,double,106,78.86,6802.62,156.1210337,0.767834053,26.56,-4.72,6.97,63.61,53.47,65.68,1.24,25.49,0.97,1.29,-2.36,0.98,1.29,-0.62,0.99,58.45,-8.46,8.41,11.93
IMG_1831,15/04/2024,Farm 2,section_C,section_c_10,15,31,1,double,95,74.53,5539.03,110.3360874,0.762336211,25.38,-3.8,8.66,50.27,66.75,62.84,1,27.52,0.81,1.18,-2.63,0.97,1.17,-0.65,0.93,52.96,-7.13,9.48,11.86
IMG_1832,15/04/2024,Farm 2,section_C,section_c_10,16,31,1,double,106,83.75,6958.93,157.6564697,0.767989644,32.4,-3.1,11.3,42.56,68.57,79.87,1.1,22.96,0.97,1.14,-2.48,0.98,1.14,-0.84,0.99,58.59,-6.01,12,13.42
IMG_1833,15/04/2024,Farm 2,section_C,section_c_10,17,31,1,double,95,82.17,6338.67,112.5246285,0.762646259,27.69,-5.66,8.15,70.01,72.88,70.23,1.1,22.39,0.97,1.14,-1.74,0.98,1.14,-0.96,0.99,52.9,-8.18,8.29,11.65
IMG_1835,15/04/2024,Farm 2,section_C,section_c_11,1,31,1,double,98.92,92.16,7237.24,126.7798443,0.764531887,37.24,-0.32,11.7,34.56,69.99,94.5,1.35,25.95,0.97,1.39,-2.25,0.98,1.39,-0.41,0.99,76.17,-2.69,15.86,16.08
IMG_1836,15/04/2024,Farm 2,section_C,section_c_11,2,31,1,double,101.8,94.32,7927.08,138.3899068,0.765920039,38.09,0.22,12.92,31.96,76.55,98.12,1.48,28.88,0.97,1.58,-2.68,0.98,1.57,-0.41,0.99,85.39,-2.33,19.81,19.94
IMG_1837,15/04/2024,Farm 2,section_C,section_c_11,3,31,1,double,115.79,74.24,7002.07,205.0453488,0.772179633,28.86,-8.7,6.72,83.39,62.91,72.2,1.06,21.23,0.97,1.09,-1.79,0.98,1.09,-1.18,0.99,51.87,-11.27,6.14,12.83
IMG_1838,15/04/2024,Farm 2,section_C,section_c_11,4,31,1,double,114.6,91.86,8241.27,198.6789655,0.771675577,34.22,-1.79,13.96,35.72,83.14,86.34,1.42,28.97,0.96,1.53,-2.26,0.98,1.52,-0.26,0.99,77.65,-4.99,20.94,21.53
IMG_1840,15/04/2024,Farm 2,section_C,section_c_11,5,31,1,double,103.27,87.82,7301.18,144.5822306,0.766614454,36.13,-5.39,11.55,50.78,65.32,88.57,1.43,29.06,0.96,1.56,-2.48,0.98,1.52,0.03,0.99,80.87,-10.87,17.63,20.71
IMG_1841,15/04/2024,Farm 2,section_C,section_c_11,6,31,1,double,98.87,78.15,6095.27,126.58429,0.764507455,27.8,-3.33,11.95,51.91,83.72,69.66,1.44,29.1,0.96,1.55,-2.34,0.98,1.53,-0.02,0.99,69.13,-7.49,18.29,19.76
IMG_1842,15/04/2024,Farm 2,section_C,section_c_11,7,31,1,double,109.23,84.81,7337.98,171.5990183,0.769338186,36.49,-0.68,14.12,33.9,83.15,93.58,1.18,24.45,0.97,1.22,-2.51,0.98,1.22,-0.5,0.99,67.47,-3.35,16.71,17.04
IMG_1843,15/04/2024,Farm 2,section_C,section_c_11,8,31,1,double,115.32,88.08,8024.27,202.5147548,0.771981135,36.9,-3.73,9.71,47.33,54.28,90.2,1.11,32.11,0.78,1.44,-3.84,0.96,1.31,-0.69,0.99,73.06,-9.23,12.05,15.18
IMG_1844,15/04/2024,Farm 2,section_C,section_c_11,9,31,1,double,110.77,85.71,7426,179.0931577,0.770019316,38.16,-2.94,10.51,44.84,58.92,94.55,1.34,26.24,0.97,1.4,-2.28,0.98,1.39,-0.78,0.99,77.28,-6.39,13.87,15.27
IMG_1845,15/04/2024,Farm 2,section_C,section_c_11,10,31,1,double,119.86,85.54,8054.35,227.8546531,0.773867657,35.75,-1.96,11.3,41.76,66.88,89.15,1.23,25.37,0.97,1.28,-2.51,0.98,1.28,-0.53,0.99,69.41,-5.01,13.88,14.76
IMG_1846,15/04/2024,Farm 2,section_C,section_c_11,11,31,1,double,99.02,88.45,6963.64,127.1715622,0.764580718,36.11,-1.58,11.57,36.78,67.34,90.29,1.21,24.77,0.97,1.25,-2.28,0.98,1.25,-0.64,0.99,68.35,-4.26,13.82,14.46
IMG_1847,15/04/2024,Farm 2,section_C,section_c_11,12,31,1,double,118.85,94.4,8687.07,222.0430011,0.773453829,27.88,-6.08,8.38,67.81,70.18,70.21,1.21,25.05,0.97,1.26,-2.41,0.98,1.26,-0.66,0.99,58.85,-10.08,9.93,14.15
IMG_1848,15/04/2024,Farm 2,section_C,section_c_11,13,31,1,double,105.12,80.8,6578.09,152.6366262,0.767475334,29.32,-5.09,9.4,62.87,68.47,74.08,1.13,23.54,0.97,1.17,-2.36,0.98,1.17,-0.93,0.99,56.69,-8.32,10.07,13.06
IMG_1849,15/04/2024,Farm 2,section_C,section_c_11,14,31,1,double,104.69,81.43,6694.09,150.7382881,0.767276511,27.34,-4.91,9.24,56.18,66.42,67.78,1.14,23.74,0.97,1.18,-2.43,0.98,1.18,-0.87,0.99,54.93,-8.23,10.04,12.99
IMG_1850,15/04/2024,Farm 2,section_C,section_c_11,15,31,1,double,99.18,79.82,6450.91,127.8000024,0.764658751,34.76,-3.28,11.08,44.36,65.07,85.59,1.13,23.48,0.97,1.17,-2.39,0.98,1.17,-0.91,0.99,62.61,-6.22,12.03,13.54
IMG_1851,15/04/2024,Farm 2,section_C,section_c_11,16,31,1,double,91.29,85.01,5972.9,99.22304798,0.76066257,37.74,-1.3,14.31,35.07,80.03,96.12,1.14,23.76,0.97,1.18,-2.36,0.98,1.17,-0.51,0.99,66.67,-3.89,16.27,16.73
IMG_1852,15/04/2024,Farm 2,section_C,section_c_11,17,31,1,double,109.33,80.53,6974.21,172.0791249,0.769382687,27.72,-6.34,8.4,67.46,65.95,69.43,1.23,25.16,0.97,1.27,-2.35,0.98,1.28,-0.89,0.99,59.25,-10.42,9.88,14.36
IMG_1853,15/04/2024,Farm 2,section_C,section_c_11,18,31,1,double,101.56,85.31,6970.59,137.3961662,0.765805774,28.98,-6.77,9.39,64.59,67.56,72.17,1.37,26.44,0.97,1.42,-2.24,0.98,1.41,-0.35,0.99,66.03,-11.89,12.9,17.54
IMG_1854,15/04/2024,Farm 2,section_C,section_c_11,19,31,1,double,111.72,96.39,8474.44,183.8241859,0.770435084,23.87,-6.78,6.58,75.02,63.11,60.22,1.2,24.7,0.97,1.24,-2.5,0.98,1.24,-0.32,0.99,53.31,-10.94,7.82,13.45
IMG_1855,15/04/2024,Farm 2,section_C,section_c_11,20,31,1,double,110.04,91.96,8025.12,175.5138833,0.769697556,29.4,-4.59,11.41,52.6,76.47,73.84,1.16,29.63,0.85,1.34,-3.21,0.97,1.33,-0.43,0.94,63.67,-9.35,14.73,17.44
IMG_1857,15/04/2024,Farm 2,section_C,section_c_12,1,19,1,double,93,63.41,4742.35,106.1146557,0.761720771,31.79,-7.28,8.81,73.49,69.05,80.25,1.13,23.41,0.96,1.17,-1.86,0.98,1.17,-1,0.99,59.23,-10.38,9.34,13.97
IMG_1858,15/04/2024,Farm 2,section_C,section_c_12,2,19,1,double,90,59.46,4081.93,95.6176272,0.760079916,34.5,-6.35,6.84,76.2,51.11,85.53,1.15,23.32,0.97,1.19,-2.25,0.98,1.19,-0.78,0.99,63,-9.79,7.36,12.25
IMG_1859,15/04/2024,Farm 2,section_C,section_c_12,3,19,1,double,101,70.37,5328.98,135.0144609,0.765528587,33.73,-0.82,8.49,34.82,53.94,83.77,1.19,24.77,0.97,1.24,-2.55,0.98,1.24,-0.46,0.99,65.02,-3.57,10.05,10.67
IMG_1860,15/04/2024,Farm 2,section_C,section_c_12,4,19,1,double,95,67.46,5007,113.4299399,0.76277279,28.4,-5.72,6.41,75.54,55.61,70.93,1.28,26.23,0.97,1.33,-2.6,0.98,1.34,-0.59,0.99,62.54,-10.23,7.97,12.97
IMG_1861,15/04/2024,Farm 2,section_C,section_c_12,5,19,1,double,71,62.49,3540.56,46.27666902,0.748745514,33.41,-4.09,8.97,53.46,56.73,82.13,1.19,24.31,0.96,1.25,-2.25,0.98,1.23,-0.82,0.99,64.06,-7.35,10.21,12.58
IMG_1862,15/04/2024,Farm 2,section_C,section_c_12,6,19,1,double,101,65.18,4989.21,135.2186781,0.765552541,30.26,-8.98,3.33,101.49,66.03,75.7,1.09,30.36,0.8,1.31,-3.32,0.97,1.29,-0.42,0.93,63.24,-15.08,3.89,15.57
IMG_1863,15/04/2024,Farm 2,section_C,section_c_12,7,19,1,double,66,49.49,2628.25,37.59149371,0.74553037,36.49,0.24,23.52,31.48,131.97,98.43,1.19,24.32,0.97,1.24,-2.17,0.98,1.23,-0.76,0.99,67.7,-1.88,28.27,28.33
IMG_1864,15/04/2024,Farm 2,section_C,section_c_12,8,19,1,double,73,54.92,3114.56,49.92604231,0.74992305,36.62,-1.96,8.2,41.08,47.48,89.74,1.21,24.81,0.96,1.25,-2.44,0.98,1.25,-0.64,0.99,69.07,-4.89,9.59,10.77
IMG_1865,15/04/2024,Farm 2,section_C,section_c_12,9,19,1,double,71,61.23,3491.67,46.1972367,0.748718885,34.9,-3.85,12.37,47.21,72.48,87.25,1.47,28.89,0.95,1.57,-2.49,0.98,1.54,0.03,0.99,80.16,-8.54,19.13,20.94
IMG_1866,15/04/2024,Farm 2,section_C,section_c_12,10,19,1,double,83,70.05,4578.51,73.62377378,0.755977861,38.69,-3.69,9.15,54.52,50.95,95.33,1.47,28.71,0.95,1.57,-2.36,0.98,1.55,-0.22,0.99,85.46,-8.14,13.92,16.13
IMG_1867,15/04/2024,Farm 2,section_C,section_c_12,11,19,1,double,80,55.64,3587.25,67.24821772,0.754561574,31.96,-8.52,7.32,82.2,69.53,80.51,1.47,28.74,0.95,1.56,-2.16,0.98,1.55,-0.15,0.99,75.72,-15.45,11.19,19.07
IMG_1868,15/04/2024,Farm 2,section_C,section_c_12,12,19,1,double,77,58.79,3599.11,59.89753284,0.752755465,34.06,-8.43,4.79,92.13,54.99,84.56,1.47,28.91,0.95,1.57,-2.3,0.98,1.55,-0.15,0.99,78.83,-15.53,7.28,17.15
IMG_1869,15/04/2024,Farm 2,section_C,section_c_12,13,19,1,double,73,57.81,3314.37,49.21849705,0.749701483,26.37,-2.24,7.99,49.57,61.59,66.22,1.26,25.77,0.96,1.32,-2.31,0.98,1.31,-0.54,0.99,59.06,-5.27,9.93,11.24
IMG_1870,15/04/2024,Farm 2,section_C,section_c_12,14,19,1,double,71,57.76,3195.78,45.32952395,0.74842503,30.05,-9.41,7.75,82.82,77.98,76.33,1.23,25.38,0.96,1.28,-2.38,0.98,1.28,-0.49,0.99,62.47,-14.46,9.46,17.28
IMG_1871,15/04/2024,Farm 2,section_C,section_c_12,15,19,1,double,84,69.83,4673.89,76.90274335,0.756660133,32.25,-4.8,9.47,53.54,59.71,79.17,1.45,28.52,0.95,1.54,-2.34,0.98,1.52,-0.1,0.99,75.24,-9.72,14.27,17.27
IMG_1872,15/04/2024,Farm 2,section_C,section_c_12,16,19,1,double,78,60.24,3567.61,61.51918701,0.753171892,41.22,-5.64,9.78,60.45,51.97,101.93,1.48,29.28,0.95,1.58,-2.45,0.98,1.56,0.09,0.99,90.1,-11.38,15.36,19.12
IMG_1873,15/04/2024,Farm 2,section_C,section_c_12,17,19,1,double,72,71,4073.92,47.37819531,0.749110255,34.98,-4.66,7.75,60.67,48.44,85.41,1.48,29.19,0.95,1.59,-2.41,0.98,1.56,0.11,0.99,81.05,-9.82,12.2,15.66
IMG_1874,15/04/2024,Farm 2,section_C,section_c_12,18,19,1,double,74,57.87,3416.14,52.34827336,0.75065895,39.69,-3.08,11.7,43.95,61.82,97.76,1.49,29.27,0.95,1.6,-2.52,0.98,1.57,0.21,0.99,88.52,-7.44,18.52,19.96
IMG_1875,15/04/2024,Farm 2,section_C,section_c_12,19,19,1,double,80,71.21,4581.15,66.61157478,0.754412994,35.38,-4.68,7.11,72.08,51.52,88.03,1.23,25.53,0.97,1.28,-2.37,0.98,1.28,-0.56,0.99,68.9,-8.37,8.57,11.97
IMG_1876,15/04/2024,Farm 2,section_C,section_c_12,20,19,1,double,65,54.5,2889.45,35.42341851,0.744614049,39.32,-2.09,11.54,40.02,61.47,97.65,1.15,27.46,0.88,1.27,-3.2,0.98,1.28,-0.57,0.95,72.71,-5.87,14.16,15.33
IMG_1877,15/04/2024,Farm 2,section_C,section_c_12,21,19,1,double,71,52.03,2880.63,45.13385711,0.748358005,23.16,-3.08,8.24,56.73,66.7,57.96,1.49,29.17,0.95,1.6,-2.47,0.98,1.57,0.17,0.99,63.66,-7.4,13.07,15.02
IMG_1878,15/04/2024,Farm 2,section_C,section_c_13,1,19,1,double,82,61.12,4023.86,70.96861634,0.75540322,27.61,-10.01,3.49,102.05,97.25,70.91,1.09,22.11,0.97,1.14,-1.83,0.98,1.13,-1.05,0.99,52.2,-13.23,2.89,13.55
IMG_1879,15/04/2024,Farm 2,section_C,section_c_13,2,19,1,double,88,65.1,4545.64,87.78384759,0.758736016,38.65,-2.36,10.9,46.6,62.32,96.92,1.22,24.89,0.97,1.28,-1.9,0.98,1.27,-0.86,0.99,71.89,-4.93,13.01,13.91
IMG_1880,15/04/2024,Farm 2,section_C,section_c_13,3,19,1,double,79,64.18,3902.5,64.57670976,0.753928594,32.18,-3.67,8.45,52.56,52.86,78.74,1.07,31.42,0.78,1.33,-3.24,0.97,1.31,-0.48,0.92,65.8,-8.14,10.57,13.34
IMG_1881,15/04/2024,Farm 2,section_C,section_c_13,4,19,1,double,87,70.65,4879.94,84.52477535,0.758141972,28.63,-10.08,2.43,108.49,79.95,72.52,1.12,23.11,0.97,1.17,-2.15,0.98,1.17,-0.93,0.99,55.21,-13.92,1.9,14.05
IMG_1882,15/04/2024,Farm 2,section_C,section_c_13,5,19,1,double,90,67.24,4779.29,96.42917025,0.76021292,31.81,-7.53,5.06,89.58,55.82,79.13,1.16,24.48,0.97,1.21,-2.42,0.98,1.22,-0.8,0.99,61.46,-11.57,5.35,12.74
IMG_1883,15/04/2024,Farm 2,section_C,section_c_13,6,19,1,double,73,57.28,3410.83,50.80947172,0.750195417,34.53,-1.75,10.87,37.07,64.33,85.9,1.19,25.02,0.97,1.25,-2.41,0.98,1.25,-0.75,0.99,66.21,-4.6,12.86,13.66
IMG_1884,15/04/2024,Farm 2,section_C,section_c_13,7,19,1,double,62,47.11,2350.94,30.97714902,0.742549325,31.79,-0.71,14.07,34.25,90.53,82.48,1.13,23.77,0.97,1.18,-1.9,0.98,1.18,-0.83,0.99,59.61,-2.73,15.71,15.95
IMG_1885,15/04/2024,Farm 2,section_C,section_c_13,8,19,1,double,77,69.62,4254.48,59.85027742,0.752743165,33.28,-3.91,7.71,56.03,49.94,81.71,1.2,25.19,0.97,1.26,-2.35,0.98,1.25,-0.7,0.99,65.05,-7.26,8.98,11.55
IMG_1886,15/04/2024,Farm 2,section_C,section_c_13,9,19,1,double,82,59.44,3912.85,72.56997036,0.75575226,31.92,-7.72,4.74,89.55,58.93,79.52,1.19,24.91,0.97,1.25,-2.4,0.98,1.25,-0.79,0.99,62.96,-12.03,5.13,13.07
IMG_1887,15/04/2024,Farm 2,section_C,section_c_13,10,19,1,double,87,71.84,4997.03,86.71857866,0.758544256,36.32,-3.27,6.27,54.25,35.77,87.63,0.9,37.63,0.6,1.4,-3.1,0.93,1.3,1.62,0.86,70.45,-7.67,9.78,12.43
IMG_1888,15/04/2024,Farm 2,section_C,section_c_13,11,19,1,double,73,55.92,3262.25,50.70375472,0.750163069,37.73,-4.42,7.55,59.43,44.2,92.22,0.96,34.74,0.65,1.35,-2.83,0.94,1.27,1.24,0.88,70.79,-8.78,10.85,13.95
IMG_1889,15/04/2024,Farm 2,section_C,section_c_13,12,19,1,double,99,65.86,5031.48,126.2718252,0.764468338,35.83,-6.43,6.58,77.82,58.11,89.41,1.25,26,0.97,1.31,-2.61,0.98,1.31,-0.14,0.99,70.94,-11.04,8.46,13.91
IMG_1890,15/04/2024,Farm 2,section_C,section_c_13,13,19,1,double,70,52,2901.07,44.43415988,0.748115978,36.94,-4.6,7.24,58.07,42.48,89.59,1.2,25.14,0.97,1.26,-2.52,0.98,1.26,-0.74,0.99,69.45,-8.3,8.36,11.78
IMG_1891,15/04/2024,Farm 2,section_C,section_c_13,14,19,1,double,94,67.53,4794.8,109.7313075,0.76224947,35.65,-4.15,8.28,55.86,50.41,87.44,1.21,25.37,0.97,1.27,-2.49,0.98,1.27,-0.51,0.99,68.51,-7.76,9.99,12.65
IMG_1892,15/04/2024,Farm 2,section_C,section_c_13,15,19,1,double,83,60.34,4025.09,74.57821344,0.756179478,28.82,-7.55,5.76,85.84,62.22,72.13,1.15,23.03,0.97,1.18,-1.9,0.98,1.18,-0.85,0.99,56.14,-10.83,5.96,12.36
IMG_1893,15/04/2024,Farm 2,section_C,section_c_13,16,19,1,double,83,62.52,4159.84,74.82497851,0.756231194,33.63,-4.36,8.81,64.42,59.86,84.68,1.21,25.44,0.97,1.27,-2.48,0.98,1.27,-0.46,0.99,66.27,-8.02,10.75,13.41
IMG_1894,15/04/2024,Farm 2,section_C,section_c_13,17,19,1,double,88,66.22,4614.24,87.50908564,0.758686775,33,-3.99,8.43,58.36,57.54,82.46,1.23,25.74,0.97,1.29,-2.54,0.98,1.29,-0.52,0.99,66.42,-7.71,10.38,12.93
IMG_1895,15/04/2024,Farm 2,section_C,section_c_13,18,19,1,double,79,55.89,3568.09,63.04771316,0.753554677,30.93,-6.34,6.32,74.54,48.07,76.1,0.9,37.41,0.6,1.38,-3.01,0.92,1.3,1.6,0.86,65.25,-11.74,9.79,15.29
IMG_1896,15/04/2024,Farm 2,section_C,section_c_13,19,19,1,double,91,70.28,5063.04,98.72610734,0.760583506,30.21,-9.95,3.21,100.54,76.13,76.02,1.19,24.81,0.97,1.24,-2.52,0.98,1.24,-0.5,0.99,60.69,-14.85,3.47,15.25
IMG_1897,15/04/2024,Farm 2,section_C,section_c_13,20,19,1,double,85,57.4,3923.1,79.50401706,0.757181423,27.06,-7.15,4.38,94.92,57.18,67.83,1.19,24.96,0.97,1.24,-2.38,0.98,1.24,-0.6,0.99,57.08,-11.25,4.84,12.25
IMG_1901,16/04/2024,Farm 2,section_C,section_c_14,1,31,2,double,102,84.82,6852.74,138.5144632,0.765934305,32.14,-4.18,9.66,50.36,60.71,78.89,1.14,24.01,0.97,1.19,-2.22,0.98,1.19,-0.87,0.99,60.56,-7.21,10.67,12.88
IMG_1902,16/04/2024,Farm 2,section_C,section_c_14,2,31,2,double,108,77.03,6560.52,165.0652417,0.768720136,37.28,-3.41,9.54,49.12,55.06,91.33,1.08,22.25,0.97,1.13,-1.75,0.98,1.13,-1.16,0.99,62.37,-5.61,9.6,11.12
IMG_1903,16/04/2024,Farm 2,section_C,section_c_14,3,31,2,double,93,79.24,5983.42,105.0420573,0.761560577,33.86,-3.93,7.14,54.75,45.41,82.46,1.15,24.35,0.97,1.22,-2.22,0.98,1.22,-0.76,0.99,63.43,-6.99,7.92,10.56
IMG_1904,16/04/2024,Farm 2,section_C,section_c_14,4,31,2,double,121,93.82,8718.98,232.4710469,0.774189074,28.56,-3.46,7.09,53.34,52.69,70.3,1.18,25.03,0.97,1.25,-2.4,0.98,1.25,-0.64,0.99,58.86,-6.71,8.22,10.61
IMG_1905,16/04/2024,Farm 2,section_C,section_c_14,5,31,2,double,109,85.53,7423.96,170.1164138,0.769199988,36.29,-1.41,11.16,35.85,64.94,90.81,1.12,23.58,0.97,1.17,-2.27,0.98,1.16,-0.43,0.99,64.08,-3.92,12.55,13.14
IMG_1906,16/04/2024,Farm 2,section_C,section_c_14,6,31,2,double,89,76.19,5501.9,92.76582398,0.759603603,34.54,-1.18,9.81,34.89,60.87,85.93,1.14,23.9,0.97,1.19,-2.11,0.98,1.19,-0.81,0.99,63.11,-3.51,10.89,11.44
IMG_1907,16/04/2024,Farm 2,section_C,section_c_14,7,31,2,double,104,79.92,6604.59,145.6535435,0.766731629,37.92,-1.76,11.29,38.81,65.15,95.01,1.18,24.84,0.97,1.25,-2.36,0.98,1.24,-0.66,0.99,69.64,-4.56,13.39,14.15
IMG_1908,16/04/2024,Farm 2,section_C,section_c_14,8,31,2,double,109,84.29,7447.54,168.9270587,0.76908827,25.9,-4.63,7.97,58.08,61.29,64.18,1.19,24.9,0.97,1.25,-2.43,0.98,1.25,-0.56,0.99,55.6,-8.2,9.37,12.45
IMG_1910,16/04/2024,Farm 2,section_B4,section_b4_15,1,31,3,single,112.18,101.38,8986.25,186.1448953,0.770635214,36.76,-0.55,21.49,34.26,119.76,97.54,1.13,27.52,0.87,1.27,-2.34,0.97,1.27,-0.32,0.94,69.23,-3.04,26.88,27.05
IMG_1911,16/04/2024,Farm 2,section_B4,section_b4_15,2,31,3,single,109.48,90.14,7760.22,172.8009772,0.769449368,27.52,-8.33,13.83,56.41,96.46,69.02,1.17,24.14,0.96,1.22,-2.43,0.98,1.21,-0.58,0.99,56.4,-12.55,16.19,20.49
IMG_1912,16/04/2024,Farm 2,section_B4,section_b4_15,3,31,3,single,104.28,100.9,8245.15,148.9430928,0.767086222,34.71,0.66,17.89,30.65,109.18,92.86,1.26,25.39,0.96,1.3,-2.48,0.98,1.3,-0.5,0.99,69,-1.62,22.76,22.82
IMG_1913,16/04/2024,Farm 2,section_B4,section_b4_15,4,31,3,single,118.3,93.65,8503.15,218.9205728,0.77322709,38.03,-4.88,14.31,44.36,75.84,93.81,1.22,25.04,0.96,1.27,-2.41,0.98,1.27,-0.56,0.99,71.57,-8.63,17.6,19.6
IMG_1914,16/04/2024,Farm 2,section_B4,section_b4_15,5,31,3,single,100.98,85.35,6564.4,135.0144609,0.765528587,28.77,-3.32,12.62,42.82,84.6,71.68,1.22,24.74,0.96,1.27,-2.29,0.98,1.26,-0.49,0.99,59.8,-6.5,15.38,16.7
IMG_1915,16/04/2024,Farm 2,section_B4,section_b4_15,6,31,3,single,98.9,86.37,6902.39,126.7015982,0.764522116,32.65,-4.28,14.44,43.4,85.96,81.01,1.16,23.54,0.96,1.2,-2.43,0.98,1.19,-0.43,0.99,61.31,-7.55,16.75,18.37
IMG_1916,16/04/2024,Farm 2,section_B4,section_b4_15,7,31,3,single,97.79,92.48,7042.09,122.4096707,0.763976865,39.97,-3.42,21.38,38.08,106.38,101.54,1.18,23.84,0.96,1.22,-2.42,0.98,1.21,-0.54,0.99,70.97,-6.58,25.39,26.23
IMG_1917,16/04/2024,Farm 2,section_B4,section_b4_15,8,31,3,single,97.18,93.95,7118.41,120.0932158,0.763674749,31.11,-6.99,14.15,54.31,89.24,77.16,1.16,21.46,0.95,1.17,-2.23,0.98,1.15,-0.76,0.99,57.7,-10.39,15.56,18.71
IMG_1918,16/04/2024,Farm 2,section_B4,section_b4_15,9,31,3,single,111.47,80.61,6986.27,182.5711303,0.770325993,32.34,-3.74,13.63,45.42,84.04,80.38,1.18,24.05,0.96,1.22,-2.48,0.98,1.21,-0.76,0.99,62.05,-7.03,15.79,17.29
IMG_1919,16/04/2024,Farm 2,section_B4,section_b4_15,10,31,3,single,0,0,0,0,0,32.85,-1.97,18.16,37.87,111.18,85.59,1.16,22.42,0.95,1.18,-2.11,0.98,1.17,-0.85,0.99,60.51,-4.43,20.43,20.91
IMG_1920,16/04/2024,Farm 2,section_B4,section_b4_15,11,31,3,single,101.09,88.11,7225.34,135.4640128,0.765581271,35.17,-2.28,17.9,35.75,102.32,89.85,1.17,23.96,0.96,1.22,-2.49,0.98,1.21,-0.46,0.99,65.23,-5.26,21.22,21.86
IMG_1921,16/04/2024,Farm 2,section_B4,section_b4_15,12,31,3,single,97.43,86.09,6668.05,121.0389841,0.763798781,27.94,-6.62,12.86,53.53,88.1,69.88,1.18,23.8,0.96,1.23,-2.31,0.98,1.22,-0.67,0.99,56.84,-10.41,15.02,18.28
IMG_1922,16/04/2024,Farm 2,section_B4,section_b4_15,13,31,3,single,102.06,84.68,6985.91,139.471901,0.766043542,38.01,-3.35,18,37.84,94.19,95.62,1.18,24,0.96,1.22,-2.52,0.98,1.21,-0.51,0.99,68.71,-6.6,21.34,22.34
IMG_1923,16/04/2024,Farm 2,section_B4,section_b4_15,14,31,3,single,109.39,99.44,8163.2,172.3676219,0.76940937,38.77,-3.03,17.01,40.38,90.88,99.05,1.14,23.38,0.96,1.18,-2.4,0.98,1.18,-0.66,0.99,67.67,-5.99,19.38,20.28
IMG_1924,16/04/2024,Farm 2,section_B4,section_b4_15,15,31,3,single,103.73,91.11,7412.05,146.5575611,0.766829852,35.53,-3.6,11.74,46.65,68.05,87.85,1.17,23.83,0.96,1.21,-2.58,0.98,1.21,-0.7,0.99,65.37,-6.93,13.47,15.15
IMG_1925,16/04/2024,Farm 2,section_B4,section_b4_15,16,31,3,single,105.25,72.69,6095.69,153.2136911,0.767535293,32.89,-2.61,10.91,42.59,67.57,82.1,1.15,23.5,0.96,1.19,-2.62,0.98,1.18,-0.25,0.99,61.45,-5.72,12.63,13.86
IMG_1926,16/04/2024,Farm 2,section_B4,section_b4_15,17,31,3,single,102.4,85.73,7120.2,140.8953805,0.766204601,32.43,-8.69,11.58,63.89,74.51,80.44,1.16,23.43,0.96,1.2,-2.56,0.98,1.19,-0.78,0.99,61.03,-13.01,13.04,18.42
IMG_1927,16/04/2024,Farm 2,section_B4,section_b4_15,18,31,3,single,117.52,88.84,8165.69,214.5432326,0.772903833,35.29,-5.65,12.1,51.77,68.79,86.67,1.3,26.31,0.96,1.36,-2.35,0.98,1.35,-0.29,0.99,72.04,-10.03,16.02,18.91
IMG_1928,16/04/2024,Farm 2,section_B4,section_b4_15,19,31,3,single,116.09,89.65,8641.19,206.6716892,0.772305941,30.82,-8.5,11.18,63.9,75.45,76.76,1.18,22.96,0.94,1.2,-2.16,0.98,1.19,-0.78,0.99,59.23,-12.37,12.53,17.61
IMG_1929,16/04/2024,Farm 2,section_B4,section_b4_15,20,31,3,single,103.49,89.48,7367.1,145.524705,0.766717582,26.47,-6.5,14.36,51.11,101.79,66.61,1.29,24.95,0.94,1.32,-2.5,0.98,1.31,-0.4,0.99,59.07,-11.07,18.36,21.44
IMG_1930,16/04/2024,Farm 2,section_B4,section_b4_15,21,31,3,single,96.18,75.1,5800.27,116.3598312,0.763175612,34.01,-2.26,17,39.06,100.46,86.91,1.26,25.27,0.96,1.31,-2.73,0.98,1.29,-0.09,0.99,67.99,-5.67,21.85,22.57
IMG_1931,16/04/2024,Farm 2,section_B4,section_b4_16,1,31,3,single,107.62,82.42,7102.88,163.992812,0.768616408,27.57,-6.38,19.52,44.94,130.84,69.86,1.34,25.9,0.96,1.39,-2.03,0.98,1.38,-0.32,0.99,62.94,-10.92,26.6,28.76
IMG_1932,16/04/2024,Farm 2,section_B4,section_b4_16,2,31,3,single,123.8,92.6,8838.43,251.5037259,0.77545137,29.2,-7.5,11.73,61.8,83.85,73.3,1.28,26.08,0.96,1.34,-2.41,0.98,1.33,-0.34,0.99,63.39,-12.45,15.23,19.67
IMG_1933,16/04/2024,Farm 2,section_B4,section_b4_16,3,31,3,single,106.82,82.96,7013.48,160.2991236,0.76825399,29.06,-2.16,19.92,35.15,133.06,75.93,0.98,27.5,0.78,1.19,-2.61,0.97,1.15,-0.47,0.91,55.97,-5.18,22.44,23.03
IMG_1934,16/04/2024,Farm 2,section_B4,section_b4_16,4,31,3,single,81.88,70.85,4692.15,71.18074321,0.755449897,32.66,-4.65,14.31,43.74,83.4,80.3,1.26,25.68,0.96,1.32,-2.39,0.98,1.31,-0.47,0.99,66.86,-8.52,18.31,20.2
IMG_1935,16/04/2024,Farm 2,section_B4,section_b4_16,5,31,3,single,106.3,87.11,7541.28,157.9284788,0.768017053,28.14,-6.53,14.73,51.98,98.37,70.19,1.11,21.05,0.95,1.11,-1.87,0.98,1.11,-0.42,0.99,52.39,-9.14,15.94,18.37
IMG_1936,16/04/2024,Farm 2,section_B4,section_b4_16,6,31,3,single,99.32,85.63,6820.52,128.3515979,0.764726933,27.61,-7.22,11.16,60.71,80.39,69.27,1.25,25.16,0.96,1.3,-2.46,0.98,1.29,-0.46,0.99,59.54,-11.84,13.91,18.26
IMG_1937,16/04/2024,Farm 2,section_B4,section_b4_16,7,31,3,single,95.86,74.34,5810.86,115.1818435,0.763014862,25.35,-1.15,12.09,37.68,94.01,66.21,1.23,24.91,0.96,1.28,-2.32,0.98,1.28,-0.56,0.99,56.21,-3.79,14.91,15.38
IMG_1938,16/04/2024,Farm 2,section_B4,section_b4_16,8,31,3,single,101.43,84.89,6947.31,136.8598992,0.765743775,33.57,-1.16,17.46,34.73,105.84,87.41,1.39,26.57,0.95,1.45,-2.27,0.98,1.43,-0.08,0.99,73.35,-3.95,24.91,25.22
IMG_1939,16/04/2024,Farm 2,section_B4,section_b4_16,9,31,3,single,86.56,64.82,4622.31,84.34614103,0.758108766,33.13,-3.39,18.59,38.54,109.29,84.25,1.28,24.39,0.94,1.3,-2.21,0.98,1.29,-0.57,0.99,66.87,-6.64,23.46,24.38
IMG_1940,16/04/2024,Farm 2,section_B4,section_b4_16,10,31,3,single,99.67,81.37,6451.22,129.7375861,0.764896995,34.52,-6.79,17.78,48.91,101.83,86.88,1.21,23.29,0.95,1.23,-1.5,0.98,1.22,-0.58,0.99,64.96,-9.82,21.18,23.35
IMG_1941,16/04/2024,Farm 2,section_B4,section_b4_16,11,31,3,single,98.72,86.15,6918.25,125.9988443,0.764434087,25.68,-4.39,12.69,47.07,90.66,64.61,1.18,23.77,0.96,1.22,-2.45,0.98,1.21,-0.51,0.99,54,-7.79,14.84,16.77
IMG_1942,16/04/2024,Farm 2,section_B4,section_b4_16,12,31,3,single,95.12,75.85,5704.46,112.4885175,0.762641191,28.68,-2.21,18.31,37.54,121.48,74.42,1.24,25.08,0.96,1.29,-2.5,0.98,1.28,-0.44,0.99,60.58,-5.34,23.03,23.64
IMG_1943,16/04/2024,Farm 2,section_B4,section_b4_16,13,31,3,single,96.57,94.23,7138.81,117.8064239,0.763370851,25.61,-5.31,13.81,48.62,100.18,63.95,1.23,24.9,0.96,1.28,-2.5,0.98,1.27,-0.55,0.99,56.28,-9.32,17.04,19.42
IMG_1944,16/04/2024,Farm 2,section_B4,section_b4_16,14,31,3,single,95.05,76.71,5850.82,112.2359585,0.762605703,28.34,-8.41,17.1,54.97,116.99,71.99,1.24,23.1,0.95,1.24,-1.87,0.98,1.24,-0.9,0.99,58.17,-12.28,20.32,23.74
IMG_1945,16/04/2024,Farm 2,section_B4,section_b4_16,15,31,3,single,118.92,90.43,8567.92,222.4425364,0.773482617,32.82,-2.66,18.2,36.4,108.53,83.61,1.26,25.4,0.96,1.32,-2.32,0.98,1.31,-0.54,0.99,66.91,-5.83,23.34,24.06
IMG_1946,16/04/2024,Farm 2,section_B4,section_b4_16,16,31,3,single,87.65,65.64,4504.16,87.63113055,0.758708665,33.21,-2.65,17.62,36.34,103.9,84.25,1.22,24.81,0.96,1.27,-2.58,0.98,1.27,-0.63,0.99,65.33,-5.95,21.67,22.47
IMG_1947,16/04/2024,Farm 2,section_B4,section_b4_16,17,31,3,single,101.5,77.56,6345.2,137.1484831,0.765777169,21.37,-4.07,10.25,49.66,83.08,54.4,1.23,24.9,0.96,1.28,-2.52,0.98,1.27,-0.32,0.99,51.13,-7.73,12.66,14.84
IMG_1948,16/04/2024,Farm 2,section_B4,section_b4_16,18,31,3,single,111.3,90.17,7848.62,181.7223416,0.770251681,36.68,-6.32,14.91,48.41,80.55,90.68,1.22,24.65,0.96,1.27,-2.25,0.98,1.26,-0.57,0.99,69.47,-10.27,18.26,20.96
IMG_1949,16/04/2024,Farm 2,section_B4,section_b4_16,19,31,3,single,104.34,89.28,7457.85,149.2049013,0.767114113,28.38,-7.02,12.72,55.01,86.01,70.8,1.24,25.33,0.96,1.29,-2.28,0.98,1.29,-0.5,0.99,60.54,-11.36,15.93,19.57
IMG_1950,16/04/2024,Farm 2,section_B4,section_b4_16,20,31,3,single,94.03,93.76,6992.71,108.5989532,0.762085795,31.92,-8.34,17.05,53.63,103.42,80.35,1.37,26.82,0.95,1.44,-2.3,0.98,1.43,-0.39,0.99,70.69,-14.35,23.98,27.95
IMG_1951,16/04/2024,Farm 2,section_B4,section_b4_17,1,31,3,double,119.19,86.89,7800.12,223.9881299,0.773593504,31.58,-4.91,8.64,55.38,56.17,77.29,1.09,22.62,0.98,1.12,-2.29,0.98,1.13,-1.11,0.99,57.1,-7.8,8.65,11.64
IMG_1952,16/04/2024,Farm 2,section_B4,section_b4_17,2,31,3,double,105.72,81.27,6779.16,155.3122421,0.767751492,33.11,-3.6,9.96,46.59,59.96,80.82,1.19,25.03,0.98,1.24,-2.28,0.98,1.25,-0.84,0.99,64.56,-6.76,11.62,13.44
IMG_1953,16/04/2024,Farm 2,section_B4,section_b4_17,3,31,3,double,96.5,75.07,5904.57,117.5458936,0.763335863,36.4,-1.9,9,37.99,50.12,88.88,1.06,21.8,0.97,1.09,-2.42,0.98,1.09,-1.29,0.99,60.21,-4.48,8.53,9.64
IMG_1954,16/04/2024,Farm 2,section_B4,section_b4_17,4,31,3,double,95.31,74.69,5738.84,113.1759609,0.762737393,29.71,-6,6.17,71.62,46.09,72.92,1.15,23.86,0.98,1.19,-2.49,0.98,1.2,-1.14,0.99,58.1,-9.63,6.27,11.49
IMG_1955,16/04/2024,Farm 2,section_B4,section_b4_17,5,31,3,double,91.35,90.72,6342.83,99.42229429,0.760694162,33.92,-2.84,9.34,42.78,55.48,82.94,1.22,25.57,0.98,1.28,-2.55,0.98,1.29,-0.65,0.99,67.08,-6.18,11.37,12.94
IMG_1956,16/04/2024,Farm 2,section_B4,section_b4_17,6,31,3,double,116.17,80.83,7154.91,207.1068403,0.772339571,35.69,-2.99,8.37,45.56,47.6,86.59,1.11,22.96,0.98,1.15,-2.42,0.98,1.15,-0.92,0.99,62.6,-5.85,8.7,10.48
IMG_1958,16/04/2024,Farm 2,section_B4,section_b4_17,7,31,3,double,99.74,72.38,5877.88,130.0159861,0.76493094,20.51,-6.41,8.02,66.8,78.19,52.43,1.14,23.6,0.98,1.18,-2.48,0.98,1.19,-1.1,0.99,46.98,-10.02,8.42,13.09
IMG_1959,16/04/2024,Farm 2,section_B4,section_b4_17,8,31,3,double,101.12,89.8,6922.57,135.5867924,0.76559563,34.85,1.82,13.64,28.37,89.77,92.84,1.13,23.21,0.98,1.16,-2.47,0.98,1.17,-0.91,0.99,62.51,-0.36,15.01,15.02
IMG_1960,16/04/2024,Farm 2,section_B4,section_b4_17,9,31,3,double,106.57,81.28,6730.27,159.1564258,0.768140213,25.27,-3.84,7.81,56.06,60.5,62.6,1.09,22.49,0.98,1.12,-2.4,0.98,1.13,-1.17,0.99,50.11,-6.71,7.67,10.18
IMG_1961,16/04/2024,Farm 2,section_B4,section_b4_17,10,31,3,double,73.04,56.74,3339.39,50.21936137,0.750014002,29.94,0.44,17.5,30.04,117.96,80.46,1.25,25.89,0.98,1.31,-2.45,0.98,1.32,-1.03,0.99,63.3,-1.88,22.08,22.16
IMG_1962,16/04/2024,Farm 2,section_B4,section_b4_17,11,31,3,double,106.07,74.68,6075.31,156.8874885,0.767911907,35.13,-1,10.83,32.98,64.78,88,1.12,23.35,0.98,1.16,-2.38,0.98,1.16,-0.85,0.99,62.76,-3.54,11.77,12.29
IMG_1963,16/04/2024,Farm 2,section_B4,section_b4_17,12,31,3,double,86.02,79.87,5391.6,82.74984223,0.757808943,36.49,-0.44,13.33,33.42,78.16,93.54,1.13,23.32,0.98,1.16,-2.29,0.98,1.17,-0.88,0.99,64.46,-2.79,14.68,14.95
IMG_1964,16/04/2024,Farm 2,section_B4,section_b4_17,13,31,3,double,104.31,74.5,6063.28,149.0739584,0.767100169,34.15,-0.35,11.29,31.32,71.06,86.82,1.2,25.16,0.98,1.25,-2.42,0.98,1.26,-0.62,0.99,66.18,-2.86,13.56,13.86
IMG_1965,16/04/2024,Farm 2,section_B4,section_b4_17,14,31,3,double,99.27,91.87,7067.43,128.1544161,0.764702593,35.45,0.4,15.11,30.36,91.81,92.83,1.17,24.69,0.98,1.22,-2.38,0.98,1.23,-0.76,0.99,66.32,-1.89,17.78,17.88
IMG_1966,16/04/2024,Farm 2,section_B4,section_b4_17,15,31,3,double,90.34,83.71,6159.09,96.10399949,0.760159759,26.63,-3.12,6.62,50.98,47.18,64.92,1.23,25.52,0.98,1.28,-2.4,0.98,1.3,-0.92,0.99,58.39,-6.41,7.68,10
IMG_1967,16/04/2024,Farm 2,section_B4,section_b4_17,16,31,3,double,99.23,78.03,5993.19,127.9968174,0.764683112,36.84,0.93,13.54,27.99,83.36,96.35,1.13,23.8,0.98,1.18,-2.3,0.98,1.18,-0.92,0.99,65.6,-1.21,15.13,15.17
IMG_1968,16/04/2024,Farm 2,section_B4,section_b4_17,17,31,3,double,101.07,79.44,6299.07,135.3822013,0.765571696,33.6,-1.85,9.9,37.15,60.57,82.95,1.14,23.6,0.98,1.17,-2.26,0.98,1.18,-0.92,0.99,61.76,-4.43,10.79,11.67
IMG_1969,16/04/2024,Farm 2,section_B4,section_b4_17,18,31,3,double,83.77,71.92,4764.33,76.31710893,0.756540393,30.78,-5.42,10.8,53.51,70.17,75.9,1.08,22.27,0.97,1.12,-1.64,0.98,1.12,-1.38,0.99,55.42,-7.7,10.67,13.15
IMG_1970,16/04/2024,Farm 2,section_B4,section_b4_17,19,31,3,double,101.43,89.58,7049.22,136.8598992,0.765743775,28.31,-4.87,5.33,71.01,44.58,69.57,1.18,24.73,0.98,1.23,-2.43,0.98,1.24,-0.97,0.99,58.11,-8.42,5.61,10.12
IMG_1971,16/04/2024,Farm 2,section_B4,section_b4_18,1,31,3,double,118.98,110.19,10078.95,222.7853798,0.773507279,30.23,-1.96,9.73,43.36,65.83,75.23,1.04,21.03,0.97,1.07,-2,0.98,1.07,-0.89,0.99,52.56,-4.1,9.49,10.34
IMG_1972,16/04/2024,Farm 2,section_B4,section_b4_18,2,31,3,double,136.36,91.43,9995.27,337.8131072,0.780202361,29.9,-4.06,8.91,54.12,63.93,74.3,1.06,21.57,0.98,1.08,-2.16,0.98,1.09,-1.06,0.99,53.19,-6.55,8.61,10.82
IMG_1973,16/04/2024,Farm 2,section_B4,section_b4_18,3,31,3,double,103.39,71.68,5684.37,145.0957971,0.766670731,31.52,-0.54,11.97,36.68,80.01,81.05,1.12,23.43,0.98,1.16,-2.25,0.98,1.17,-0.92,0.99,58.88,-2.87,13.1,13.41
IMG_1974,16/04/2024,Farm 2,section_B4,section_b4_18,4,31,3,double,136.78,97.56,10446.96,341.0000042,0.780354041,34.03,-4.94,9.18,57.84,56.61,83.37,1.11,22.95,0.98,1.14,-1.97,0.98,1.15,-0.9,0.99,60.6,-7.62,9.66,12.3
IMG_1975,16/04/2024,Farm 2,section_B4,section_b4_18,5,31,3,double,134.89,94.46,9941.16,326.8167527,0.779668011,34.04,-4.65,9.77,51.65,59.09,83.53,1.16,24.15,0.98,1.2,-2.51,0.98,1.21,-0.77,0.99,63.6,-8.1,11.01,13.67
IMG_1976,16/04/2024,Farm 2,section_B4,section_b4_18,6,31,3,double,129.52,120.42,12150.98,288.6933459,0.777668498,27.81,-5.59,7.53,72.96,60.47,69.14,1.15,23.85,0.98,1.19,-2.44,0.98,1.2,-0.85,0.99,55.94,-9.12,8.16,12.24
IMG_1977,16/04/2024,Farm 2,section_B4,section_b4_18,7,31,3,double,123.46,118.77,11269.5,249.4007497,0.77531658,32.45,-4.19,8.02,56.1,50.99,79.11,1.21,25.42,0.98,1.27,-2.35,0.98,1.28,-0.69,0.99,64.82,-7.65,9.54,12.23
IMG_1978,16/04/2024,Farm 2,section_B4,section_b4_18,8,31,3,double,117.33,93.59,8674.59,213.485947,0.772824787,28.2,-3.48,9.15,50.32,64.93,70.14,1.17,24.33,0.98,1.22,-2.57,0.98,1.23,-1.01,0.99,57.44,-6.83,10.21,12.28
IMG_1979,16/04/2024,Farm 2,section_B4,section_b4_18,9,31,3,double,110.3,93.65,8536.13,176.7831239,0.769812384,37.04,0.02,12.62,34.16,75.51,95.07,1.11,23.02,0.98,1.14,-2.45,0.98,1.15,-0.85,0.99,64.09,-2.42,13.62,13.84
IMG_1980,16/04/2024,Farm 2,section_B4,section_b4_18,10,31,3,double,129.27,90.59,9127.97,286.9953534,0.77757353,36.39,-3.41,8.67,47.6,50.23,88.67,1.11,23.01,0.98,1.14,-2.46,0.98,1.15,-0.8,0.99,63.4,-6.36,9.15,11.15
IMG_1981,16/04/2024,Farm 2,section_B4,section_b4_18,11,31,3,double,125.21,100.59,9843.61,260.3521943,0.776006676,30.54,-5.39,7.36,65.61,51.82,75.21,1.11,23.06,0.98,1.14,-2.36,0.98,1.15,-1,0.99,56.81,-8.51,7.44,11.3
IMG_1982,16/04/2024,Farm 2,section_B4,section_b4_18,12,31,3,double,79.34,63.24,3980.33,64.65131933,0.753946617,30.66,-0.67,13.36,32.84,88.93,79.1,1.12,23.25,0.98,1.16,-2.41,0.98,1.17,-1.2,0.99,57.65,-3.18,14.39,14.74
IMG_1983,16/04/2024,Farm 2,section_B4,section_b4_18,13,31,3,double,118.4,90.35,8456.38,219.4860764,0.773268389,33.73,-0.67,13.16,34.24,81.52,86.29,1.2,25.1,0.98,1.25,-2.52,0.98,1.26,-0.69,0.99,65.61,-3.36,15.84,16.19
IMG_1984,16/04/2024,Farm 2,section_B4,section_b4_18,14,31,3,double,127.44,95.03,9409.56,274.7700746,0.77687308,34.01,0.3,15.88,30.33,99.77,89.7,1.18,24.36,0.98,1.22,-2.43,0.98,1.23,-0.78,0.99,64.43,-2.06,18.69,18.8
IMG_1985,16/04/2024,Farm 2,section_B4,section_b4_18,15,31,3,double,91.04,81.75,5897.28,98.39574511,0.760530728,33.84,1.1,14.59,28.79,93.71,89.68,1.17,24.59,0.98,1.22,-2.28,0.98,1.22,-0.82,0.99,64.26,-0.94,17.05,17.07
IMG_1986,16/04/2024,Farm 2,section_B4,section_b4_18,16,31,3,double,118.3,96.47,9000.99,218.9205728,0.77322709,31.03,-2.69,10.83,42.43,68.92,76.71,1.09,22.43,0.98,1.12,-2.5,0.98,1.12,-0.89,0.99,56.21,-5.51,11.22,12.5
IMG_1987,16/04/2024,Farm 2,section_B4,section_b4_18,17,31,3,double,116.74,87.83,8271.82,210.2251399,0.77257856,36.08,-1.05,11.42,34.11,67.7,90.56,1.08,22.28,0.98,1.11,-2.47,0.98,1.11,-0.91,0.99,61.4,-3.63,11.82,12.36
IMG_1988,16/04/2024,Farm 2,section_B4,section_b4_18,18,31,3,double,116.11,94.85,8621.29,206.7804193,0.77231435,27.13,-8.78,7.13,78.42,67.89,68.06,1.07,22.25,0.98,1.1,-2.49,0.98,1.11,-1.16,0.99,51.39,-12.19,6.75,13.93
IMG_1989,16/04/2024,Farm 2,section_B4,section_b4_18,19,31,3,double,139.34,103.03,11111.89,360.8631335,0.781269243,30.53,-3.85,8.41,55.79,59.74,75.82,1.15,23.96,0.98,1.19,-2.52,0.98,1.2,-0.84,0.99,58.99,-7.1,9.21,11.63
IMG_1990,16/04/2024,Farm 2,section_B4,section_b4_18,20,31,3,double,123.56,96.78,9610.73,250.0180396,0.77535626,33.07,-2.2,12,37.34,73.17,82.2,1.17,24.33,0.98,1.21,-2.5,0.98,1.21,-0.74,0.99,62.97,-5.16,13.84,14.77
IMG_1991,16/04/2024,Farm 2,section_B4,section_b4_18,21,31,3,double,96.68,74.29,5723.36,118.2166128,0.763425785,27.35,-0.7,14.46,33.53,104.41,71.57,1.01,20.07,0.98,1.03,-1.95,0.98,1.03,-1.24,0.99,47.64,-2.68,13.65,13.91
IMG_1992,16/04/2024,Farm 2,section_B4,section_b4_18,22,31,3,double,91.42,72.45,5193.56,99.65508816,0.760730994,35.67,1.42,13.75,27.04,86.71,94.15,1.05,21.38,0.98,1.08,-2.29,0.98,1.08,-1.38,0.99,58.77,-0.76,13.48,13.5
IMG_1995,16/04/2024,Farm 2,section_B4,section_b4_18,23,31,3,double,65.99,53.58,2818.23,36.83643899,0.745217265,32.93,-7.71,11.95,65.14,76.54,82.3,0,0,0,0,0,0,0,0,0,0,0,0,0
IMG_1996,16/04/2024,Farm 2,section_B3,section_b3_19,1,19,4,single,68,48.64,2658.92,40.37042868,0.746631973,31.17,-0.98,19.9,33.78,125.33,82.63,0,0,0,0,0,0,0,0,0,0,0,0,0
IMG_1997,16/04/2024,Farm 2,section_B3,section_b3_19,2,19,4,single,70.17,50.85,2899.37,44.43415988,0.748115978,30.68,-5.37,10.22,53.65,64.89,75.27,1.05,24.01,0.98,1.15,-2.1,0.99,1.16,-0.95,0.99,56.2,-8.27,10.87,13.66
IMG_1998,16/04/2024,Farm 2,section_B3,section_b3_19,3,19,4,single,72.33,63.03,3628.61,48.74370699,0.749551048,33.96,-5.25,15.56,45.51,88.24,83.84,0,0,0,0,0,0,0,0,0,0,0,0,0
IMG_1999,16/04/2024,Farm 2,section_B3,section_b3_19,4,19,4,single,83.72,69.86,4737.7,76.17811561,0.756511842,36.27,-4.75,13.11,48.85,72.35,89.01,1.05,23.83,0.98,1.14,-2.17,0.98,1.15,-0.83,0.99,61.77,-7.59,14.21,16.11
IMG_2000,16/04/2024,Farm 2,section_B3,section_b3_19,5,19,4,single,80.49,63.28,3970.97,67.5552544,0.754632739,34.09,-6.18,20.41,44.72,112.75,85.28,0.89,34.72,0.74,1.24,-3.14,0.95,1.31,0.62,0.91,65.06,-10.78,27.32,29.37
IMG_2001,16/04/2024,Farm 2,section_B3,section_b3_19,6,19,4,single,67.87,48.85,2652.29,40.13524788,0.746541667,32.27,-2.6,13.44,38.35,81.65,80.87,0,0,0,0,0,0,0,0,0,0,0,0,0
IMG_2002,16/04/2024,Farm 2,section_B3,section_b3_19,7,19,4,single,62.01,45.47,2284.87,30.46427916,0.74229272,27.98,-3.48,11.15,50.33,79.16,70.5,0.85,36.38,0.67,1.28,-4.62,0.93,1.27,-0.38,0.96,60.08,-9.09,13.81,16.53
IMG_2003,16/04/2024,Farm 2,section_B3,section_b3_19,8,19,4,single,63.9,51.5,2614.19,33.38889903,0.74370278,34.77,-1.53,13.66,34.99,80.45,87.85,1.1,25.46,0.98,1.21,-2.85,0.98,1.21,-0.66,0.99,63.61,-4.7,15.94,16.62
IMG_2004,16/04/2024,Farm 2,section_B3,section_b3_19,9,19,4,single,76.17,61.11,3743.31,57.08347651,0.75200592,36.65,-3.33,10.29,45.81,56.7,89.73,0,0,0,0,0,0,0,0,0,0,0,0,0
IMG_2005,16/04/2024,Farm 2,section_B3,section_b3_19,10,19,4,single,70.82,54.45,3057.81,45.70286098,0.748552131,32.07,-3.01,9.65,48.16,58.61,78.8,0.94,31.33,0.82,1.2,-2.45,0.97,1.25,-0.17,0.95,61.32,-6.08,11.88,13.35
IMG_2006,16/04/2024,Farm 2,section_B3,section_b3_19,11,19,4,single,70.21,54.68,3146.98,44.51154123,0.748142927,33.49,-1.35,10.4,38.81,65.12,83.78,0.76,38.62,0.62,1.3,-2.5,0.91,1.25,0.86,0.89,64.17,-4.26,13.9,14.54
IMG_2007,16/04/2024,Farm 2,section_B3,section_b3_19,12,19,4,single,75.21,69.85,4095.99,54.91515501,0.751403261,33.63,-7.21,8.71,67.95,56.6,82.83,1.08,25.03,0.98,1.19,-2.87,0.98,1.19,-0.89,0.99,61.18,-11.43,9.47,14.84
IMG_2008,16/04/2024,Farm 2,section_B3,section_b3_19,13,19,4,single,77.01,59.89,3744.18,59.02736088,0.752527437,30.07,-4.22,9.73,58.88,66.39,74.51,1.1,25.91,0.98,1.22,-2.7,0.98,1.23,-0.72,0.99,59.13,-7.86,11.22,13.7
IMG_2009,16/04/2024,Farm 2,section_B3,section_b3_19,14,19,4,single,73.29,56.95,3373.52,50.74602375,0.750176011,33.32,-8.74,9.46,72.26,60.46,82.63,0,0,0,0,0,0,0,0,0,0,0,0,0
IMG_2010,16/04/2024,Farm 2,section_B3,section_b3_19,15,19,4,single,76.62,56.17,3470.03,58.11939868,0.75228597,28.17,-4.19,13.11,49.12,89.16,70.8,0,0,0,0,0,0,0,0,0,0,0,0,0
IMG_2011,16/04/2024,Farm 2,section_B3,section_b3_19,16,19,4,single,78.29,63.91,4156.67,62.0742977,0.753311973,36.56,-6.64,14.79,53.89,80.67,90.68,0.76,37.1,0.6,1.19,-2.18,0.86,1.17,1.51,0.89,64.72,-10.06,18.82,21.34
IMG_2012,16/04/2024,Farm 2,section_B3,section_b3_19,17,19,4,single,82.07,58.32,3720.68,71.68625251,0.755560584,33.59,-8.27,12.55,65.06,75.59,83.49,1.07,24.89,0.98,1.17,-2.94,0.98,1.18,-0.91,0.99,60.76,-12.65,13.88,18.78
IMG_2013,16/04/2024,Farm 2,section_B3,section_b3_19,18,19,4,single,78.81,63.08,3991.68,63.34172678,0.753627263,32.03,-1.11,16.43,33.19,101.85,82.93,0,0,0,0,0,0,0,0,0,0,0,0,0
IMG_2014,16/04/2024,Farm 2,section_B3,section_b3_19,19,19,4,single,75.05,56.63,3389.23,54.5592415,0.751302118,30.72,-7.78,12.35,58.87,77.24,75.92,0,0,0,0,0,0,0,0,0,0,0,0,0
IMG_2015,16/04/2024,Farm 2,section_B3,section_b3_19,20,19,4,single,67.79,63.94,3499.55,39.99098018,0.746486014,37.49,-4.7,11.98,48.91,64.55,92.09,1.04,23.13,0.98,1.08,-2.52,0.96,1.11,-0.61,0.99,62.15,-7.6,12.63,14.74
IMG_2016,16/04/2024,Farm 2,section_B3,section_b3_20,1,19,4,single,78.83,60.48,3826.92,63.39081852,0.753639351,30.26,-8.33,11.16,63.15,76.6,75.52,0,0,0,0,0,0,0,0,0,0,0,0,0
IMG_2017,16/04/2024,Farm 2,section_B3,section_b3_20,2,19,4,single,89.03,66.96,4761.93,91.91211805,0.759458224,24.34,-11.12,8.63,83.53,84.28,62.57,1.03,23.74,0.98,1.11,-2.61,0.98,1.12,-1.12,0.99,48.73,-14.92,8.54,17.19
IMG_2018,16/04/2024,Farm 2,section_B3,section_b3_20,3,19,4,single,67.83,53.1,2885.35,40.06307036,0.746513848,26.41,-5.49,11.81,55.1,85.51,66.7,1.01,22.09,0.98,1.02,-2.53,0.96,1.06,-1.06,0.99,48.77,-8.15,11.41,14.02
IMG_2019,16/04/2024,Farm 2,section_B3,section_b3_20,4,19,4,single,70.53,61.15,3423.04,45.13385711,0.748358005,27.14,-7.26,8.88,67.38,67.48,67.87,1.12,26.03,0.98,1.23,-2.8,0.98,1.24,-0.81,0.99,56.46,-11.7,10.16,15.49
IMG_2020,16/04/2024,Farm 2,section_B3,section_b3_20,5,19,4,single,82.21,65.57,4363.88,72.06027395,0.755641989,35.11,-3.95,15.12,41.14,84.17,87.12,1.18,27.47,0.98,1.3,-2.83,0.98,1.31,-0.73,0.99,68.73,-7.97,19.06,20.66
IMG_2021,16/04/2024,Farm 2,section_B3,section_b3_20,6,19,4,single,72.28,59.87,3423.21,48.64090098,0.749518285,35.14,-5.39,15.31,45.16,84.97,86.9,1.12,26.15,0.98,1.23,-2.82,0.98,1.24,-0.73,0.99,65.52,-9.45,18.19,20.5
IMG_2022,16/04/2024,Farm 2,section_B3,section_b3_20,7,19,4,single,87.27,73.11,5161.85,86.47631543,0.758500324,23.75,-3.75,8.97,51.57,70.79,59.58,1.1,25.92,0.98,1.21,-2.86,0.98,1.22,-0.69,0.99,52.14,-7.39,10.24,12.63
IMG_2023,16/04/2024,Farm 2,section_B3,section_b3_20,8,19,4,single,83.32,77.33,5090.14,75.07229207,0.756282857,25.93,-8.86,7.98,77.4,76.73,65.94,1.16,27.52,0.98,1.28,-2.94,0.98,1.29,-0.61,0.99,57.53,-14.32,9.71,17.3
IMG_2024,16/04/2024,Farm 2,section_B3,section_b3_20,9,19,4,single,67.26,58.62,3075.86,39.0440046,0.746115748,27.68,-6.97,7.52,74.81,64.22,69.11,1.03,24.19,0.98,1.12,-2.04,0.98,1.13,-1.16,0.99,52.63,-9.86,7.36,12.3
IMG_2025,16/04/2024,Farm 2,section_B3,section_b3_20,10,19,4,single,80.06,60.58,3843.12,66.45938595,0.754377271,33.38,-2.84,12.8,39.83,75,82.68,1.16,27.01,0.98,1.27,-2.7,0.98,1.28,-0.72,0.99,65.59,-6.3,15.71,16.93
IMG_2026,16/04/2024,Farm 2,section_B3,section_b3_20,11,19,4,single,68.54,53.87,2921.38,41.35725537,0.747005367,36.21,-5.03,14.97,45.88,80.74,89.67,1.08,25.72,0.98,1.19,-2.72,0.98,1.2,-0.82,0.99,64.9,-8.71,17.13,19.21
IMG_2027,16/04/2024,Farm 2,section_B3,section_b3_20,12,19,4,single,92.49,69,5055.92,103.2592735,0.761290739,25.29,-8.89,10.15,69.32,82.54,64.28,1.08,25.43,0.98,1.18,-2.66,0.98,1.2,-0.87,0.99,52.82,-13.18,11.26,17.34
IMG_2028,16/04/2024,Farm 2,section_B3,section_b3_20,13,19,4,single,81.65,67.57,4410.6,70.57202507,0.755315585,31.74,-5.24,12.28,53.21,77.15,79.45,1.08,25.41,0.98,1.17,-2.74,0.98,1.19,-0.89,0.99,59.59,-8.89,13.69,16.33
IMG_2029,16/04/2024,Farm 2,section_B3,section_b3_20,14,19,4,single,75.24,58.59,3527.28,54.98206213,0.751422203,28.55,-5.49,14.54,50.28,95.13,71.55,1.08,25.58,0.98,1.18,-2.7,0.98,1.19,-0.88,0.99,56.33,-9.17,16.43,18.82
IMG_2030,16/04/2024,Farm 2,section_B3,section_b3_20,15,19,4,single,83.4,61.93,4091.55,75.2925873,0.756328736,28.46,-5.91,8.05,69.7,61.13,70.84,1.07,25.52,0.98,1.17,-2.69,0.98,1.18,-0.9,0.99,56.06,-9.63,8.63,12.92
IMG_2031,16/04/2024,Farm 2,section_B3,section_b3_20,16,19,4,single,90.62,68.97,4903.91,97.01634062,0.760308469,28.47,-4.64,12.89,50.44,87.44,71.07,1.03,23.75,0.98,1.12,-1.85,0.98,1.12,-1.27,0.99,53.07,-7.03,13.22,14.97
IMG_2032,16/04/2024,Farm 2,section_B3,section_b3_20,17,19,4,single,81.2,60.85,3919.79,69.39119837,0.755051774,28.09,-8.77,11.71,64.1,82.92,70.57,1.03,23.91,0.98,1.11,-2.01,0.98,1.12,-1.11,0.99,52.72,-11.76,12.02,16.81
IMG_2033,16/04/2024,Farm 2,section_B3,section_b3_20,18,19,4,single,83.6,69.01,4568.69,75.8452264,0.756443254,30.73,-10.18,16.62,57.77,104.74,77.6,1.06,25.31,0.98,1.17,-2.79,0.98,1.17,-0.78,0.99,58.02,-14.67,18.69,23.76
IMG_2034,16/04/2024,Farm 2,section_B3,section_b3_20,19,19,4,single,84.91,65.12,4400.48,79.5326121,0.757187061,28.82,-5.94,11.37,55.53,78.71,72.27,1.07,25.44,0.98,1.17,-2.78,0.98,1.18,-0.76,0.99,56.21,-9.74,12.65,15.97
IMG_2035,16/04/2024,Farm 2,section_B3,section_b3_20,20,19,4,single,79.37,66.14,4182.59,64.72598684,0.753964634,32.17,-3.15,14.28,50.71,89.06,81.92,1.07,25.48,0.98,1.17,-2.8,0.98,1.18,-0.77,0.99,59.93,-6.5,16.12,17.38
IMG_2036,16/04/2024,Farm 2,section_B3,section_b3_20,21,19,4,single,79.85,62.58,3915.13,65.92856661,0.754252039,32.81,-2.47,15.07,36,90.5,82.3,0.91,32.4,0.85,1.26,-2.32,0.95,1.24,-1.26,0.95,62.42,-5.43,17.36,18.18
IMG_2037,16/04/2024,Farm 2,section_B3,section_b3_20,22,19,4,single,79.9,62.15,4016.56,66.05469259,0.754281884,26.08,-4.13,12.17,45.66,85.41,64.98,1.13,26.96,0.98,1.25,-2.91,0.98,1.26,-0.57,0.99,56.54,-8.1,14.77,16.85
IMG_2038,16/04/2024,Farm 2,section_B3,section_b3_20,23,19,4,single,79.77,63.79,4052.57,65.72710207,0.754204251,29.97,-8.97,9.59,71.85,70.45,75.03,1.05,24.98,0.98,1.15,-2.86,0.98,1.15,-0.75,0.99,56.41,-13.19,10.31,16.74
IMG_2039,16/04/2024,Farm 2,section_B3,section_b3_20,24,19,4,single,83.53,63.52,4174.51,75.65149352,0.756403202,26.73,-3.23,11.69,44.47,81.5,67.6,1.02,22.95,0.98,1.05,-2.49,0.96,1.08,-0.78,0.99,50.14,-5.89,11.85,13.23
IMG_2042,16/04/2024,Farm 2,section_B3,section_b3_21,1,19,4,single,79.58,64.96,4106.9,65.25028388,0.754090574,30.24,-2.08,9.86,41.44,64.75,75.16,1.14,27.6,0.97,1.28,-2.72,0.98,1.29,-0.74,0.99,62.12,-5.38,11.99,13.15
IMG_2043,16/04/2024,Farm 2,section_B3,section_b3_21,2,19,4,single,71.3,63.22,3590.54,46.65522703,0.748871813,33.3,-2.67,15.37,37.2,90.49,83.74,1.07,27.19,0.97,1.22,-2.76,0.98,1.23,-0.78,0.99,62.93,-6.03,18.18,19.15
IMG_2044,16/04/2024,Farm 2,section_B3,section_b3_21,3,19,4,single,66.02,45.78,2460.98,36.88759306,0.745238675,28.09,-3.5,6.54,55.25,45.8,68.67,1.07,27.13,0.97,1.22,-2.81,0.98,1.23,-0.75,0.99,57.18,-7.07,7.28,10.15
IMG_2045,16/04/2024,Farm 2,section_B3,section_b3_21,4,19,4,single,79.18,62.28,4040.7,64.25407066,0.75385042,29.75,-7.35,9.3,65.43,65.4,73.83,1.04,27.95,0.97,1.2,-2.94,0.98,1.22,-0.88,0.99,59.01,-11.77,10.43,15.73
IMG_2046,16/04/2024,Farm 2,section_B3,section_b3_21,5,19,4,single,74.73,58.79,3491.47,53.85207457,0.751099224,32.83,-4.25,14.11,43.77,83.92,81.82,1.1,28.79,0.97,1.28,-2.93,0.98,1.29,-0.82,0.99,64.9,-8.35,17.34,19.25
IMG_2047,16/04/2024,Farm 2,section_B3,section_b3_21,6,19,4,single,69.23,53.14,2993.79,42.64163809,0.747478491,36.92,-0.43,11.13,33.87,65.98,93.56,1.02,26.74,0.97,1.17,-2.81,0.98,1.18,-1.01,0.99,64.52,-3.32,12.18,12.62
IMG_2048,16/04/2024,Farm 2,section_B3,section_b3_21,7,19,4,single,90.47,64.3,4550.24,96.52686555,0.760228857,31.05,-6.25,7.41,69.34,53.51,76.52,0.97,32.48,0.89,1.33,-2.33,0.96,1.3,-1.18,0.97,62.56,-10.61,8.42,13.55
IMG_2049,16/04/2024,Farm 2,section_B3,section_b3_21,8,19,4,single,73.64,55.3,3230.29,51.48957266,0.750401956,34.02,-6.84,7.83,70.38,58.84,84.35,1.04,27.45,0.97,1.19,-2.83,0.98,1.21,-0.92,0.99,62.8,-10.96,8.53,13.89
IMG_2050,16/04/2024,Farm 2,section_B3,section_b3_21,9,19,4,single,63.74,56.19,2834.09,33.13429746,0.743584934,36.52,-0.51,9.63,31.29,58.66,91.45,1.04,26.76,0.97,1.17,-2.7,0.98,1.18,-1.01,0.99,64.69,-3.3,10.38,10.89
IMG_2051,16/04/2024,Farm 2,section_B3,section_b3_21,10,19,4,single,73.75,63.82,3695.77,51.72476366,0.75047276,31.54,-4.52,15.37,43.86,94.53,78.34,1.04,27.33,0.97,1.18,-2.98,0.98,1.19,-0.84,0.99,60.03,-8.33,17.46,19.35
IMG_2052,16/04/2024,Farm 2,section_B3,section_b3_21,11,19,4,single,75.96,58.69,3541.11,56.6043252,0.751874698,31.47,-6.95,9.24,65.86,62.6,78.01,1.01,26.67,0.97,1.14,-3,0.98,1.15,-0.96,0.98,58.52,-10.96,9.71,14.64
IMG_2053,16/04/2024,Farm 2,section_B3,section_b3_21,12,19,4,single,81.39,66.63,4249.48,69.88813554,0.755163327,32.35,-3.78,10.37,46.42,63.8,79.39,1.04,27.15,0.97,1.18,-2.91,0.98,1.19,-0.93,0.99,60.77,-7.37,11.42,13.59
IMG_2054,16/04/2024,Farm 2,section_B3,section_b3_21,13,19,4,single,70.75,56.39,3073.21,45.56507615,0.748505342,31.92,-3.79,13.51,45.18,83.59,80.14,1.07,26.68,0.97,1.2,-2.9,0.98,1.21,-0.68,0.99,60.73,-7.46,15.67,17.36
IMG_2055,16/04/2024,Farm 2,section_B3,section_b3_21,14,19,4,single,74.87,58.48,3530.43,54.16069677,0.75118809,31.49,-3.27,10.44,45.25,65.05,77.55,1.01,25.15,0.97,1.12,-2.76,0.98,1.13,-0.85,0.99,56.95,-6.43,10.98,12.73
IMG_2056,16/04/2024,Farm 2,section_B3,section_b3_21,15,19,4,single,72.72,55.68,3229.17,49.55061359,0.749805871,31.77,-5.96,9.37,63.4,62.68,78.76,0.98,22.49,0.98,1.01,-2.61,0.96,1.04,-0.96,0.99,53.69,-8.64,8.78,12.32
IMG_2057,16/04/2024,Farm 2,section_B3,section_b3_21,16,19,4,single,84.7,58.88,3829.49,78.93356736,0.757068551,31.73,-5.67,8.29,61.38,55.12,78.02,1.12,28.16,0.97,1.26,-3.05,0.98,1.27,-0.62,0.99,63.76,-10.2,9.9,14.22
IMG_2058,16/04/2024,Farm 2,section_B3,section_b3_21,17,19,4,single,72.37,47.12,2634.79,48.82605694,0.749577243,27.82,-1.91,5.66,46.83,40.11,67.82,1.03,26.12,0.97,1.15,-2.75,0.98,1.16,-0.98,0.99,54.64,-4.95,5.61,7.48
IMG_2059,16/04/2024,Farm 2,section_B3,section_b3_21,18,19,4,single,66.97,65.19,3408.79,38.5322892,0.745911992,29.37,-2.87,8.27,49.98,55.03,72.16,1.11,26.9,0.98,1.24,-2.87,0.98,1.25,-0.58,0.99,59.56,-6.44,9.74,11.68
IMG_2060,16/04/2024,Farm 2,section_B3,section_b3_21,19,19,4,single,74.63,58.26,3445.01,53.63235568,0.751035653,28.29,0.29,14.5,30.47,102.92,75.25,1.07,25.88,0.98,1.19,-2.78,0.98,1.2,-0.85,0.99,56.05,-2.43,16.5,16.68
IMG_2061,16/04/2024,Farm 2,section_B3,section_b3_21,20,19,4,single,76.04,71.9,4238.44,56.78653881,0.751924727,33.04,-2.53,14.02,37.5,83.14,82.51,1.05,25.96,0.97,1.18,-2.81,0.98,1.19,-0.78,0.99,60.8,-5.8,15.87,16.89
IMG_2062,16/04/2024,Farm 2,section_B3,section_b3_21,21,19,4,single,81.3,66.17,4007.35,69.65244699,0.755110517,27.29,-5.16,8.84,57.34,63.4,67.61,1.16,29.35,0.97,1.34,-2.9,0.98,1.35,-0.58,0.99,60.91,-9.82,11.37,15.02
IMG_2064,16/04/2024,Farm 2,section_B3,section_b3_22,1,19,4,single,89.53,60.97,4198.31,93.49724747,0.75972712,29.75,-4.2,13.53,45.91,86.89,74.88,1.17,28.99,0.97,1.34,-2.85,0.98,1.35,-0.62,0.99,63.94,-8.47,17.71,19.63
IMG_2065,16/04/2024,Farm 2,section_B3,section_b3_22,2,19,4,single,68.22,54.62,2988.78,40.77053508,0.746784431,23.62,-5.89,9.29,63.29,74.32,59.44,1.16,28.1,0.97,1.31,-2.83,0.98,1.32,-0.57,0.99,55.48,-10.56,11.69,15.75
IMG_2066,16/04/2024,Farm 2,section_B3,section_b3_22,3,19,4,single,79.04,58.3,3693.21,63.90782741,0.753766097,27.44,-10.34,10.2,76.13,81.84,69.85,1.17,28.91,0.97,1.34,-2.88,0.98,1.35,-0.42,0.99,60.97,-16.73,13.32,21.38
IMG_2067,16/04/2024,Farm 2,section_B3,section_b3_22,4,19,4,single,72.25,63.94,3654.56,48.57928741,0.749498617,28.09,-6.61,9.94,60.02,68.25,69.45,1.05,25.89,0.97,1.18,-2.8,0.98,1.19,-1,0.99,55.44,-10.59,10.81,15.13
IMG_2068,16/04/2024,Farm 2,section_B3,section_b3_22,5,19,4,single,81.06,61.95,4170.9,69.0265585,0.754969419,35.38,-5.5,10.47,53.8,60.37,86.64,1.12,27.31,0.97,1.26,-2.84,0.98,1.27,-0.58,0.99,67.05,-9.77,12.68,16.01
IMG_2069,16/04/2024,Farm 2,section_B3,section_b3_22,6,19,4,single,78.48,59.39,3740.12,62.53540011,0.753427402,27.48,-5.87,11.99,58.36,82.02,68.36,1.05,25.87,0.97,1.18,-2.68,0.98,1.18,-0.76,0.99,54.81,-9.6,13.45,16.52
IMG_2070,16/04/2024,Farm 2,section_B3,section_b3_22,7,19,4,single,68.02,57.1,3109.14,40.40669239,0.746645852,25.95,-6.75,5.98,86.07,58.04,65.39,1.13,27.56,0.97,1.28,-2.83,0.98,1.29,-0.93,0.99,56.98,-11.47,6.79,13.33
IMG_2071,16/04/2024,Farm 2,section_B3,section_b3_22,8,19,4,single,66.68,50.82,2686.62,38.0251033,0.745707407,30.48,-4.1,12.46,46.89,77.74,75.37,1.05,25.77,0.97,1.17,-2.73,0.98,1.18,-1.1,0.99,57.66,-7.52,13.63,15.56
IMG_2072,16/04/2024,Farm 2,section_B3,section_b3_22,9,19,4,single,74.27,61.67,3636.96,52.84635985,0.750806134,29.05,-5.4,6.1,71.26,46.4,71.46,1.04,25.41,0.97,1.15,-2.74,0.98,1.17,-1.15,0.99,55.58,-8.96,5.97,10.77
IMG_2073,16/04/2024,Farm 2,section_B3,section_b3_22,10,19,4,single,62.9,49.92,2506.43,31.81903182,0.74296166,34.39,-5.83,10,58.3,60.97,85.11,1.05,25.93,0.97,1.17,-2.83,0.98,1.18,-0.89,0.99,62.01,-9.66,10.95,14.61
IMG_2074,16/04/2024,Farm 2,section_B3,section_b3_22,11,19,4,single,65.17,50.98,2656.26,35.45663086,0.744628496,30.46,-6.3,8.71,66.51,61.88,75.48,1.01,22.69,0.98,1.04,-2.6,0.97,1.07,-0.85,0.99,53.4,-9.15,8.49,12.48
IMG_2075,16/04/2024,Farm 2,section_B3,section_b3_22,12,19,4,single,61.46,48.22,2371.04,29.646778,0.74187482,32.23,-3.95,12.77,43.35,76.14,79.16,1.04,25.72,0.97,1.16,-2.7,0.98,1.18,-1.13,0.99,59.38,-7.3,13.94,15.73
IMG_2076,16/04/2024,Farm 2,section_B3,section_b3_22,13,19,4,single,74.57,57.31,3416.42,53.50081416,0.750997472,32.8,0.42,18.74,30.61,116.92,87.93,1.04,25.6,0.97,1.16,-2.75,0.98,1.17,-0.85,0.99,59.72,-2.27,21.04,21.16
IMG_2077,16/04/2024,Farm 2,section_B3,section_b3_22,14,19,4,single,81.59,67.49,4488.15,70.41380679,0.755280489,31.36,-2.72,7.97,51.74,53.04,77.29,1.08,26.55,0.97,1.21,-2.86,0.98,1.22,-0.64,0.99,60.49,-6.16,9.09,10.98
IMG_2078,16/04/2024,Farm 2,section_B3,section_b3_22,15,19,4,single,71.41,71.28,3964.16,46.87534111,0.74894479,30.36,-3.79,10.79,47.73,68.99,75.09,1.05,25.67,0.97,1.17,-2.62,0.98,1.18,-0.87,0.99,57.45,-7.04,11.81,13.75
IMG_2079,16/04/2024,Farm 2,section_B3,section_b3_22,16,19,4,single,71.95,58.82,3372.73,47.9660358,0.749301518,22.74,-9.15,7.91,78.69,78.35,58.32,1.2,28.43,0.98,1.35,-2.85,0.98,1.35,-0.5,0.99,55.67,-15.18,10.21,18.3
IMG_2080,16/04/2024,Farm 2,section_B3,section_b3_22,17,19,4,single,68.51,58.91,3128.54,41.3020107,0.746984695,26.38,-1.22,17.19,34.49,124.42,69.89,1.03,23.12,0.98,1.07,-2.45,0.97,1.1,-1.02,0.99,50.3,-3.75,17.84,18.23
IMG_2081,16/04/2024,Farm 2,section_B3,section_b3_22,18,19,4,single,67.18,63.78,3315.07,38.90238814,0.746059622,38.48,-4.36,9.8,48.67,51.85,93.67,1.06,25.98,0.97,1.18,-2.73,0.98,1.19,-0.8,0.99,66.87,-7.9,10.9,13.46
IMG_2082,16/04/2024,Farm 2,section_B3,section_b3_22,19,19,4,single,80.46,52.82,3572.83,67.47840704,0.754614957,33.93,-5.21,6.11,72.02,41.84,82.94,1.07,26.28,0.97,1.2,-2.76,0.98,1.21,-0.69,0.99,62.69,-9,6.69,11.21
IMG_2083,16/04/2024,Farm 2,section_B3,section_b3_22,20,19,4,single,71.57,60.06,3374.5,47.19675205,0.74905075,30.78,-5.98,11.7,56.62,74.34,76.18,1.06,25.88,0.98,1.18,-2.86,0.98,1.19,-0.71,0.99,58.59,-9.94,13.19,16.52
IMG_2084,16/04/2024,Farm 2,section_B3,section_b3_22,21,19,4,single,80.72,58.3,3729.46,68.14637371,0.75476886,27.56,-5.43,7.53,80.41,60.08,69.25,1.05,25.49,0.97,1.16,-2.82,0.98,1.17,-0.73,0.99,54.48,-9.13,8.1,12.21
IMG_2085,16/04/2024,Farm 2,section_B3,section_b3_22,22,19,4,single,67.65,53.62,2921.83,39.73935155,0.746388472,22.29,-5.12,7.79,61.36,65.88,55.96,1.04,25.3,0.97,1.15,-2.65,0.98,1.16,-0.9,0.99,48.4,-8.52,8.14,11.79
IMG_2086,16/04/2024,Farm 2,section_B3,section_b3_22,23,19,4,single,68.44,54.64,2955.01,41.1732995,0.746936428,33.25,-1.47,16.53,34.08,99.26,85.5,1.04,25.02,0.97,1.14,-2.8,0.98,1.15,-0.71,0.99,59.44,-4.49,18.27,18.81
IMG_2088,16/04/2024,Farm 2,section_B2,section_b2_23,1,31,4,double,127.76,82.56,8114.43,276.8820526,0.77699624,29.63,-3.66,8.82,55.74,64.56,74.36,1.15,26.91,0.88,1.27,-1.74,0.98,1.25,0.35,0.95,60.93,-6.4,11.41,13.08
IMG_2089,16/04/2024,Farm 2,section_B2,section_b2_23,2,31,4,double,121.67,96.05,9135.11,238.5239333,0.774601163,21.87,-4.16,4.95,71.44,54.48,55.32,1.11,22.78,0.97,1.16,-2.65,0.98,1.15,-0.79,0.99,47.08,-7.46,4.89,8.92
IMG_2090,16/04/2024,Farm 2,section_B2,section_b2_23,3,31,4,double,107.17,82.57,7199.27,161.9081507,0.76841286,23.59,-4.01,8.52,53.53,66.98,58.71,1.13,23.03,0.97,1.16,-2.39,0.98,1.16,-0.57,0.99,49.57,-7.05,9.31,11.67
IMG_2091,16/04/2024,Farm 2,section_B2,section_b2_23,4,31,4,double,99.11,84.52,6702.87,127.5248035,0.764624626,33.82,-4.23,10.68,48.3,64.15,83.36,1.08,21.42,0.97,1.11,-1.49,0.98,1.11,-0.94,0.99,57.95,-6.19,10.93,12.56
IMG_2092,16/04/2024,Farm 2,section_B2,section_b2_23,5,31,4,double,128.88,89.19,8829.31,284.3599164,0.777425036,30.37,-5.87,7.84,65.29,57.85,75.13,1.12,22.78,0.97,1.15,-2.49,0.98,1.14,-0.53,0.99,56.69,-9.26,8.44,12.53
IMG_2093,16/04/2024,Farm 2,section_B2,section_b2_23,6,31,4,double,124.18,65.61,6297.49,253.8681854,0.775601608,29.37,-5.57,7.86,61.33,54.99,72.11,1.11,22.69,0.97,1.15,-2.55,0.98,1.14,-0.58,0.99,55.24,-8.93,8.36,12.24
IMG_2094,16/04/2024,Farm 2,section_B2,section_b2_23,7,31,4,double,108.27,103.45,8589.78,167.0357425,0.768909018,30.24,-3.25,9.17,50.75,62.6,75.03,1.19,24.07,0.97,1.23,-2.43,0.98,1.23,-0.6,0.99,60.14,-6.43,10.67,12.46
IMG_2095,16/04/2024,Farm 2,section_B2,section_b2_23,8,31,4,double,112.35,94.17,8451.4,187.0075099,0.770708981,35.43,-4.73,11.76,47.05,66.31,86.93,1.24,25.19,0.97,1.29,-2.58,0.98,1.28,-0.42,0.99,69.21,-8.67,14.65,17.02
IMG_2096,16/04/2024,Farm 2,section_B2,section_b2_23,9,31,4,double,109.8,108.25,9287.33,174.3477289,0.769591335,34.36,-3.22,6.54,55.16,40.93,83.45,1.22,24.52,0.97,1.26,-2.68,0.98,1.26,-0.37,0.99,66.58,-6.75,7.84,10.35
IMG_2097,16/04/2024,Farm 2,section_B2,section_b2_23,10,31,4,double,123.79,92.54,9278.9,251.4417041,0.77544741,24.75,-4.81,6.96,66.38,58.87,61.96,1.25,25.15,0.97,1.29,-2.53,0.98,1.29,-0.42,0.99,56.15,-8.76,8.56,12.25
IMG_2098,16/04/2024,Farm 2,section_B2,section_b2_23,11,31,4,double,118.53,103.82,9553.17,220.2226985,0.773322028,32.29,-0.96,9.66,39.6,63.52,81.13,1.13,22.85,0.97,1.16,-2.11,0.98,1.17,-0.9,0.99,59.4,-3.23,10.36,10.85
IMG_2099,16/04/2024,Farm 2,section_B2,section_b2_23,12,31,4,double,99.42,76.76,6102.67,128.7465733,0.764775579,34.1,-1.71,11.24,36.39,68.26,85.03,1.1,22.64,0.96,1.14,-2.36,0.98,1.14,-0.7,0.99,60.31,-4.31,12.07,12.82
IMG_2100,16/04/2024,Farm 2,section_B2,section_b2_23,13,31,4,double,100.65,70.24,5384.98,133.6718266,0.76537021,35.11,-1.78,10.44,40.02,62,87.02,1.1,22.67,0.96,1.14,-2.43,0.98,1.13,-0.64,0.99,61.37,-4.47,11.2,12.05
IMG_2101,16/04/2024,Farm 2,section_B2,section_b2_23,14,31,4,double,108.07,73.52,6449.51,166.0954476,0.76881916,24.54,-2.46,5.99,70.2,55.52,61.56,1.05,21.08,0.97,1.08,-2.18,0.98,1.08,-0.91,0.99,46.92,-4.83,5.54,7.35
IMG_2102,16/04/2024,Farm 2,section_B2,section_b2_23,15,31,4,double,104.84,75.54,6397.9,151.3986849,0.767345955,31.8,-2.15,12.43,41.44,79.18,80.85,1.13,23.03,0.97,1.17,-2.54,0.98,1.16,-0.48,0.99,59,-5.06,13.98,14.87
IMG_2103,16/04/2024,Farm 2,section_B2,section_b2_23,16,31,4,double,121.71,87.25,8217.01,238.7634367,0.774617258,22.07,-5.3,6.73,70.17,71.53,56.54,1.13,23.01,0.97,1.17,-2.42,0.98,1.16,-0.55,0.99,47.96,-8.61,7.28,11.28
IMG_2104,16/04/2024,Farm 2,section_B2,section_b2_23,17,31,4,double,130.08,85.19,8352.24,292.5213376,0.777880604,29.49,-3.05,10.71,43.65,71.36,73,1.19,24.33,0.97,1.23,-2.44,0.98,1.23,-0.49,0.99,59.53,-6.19,12.69,14.12
IMG_2105,16/04/2024,Farm 2,section_B2,section_b2_23,18,31,4,double,111.21,99.64,8729.34,181.2740591,0.770212296,36.81,-1.93,11.57,37.15,65.4,91.6,1.2,24.48,0.97,1.25,-2.2,0.98,1.24,-0.4,0.99,68.67,-4.6,13.93,14.67
IMG_2106,16/04/2024,Farm 2,section_B2,section_b2_23,19,31,4,double,113.44,95.57,8525.6,192.6023526,0.771179485,28.33,-5.21,8.96,57.03,63.66,69.8,1.2,24.56,0.97,1.24,-2.54,0.98,1.24,-0.51,0.99,58.59,-9.02,10.6,13.92
IMG_2107,16/04/2024,Farm 2,section_B2,section_b2_23,20,31,4,double,122.46,83.7,7719.62,243.2841208,0.774918113,30.61,-4.9,9.26,54.92,62.35,75.47,1.12,22.79,0.97,1.15,-2.38,0.98,1.15,-0.6,0.99,56.96,-8.03,10.03,12.85
IMG_2108,16/04/2024,Farm 2,section_B2,section_b2_24,1,31,4,double,97.6,80.41,6308.79,121.6849594,0.763882953,23.99,-4.58,8.77,56.61,71.57,60.11,1.13,22.96,0.96,1.17,-1.71,0.98,1.17,-0.73,0.99,50.12,-7.07,9.56,11.89
IMG_2109,16/04/2024,Farm 2,section_B2,section_b2_24,2,31,4,double,94.05,79.39,5988.28,108.6694941,0.76209604,21.59,-6.16,7.67,66.63,69.36,54.97,1.07,21.6,0.97,1.1,-2.48,0.98,1.1,-0.99,0.99,44.64,-9.26,7.4,11.85
IMG_2110,16/04/2024,Farm 2,section_B2,section_b2_24,3,31,4,double,105.45,84.18,6915.44,154.1043453,0.767627403,28.02,-3.9,7.78,56.86,57.29,69.06,1.01,19.96,0.97,1.03,-1.53,0.98,1.04,-1.28,0.99,48.28,-5.56,6.78,8.77
IMG_2111,16/04/2024,Farm 2,section_B2,section_b2_24,4,31,4,double,109.73,81.01,7192.68,174.0085847,0.769560313,33.99,-3.96,11.33,45.28,66.17,83.49,1.22,24.7,0.97,1.27,-2.52,0.98,1.26,-0.46,0.99,66.33,-7.55,13.83,15.76
IMG_2112,16/04/2024,Farm 2,section_B2,section_b2_24,5,31,4,double,103.65,86.36,7322.92,146.2127299,0.766792456,29.34,-5.02,8.62,56.7,59.04,72.14,1.22,24.78,0.97,1.27,-2.5,0.98,1.26,-0.46,0.99,60.68,-8.87,10.43,13.7
IMG_2113,16/04/2024,Farm 2,section_B2,section_b2_24,6,31,4,double,99.88,87.56,7093.9,130.5739907,0.764998764,20.27,-4.52,6.15,67.41,64.53,51.84,1.07,21.57,0.97,1.1,-2.52,0.98,1.09,-1.02,0.99,43.23,-7.49,5.71,9.42
IMG_2114,16/04/2024,Farm 2,section_B2,section_b2_24,7,31,4,double,93.35,75.24,5594.13,106.2188447,0.761736247,32.78,-1.94,10.91,44.51,68.57,82,1.13,22.92,0.96,1.17,-1.45,0.98,1.17,-1.05,0.99,60.12,-3.72,11.73,12.3
IMG_2115,16/04/2024,Farm 2,section_B2,section_b2_24,8,31,4,double,114.83,90.39,8610,199.8989275,0.77177338,30.94,-2.99,7.94,49.64,53.52,76.28,1.11,24.43,0.94,1.17,-2.56,0.98,1.19,-0.79,0.97,58.74,-6.06,8.64,10.56
IMG_2116,16/04/2024,Farm 2,section_B2,section_b2_24,9,31,4,double,119.18,96.25,9167.55,223.9307573,0.773589402,28.15,-3.86,9.78,49.29,65.84,69.46,1.1,22.25,0.97,1.13,-2.44,0.98,1.12,-0.57,0.99,53.14,-6.8,10.41,12.44
IMG_2117,16/04/2024,Farm 2,section_B2,section_b2_24,10,31,4,double,107.83,87.54,7545.99,164.9718003,0.768711124,29,-5.03,14,47.04,91.47,72.34,0,0,0,0,0,0,0,0,0,0,0,0,0
IMG_2118,16/04/2024,Farm 2,section_B2,section_b2_24,11,31,4,double,100.24,99.65,7979.09,132.01625,0.76517276,30.74,-5.26,8.44,60.07,58.89,75.96,1.16,23.48,0.97,1.2,-2.41,0.98,1.19,-0.58,0.99,59.1,-8.7,9.47,12.86
IMG_2119,16/04/2024,Farm 2,section_B2,section_b2_24,12,31,4,double,101.92,82.24,6660.22,138.8885846,0.765977077,24.72,-4.22,10.28,48.02,75.84,61.47,1.16,23.5,0.97,1.19,-2.37,0.98,1.19,-0.66,0.99,52.08,-7.4,11.58,13.74
IMG_2120,16/04/2024,Farm 2,section_B2,section_b2_24,13,31,4,double,105.69,103.49,8601.89,155.177718,0.767737719,28.17,-7.83,6.8,77.5,65.62,70.48,1.13,22.93,0.97,1.17,-2.4,0.98,1.16,-0.59,0.99,54.87,-11.53,7.31,13.65
IMG_2121,16/04/2024,Farm 2,section_B2,section_b2_24,14,31,4,double,108.49,91.23,7603.97,168.0741942,0.769007683,27.4,-3.5,6.71,61.85,51.72,67.91,0,0,0,0,0,0,0,0,0,0,0,0,0
IMG_2122,16/04/2024,Farm 2,section_B2,section_b2_24,15,31,4,double,113.97,91.26,8342.74,195.3629901,0.771406734,25.61,-4.89,8.79,65.51,68.2,64.13,1.21,24.49,0.97,1.25,-2.61,0.98,1.24,-0.55,0.99,55.49,-8.74,10.4,13.58
IMG_2123,16/04/2024,Farm 2,section_B2,section_b2_24,16,31,4,double,103.91,89.29,7541.21,147.3354302,0.766913895,30.05,-2.4,10.95,43.78,73.15,75.11,1.19,24.23,0.97,1.24,-2.55,0.98,1.23,-0.52,0.99,60.06,-5.52,12.91,14.04
IMG_2124,16/04/2024,Farm 2,section_B2,section_b2_24,17,31,4,double,93.17,81.53,6096.11,105.5947415,0.76164332,31.09,-3.84,8.1,50.92,51.62,75.92,1.22,24.52,0.97,1.26,-2.57,0.98,1.25,-0.43,0.99,62.45,-7.42,9.73,12.23
IMG_2125,16/04/2024,Farm 2,section_B2,section_b2_24,18,31,4,double,77.8,61.92,3783.13,60.89570167,0.753013073,29.3,-2.31,10.2,40.01,68.58,72.95,1.07,24.3,0.94,1.14,-2.46,0.98,1.16,-0.78,0.97,55.69,-5.09,11.06,12.18
IMG_2126,16/04/2024,Farm 2,section_B2,section_b2_24,19,31,4,double,96.45,86.85,6802.95,117.360038,0.763310857,26.36,-4.39,6.42,62.69,50.42,64.97,1.19,24.03,0.97,1.23,-2.49,0.98,1.22,-0.54,0.99,55.35,-7.88,7.29,10.74
IMG_2127,16/04/2024,Farm 2,section_B2,section_b2_24,20,31,4,double,108.99,88.64,7675.96,170.4504394,0.769231226,31.41,-3.94,10.27,47.16,64.05,77.19,1.13,22.97,0.97,1.16,-2.49,0.98,1.16,-0.49,0.99,58.39,-7.07,11.37,13.39
IMG_2130,16/04/2024,Farm 2,section_B2,section_b2_25,1,31,4,double,145.22,99.58,11092.24,409.4016111,0.783313094,27.2,-2.21,10.49,42,78.72,69,1.34,26.09,0.96,1.4,-1.66,0.98,1.38,-0.82,0.99,62.42,-4.75,13.71,14.51
IMG_2133,16/04/2024,Farm 2,section_B2,section_b2_25,2,31,4,double,141.81,94.05,10250.34,380.7515821,0.782137459,30.71,-1.09,11.76,38.73,80.51,78.28,1.21,24.4,0.97,1.26,-1.91,0.98,1.26,-0.88,0.99,61.66,-3.28,13.9,14.28
IMG_2134,16/04/2024,Farm 2,section_B2,section_b2_25,3,31,4,double,115.94,89.35,8185.61,205.857439,0.772242825,23.7,-3.93,9.03,66.54,80.31,60.63,1.25,24.76,0.97,1.29,-1.73,0.98,1.29,-0.7,0.99,54.31,-6.8,10.9,12.85
IMG_2135,16/04/2024,Farm 2,section_B2,section_b2_25,4,31,4,double,108.48,82.59,7099.12,168.0268979,0.769003203,31.54,-3.84,9.02,50.12,58.1,77.59,1.33,25.76,0.97,1.39,-2.36,0.98,1.38,-0.57,0.99,67.85,-7.7,11.85,14.13
IMG_2136,16/04/2024,Farm 2,section_B2,section_b2_25,5,31,4,double,112.84,87.68,7989.31,189.5089025,0.770921019,27.3,-4.52,7.63,57.8,54.56,67.11,1.35,25.76,0.97,1.4,-2.22,0.98,1.39,-0.55,0.99,62.54,-8.54,10.03,13.17
IMG_2137,16/04/2024,Farm 2,section_B2,section_b2_25,6,31,4,double,115.1,93.25,8597.1,201.3374726,0.77188796,34.13,-3.41,9.55,48.3,57.45,83.57,1.19,24.37,0.97,1.24,-2.05,0.98,1.24,-0.55,0.99,64.94,-6.29,11.26,12.9
IMG_2138,16/04/2024,Farm 2,section_B2,section_b2_25,7,31,4,double,103.14,81.99,6597.96,144.0272479,0.766553417,27.51,-3,8.88,48.79,63.66,68.31,1.13,23.06,0.96,1.17,-2.4,0.98,1.16,-0.65,0.99,54.11,-5.9,9.66,11.32
IMG_2139,16/04/2024,Farm 2,section_B2,section_b2_25,8,31,4,double,0,0,0,0,0,28.32,-4.98,7.77,60.78,55.28,69.66,1.06,21.07,0.97,1.1,-1.49,0.98,1.09,-1.14,0.99,51.2,-6.97,7.35,10.13
IMG_2140,16/04/2024,Farm 2,section_B2,section_b2_25,9,31,4,double,100.92,80.71,6676.5,134.7696741,0.765499827,31.95,-5.25,7.35,63.8,49.57,78.26,1.14,23.23,0.96,1.18,-2.43,0.98,1.17,-0.67,0.99,59.6,-8.63,7.94,11.73
IMG_2141,16/04/2024,Farm 2,section_B2,section_b2_25,10,31,4,double,92.39,73.09,5362.45,102.91878,0.761238684,37.72,-2.65,10.53,40.16,57,92.61,1.15,23.28,0.97,1.18,-2.43,0.98,1.18,-0.3,0.99,66.63,-5.56,12.07,13.29
IMG_2142,16/04/2024,Farm 2,section_B2,section_b2_25,11,31,4,double,126.32,91.98,9246.54,267.4634893,0.776439726,32.73,-2.61,10.71,45.28,67.21,81.1,1.24,25.54,0.97,1.3,-1.88,0.98,1.3,-0.49,0.99,66.24,-5.29,13.43,14.43
IMG_2143,16/04/2024,Farm 2,section_B2,section_b2_25,12,31,4,double,106.04,84.75,7132.41,156.7520483,0.767898177,28.2,-3.98,8.86,53.83,62.95,70.21,1.07,21.93,0.97,1.11,-2.31,0.98,1.1,-0.88,0.99,52.14,-6.72,8.9,11.15
IMG_2144,16/04/2024,Farm 2,section_B2,section_b2_25,13,31,4,double,113.18,85.84,8004.7,191.2577215,0.771067641,34.99,-2.46,9.79,42.86,56.55,85.7,1.14,23.44,0.96,1.19,-2.29,0.98,1.18,-0.35,0.99,63.47,-5.2,11.18,12.33
IMG_2145,16/04/2024,Farm 2,section_B2,section_b2_25,14,31,4,double,98.34,76.07,6033.46,124.5238701,0.764247755,26.42,-1.25,10.32,37.26,77.33,67.19,1.18,24.03,0.97,1.22,-2.52,0.98,1.21,-0.55,0.99,55.14,-4.05,11.97,12.63
IMG_2146,16/04/2024,Farm 2,section_B2,section_b2_25,15,31,4,double,118.28,80.99,7410.02,218.8075898,0.773218826,32.45,-3.71,9.71,51.66,60.46,79.92,1.07,21.85,0.96,1.11,-2.3,0.98,1.1,-0.86,0.99,56.53,-6.41,9.82,11.73
IMG_2147,16/04/2024,Farm 2,section_B2,section_b2_25,16,31,4,double,100.19,86.28,7046.36,131.8152988,0.765148629,29.31,-6.71,8.33,65.15,59.99,72.49,1.2,24.22,0.97,1.24,-2.53,0.98,1.23,-0.57,0.99,59.31,-10.83,9.69,14.53
IMG_2148,16/04/2024,Farm 2,section_B2,section_b2_25,17,31,4,double,0,0,0,0,0,24.47,-4.38,5.57,85.26,57.9,62.13,1.06,21.27,0.97,1.09,-2.31,0.98,1.08,-0.89,0.99,47.11,-7.08,5.14,8.75
IMG_2149,16/04/2024,Farm 2,section_B2,section_b2_25,18,31,4,double,127.82,87.77,8945.13,277.2792599,0.7770193,26.97,-4.77,5.72,79.43,53.68,67.23,1.25,25.61,0.97,1.31,-2.52,0.98,1.3,-0.48,0.99,59.43,-8.75,6.96,11.18
IMG_2150,16/04/2024,Farm 2,section_B2,section_b2_25,19,31,4,double,107.53,83.41,7172.31,163.5744443,0.768575762,30.94,-1.82,10.93,37.46,70.76,77.52,1.14,23.32,0.97,1.18,-2.47,0.98,1.18,-0.65,0.99,58.62,-4.62,12.2,13.04
IMG_2151,16/04/2024,Farm 2,section_B2,section_b2_25,20,31,4,double,0,0,0,0,0,34.69,-0.09,10.87,31.3,68.8,88.45,1.14,23.22,0.97,1.18,-2.37,0.98,1.18,-0.67,0.99,62.86,-2.48,12.14,12.39
IMG_2152,16/04/2024,Farm 2,section_B2,section_b2_25,21,31,4,double,115.65,86.77,7993.95,204.2893442,0.772120585,28.3,-7.01,6.6,75.38,58.87,70.4,1.12,23.19,0.96,1.17,-2.37,0.98,1.16,-0.71,0.99,55,-10.56,6.96,12.65
IMG_2153,16/04/2024,Farm 2,section_B2,section_b2_25,22,31,4,double,108.79,82.87,7174.16,169.4972488,0.769141925,28.65,-4.03,9.39,50.67,62.9,70.49,1.25,25.41,0.97,1.3,-2.65,0.98,1.29,-0.46,0.99,61.2,-7.88,11.69,14.09
IMG_2154,16/04/2024,Farm 2,section_B2,section_b2_25,23,31,4,double,99.52,81.34,6542.19,129.1423653,0.76482418,27.69,-3.64,7.73,56.48,56.89,68.38,1.07,21.92,0.96,1.1,-2.48,0.98,1.1,-0.64,0.99,51.58,-6.5,7.86,10.19
IMG_2155,16/04/2024,Farm 2,section_B2,section_b2_25,24,31,4,double,125.01,89.32,8776.03,259.0845525,0.775928267,32.51,-5.14,7.28,71.42,50.83,80.24,1.09,22.37,0.96,1.12,-2.44,0.98,1.11,-0.36,0.99,57.69,-8.22,7.75,11.29
IMG_2156,16/04/2024,Farm 2,section_B2,section_b2_26,1,31,4,double,116.31,98.01,8927.78,207.8698365,0.772398372,35.09,-3.88,9.79,48.62,56.02,85.79,1.21,24.44,0.98,1.26,-2.54,0.98,1.25,-0.49,0.99,67.04,-7.43,11.78,13.93
IMG_2157,16/04/2024,Farm 2,section_B2,section_b2_26,2,31,4,double,138.12,67.64,6964.1,351.3027786,0.780835074,31.29,-6.8,4.61,86.09,48.67,77.24,1.19,24,0.98,1.23,-2.55,0.98,1.23,-0.74,0.99,61.27,-10.95,4.95,12.02
IMG_2158,16/04/2024,Farm 2,section_B2,section_b2_26,3,31,4,double,122.12,92.04,8844.61,241.2276777,0.77478194,30.37,-3.88,6.83,57.59,46.67,74.22,1.2,24,0.98,1.24,-2.59,0.98,1.23,-0.35,0.99,60.34,-7.39,8.03,10.92
IMG_2159,16/04/2024,Farm 2,section_B2,section_b2_26,4,31,4,double,119.34,89.86,8377.29,224.8499053,0.773655007,26.29,-5.37,6.64,69.27,55.29,65.43,1.15,24.46,0.97,1.2,-1.89,0.98,1.21,-0.93,0.99,54.57,-8.36,7.11,10.97
IMG_2160,16/04/2024,Farm 2,section_B2,section_b2_26,5,31,4,double,122.35,72.75,6969.7,242.6175161,0.774874096,38.02,-4.13,6.49,59.09,36.56,91.98,1.1,23.62,0.96,1.16,-2.25,0.98,1.15,-0.46,0.99,65.51,-7.04,7.02,9.95
IMG_2161,16/04/2024,Farm 2,section_B2,section_b2_26,6,31,4,double,114.17,88.17,8035.02,196.411616,0.771492232,32.8,-4.21,8.74,54.07,56.2,80.86,1.09,23.21,0.96,1.14,-2.38,0.98,1.13,-0.52,0.99,58.82,-7.19,9.4,11.83
IMG_2162,16/04/2024,Farm 2,section_B2,section_b2_26,7,31,4,double,99.28,75.08,5840.75,128.1938362,0.764707462,30.08,-0.68,9.84,55.75,71.55,76.83,1.13,26,0.94,1.22,-2.16,0.98,1.23,-0.49,0.99,60.09,-2.99,11.61,11.99
IMG_2163,16/04/2024,Farm 2,section_B2,section_b2_26,8,31,4,double,133.09,100.53,10646.91,313.6829235,0.779006224,31.79,-6.4,7.56,70.16,53.47,78.52,1.21,24.57,0.98,1.26,-2.56,0.98,1.25,-0.21,0.99,63.13,-10.64,9.23,14.09
IMG_2164,16/04/2024,Farm 2,section_B2,section_b2_26,9,31,4,double,91.79,82.29,5684.27,100.8916617,0.760925241,36.26,0.49,10.55,30.06,66.34,92.82,1.28,25.79,0.98,1.33,-2.35,0.98,1.33,-0.33,0.99,72.13,-1.7,13.66,13.76
IMG_2165,16/04/2024,Farm 2,section_B2,section_b2_26,10,31,4,double,121.05,95.65,9091.49,234.8322621,0.774351065,36.14,-0.52,11.92,32.84,72.01,92.1,1.22,24.85,0.98,1.27,-2.53,0.98,1.26,-0.04,0.99,68.9,-3.2,14.93,15.27
IMG_2166,16/04/2024,Farm 2,section_B2,section_b2_26,11,31,4,double,101.57,90.44,7334.21,137.437476,0.765810541,27.18,-3.45,7.38,50.98,53.83,66.89,1.19,24.47,0.97,1.24,-2.52,0.98,1.23,-0.64,0.99,56.82,-6.79,8.47,10.85
IMG_2167,16/04/2024,Farm 2,section_B2,section_b2_26,12,31,4,double,110.95,90.18,7914.41,179.9831993,0.770098349,30.97,-5.18,7.87,60.93,53.83,76.11,1.21,24.75,0.98,1.26,-2.48,0.98,1.26,-0.58,0.99,62.11,-9.01,9.32,12.96
IMG_2168,16/04/2024,Farm 2,section_B2,section_b2_26,13,31,4,double,120.18,94.44,9090.72,229.7170836,0.77399809,33.8,-1.69,9.5,36.45,57.37,83.35,1.14,23.51,0.97,1.18,-2.49,0.98,1.18,-0.55,0.99,62.01,-4.49,10.67,11.57
IMG_2169,16/04/2024,Farm 2,section_B2,section_b2_26,14,31,4,double,118.43,99.09,9201.95,219.6559188,0.773280772,36.79,-2.83,7.83,47.48,44.3,89.34,1.15,23.55,0.97,1.19,-2.43,0.98,1.18,-0.35,0.99,65.7,-5.79,8.89,10.61
IMG_2170,16/04/2024,Farm 2,section_B2,section_b2_26,15,31,4,double,113.8,84.14,7527.65,194.4746236,0.771333951,25.78,-5.35,5.47,73.79,56.24,64.25,1.13,23,0.97,1.17,-2.38,0.98,1.16,-0.47,0.99,52.12,-8.64,5.88,10.46
IMG_2171,16/04/2024,Farm 2,section_B2,section_b2_26,16,31,4,double,110.49,93.44,8324.02,177.7145392,0.769896137,31.37,-4.53,9.2,52.42,58.45,76.91,1.22,24.68,0.98,1.27,-2.56,0.98,1.26,-0.32,0.99,62.88,-8.29,11.23,13.96
IMG_2172,16/04/2024,Farm 2,section_B2,section_b2_26,17,31,4,double,136.6,94.39,9933.78,339.631727,0.780289089,22.32,-2.99,7.6,58.06,66.06,56.31,1.16,23.72,0.98,1.21,-2.46,0.98,1.2,-0.52,0.99,49.71,-6.07,8.6,10.53
IMG_2173,16/04/2024,Farm 2,section_B2,section_b2_26,18,31,4,double,111.51,89.53,7765.62,182.771232,0.770343463,28.05,-6.14,5.97,76.58,53.03,69.52,1.11,22.41,0.97,1.15,-2.57,0.98,1.13,-0.34,0.99,53.54,-9.6,6.43,11.55
IMG_2174,16/04/2024,Farm 2,section_B2,section_b2_26,19,31,4,double,109.65,88.54,7778.62,173.6215349,0.769524836,26.15,-2.44,7.46,48.73,56.1,64.71,1.15,22.65,0.97,1.18,-1.69,0.98,1.19,-0.96,0.99,52.73,-4.56,7.89,9.11
IMG_2175,16/04/2024,Farm 2,section_B2,section_b2_26,20,31,4,double,115.79,95.8,8947.21,205.0453488,0.772179633,29.75,-5.5,6.2,68.56,44.84,72.86,1.18,24.08,0.98,1.22,-2.49,0.98,1.22,-0.39,0.99,59.3,-9.22,7.18,11.68
IMG_2176,16/04/2024,Farm 2,section_B2,section_b2_27,1,31,1,single,102,89.92,7344.35,139.1800373,0.76601032,27.22,-5.91,12.02,53.63,86.55,68.46,1.11,21.83,0.98,1.13,-2.53,0.98,1.13,-0.53,0.99,52,-9.23,13,15.94
IMG_2177,16/04/2024,Farm 2,section_B2,section_b2_27,2,31,1,single,121,95.8,9269.39,236.9115097,0.774492397,24.55,-7.6,15.16,52.65,112.19,62.17,1.12,22.33,0.98,1.15,-2.41,0.98,1.15,-0.55,0.99,49.9,-11.15,16.84,20.2
IMG_2178,16/04/2024,Farm 2,section_B2,section_b2_27,3,31,1,single,119,106.1,9629.1,224.5049281,0.773630415,31.25,-2.45,15.23,37.83,95.76,79.22,1.14,22.69,0.98,1.17,-2.6,0.98,1.17,-0.47,0.99,58.33,-5.45,17.28,18.12
IMG_2179,16/04/2024,Farm 2,section_B2,section_b2_27,4,31,1,single,125,91,9177.91,257.7580027,0.775845811,32.55,-3.47,16.9,42.99,102.28,82.57,1.1,21.66,0.98,1.13,-1.71,0.98,1.13,-1.2,0.99,57.48,-5.64,17.88,18.75
IMG_2180,16/04/2024,Farm 2,section_B2,section_b2_27,5,31,1,single,128,87.94,8525.26,276.1548334,0.776953936,19.51,-1.98,7.41,42.05,70.3,49.93,1.1,21.79,0.98,1.13,-2.5,0.98,1.13,-0.94,0.99,43.29,-4.73,7.4,8.78
IMG_2181,16/04/2024,Farm 2,section_B2,section_b2_27,6,31,1,single,105,100.45,8433.87,152.0168081,0.767410685,23.9,-5.24,9.91,57.64,79.4,60.24,1.21,24.55,0.99,1.26,-2.7,0.98,1.26,-0.64,0.99,53.49,-9.29,11.82,15.03
IMG_2182,16/04/2024,Farm 2,section_B2,section_b2_27,7,31,1,single,117,98.23,9572.16,210.115195,0.772570193,24.8,-2.79,14.33,38.64,105.29,63.49,1.19,24.01,0.99,1.23,-2.6,0.98,1.23,-0.38,0.99,53.55,-6.03,17.2,18.22
IMG_2183,16/04/2024,Farm 2,section_B2,section_b2_27,8,31,1,single,116,95.51,8587.96,207.4336076,0.772364779,30.45,-2.85,11.13,42.32,73.2,75.72,1.17,23.42,0.98,1.21,-2.69,0.98,1.2,-0.44,0.99,59.17,-6.14,12.95,14.33
IMG_2184,16/04/2024,Farm 2,section_B2,section_b2_27,9,31,1,single,106,84.57,7311.94,157.3395242,0.767957649,31.53,-1.93,15.49,35.19,97.39,80.44,1.11,22.41,0.98,1.15,-2.59,0.98,1.14,-0.77,0.99,57.52,-4.81,16.96,17.63
IMG_2185,16/04/2024,Farm 2,section_B2,section_b2_27,10,31,1,single,123,85.6,8575.72,248.4767376,0.775257003,28.38,-4.56,12.66,48.36,84.58,70.71,1.21,24.28,0.99,1.25,-2.67,0.98,1.25,-0.69,0.99,58.65,-8.38,15.17,17.33
IMG_2186,16/04/2024,Farm 2,section_B2,section_b2_27,11,31,1,single,108,106.19,8970.18,165.6266378,0.768774172,29.21,-4.48,10.91,48.31,72.06,71.82,1.13,22.13,0.98,1.16,-1.64,0.98,1.16,-1.24,0.99,55.14,-6.84,11.44,13.33
IMG_2187,16/04/2024,Farm 2,section_B2,section_b2_27,12,31,1,single,115,114.3,10236.36,199.8989275,0.77177338,25.4,-6.57,13.49,52.87,100.67,64.37,1.09,21.41,0.98,1.11,-2.52,0.98,1.1,-0.53,0.99,49.02,-9.81,14.35,17.38
IMG_2188,16/04/2024,Farm 2,section_B2,section_b2_27,13,31,1,single,88,73.68,5401.82,89.47556425,0.759035909,31.57,-2.77,13.01,41.75,83.32,80.29,1.09,21.31,0.98,1.11,-2.37,0.98,1.11,-0.49,0.99,55.7,-5.43,13.9,14.92
IMG_2189,16/04/2024,Farm 2,section_B2,section_b2_27,14,31,1,single,107,97.99,8442.93,161.033338,0.768326677,26,-9.59,14.91,60.68,108.99,66.04,1,19.44,0.98,0.99,-1.95,0.97,1.02,-1.27,0.99,45.38,-11.47,13.89,18.02
IMG_2190,16/04/2024,Farm 2,section_B2,section_b2_27,15,31,1,single,106,82.88,7253.64,158.5643937,0.76808095,25.48,-5.32,17.42,45.68,122.27,64.44,1.06,20.93,0.98,1.08,-2.4,0.98,1.08,-0.76,0.99,47.86,-8.13,17.99,19.75
IMG_2191,16/04/2024,Farm 2,section_B2,section_b2_27,16,31,1,single,114,92.46,8387.05,197.8860416,0.771611692,25.03,-6.57,13.22,53.19,96.51,62.86,1.05,20.53,0.98,1.07,-2.37,0.98,1.07,-1.1,0.99,46.81,-9.37,13.03,16.05
IMG_2192,16/04/2024,Farm 2,section_B2,section_b2_27,17,31,1,single,105,83.84,7000.71,151.7075348,0.76737833,24.21,-4.2,14.16,44.13,105.6,61.3,0.99,19.19,0.98,0.98,-1.92,0.97,1,-1.17,0.99,43.2,-6.04,13.03,14.36
IMG_2193,16/04/2024,Farm 2,section_B2,section_b2_27,18,31,1,single,119,91.32,8569.1,220.1659763,0.773317904,27.75,-4.89,16.95,43.28,113.52,69.76,1.2,23.99,0.98,1.23,-2.58,0.98,1.23,-0.42,0.99,57.22,-8.61,20.46,22.2
IMG_2194,16/04/2024,Farm 2,section_B2,section_b2_27,19,31,1,single,114,98.02,9139.17,194.0054137,0.771295378,34.21,-4.64,16.55,43.49,95.67,86.55,1.1,21.4,0.98,1.12,-2.59,0.98,1.11,-0.46,0.99,58.97,-7.77,17.92,19.54
IMG_2195,16/04/2024,Farm 2,section_B2,section_b2_27,20,31,1,single,107,87.91,7383.22,162.0004218,0.768421923,32.97,-5.67,15.15,47.34,88.77,82.08,1.09,21.45,0.98,1.11,-2.51,0.98,1.1,-0.51,0.99,57.32,-8.83,16.23,18.48
IMG_2196,16/04/2024,Farm 2,section_B2,section_b2_27,21,31,1,single,127,98.36,9878.36,270.8393656,0.776641372,29.03,-5.48,8.14,62.94,58.25,71.83,1.18,23.68,0.98,1.22,-2.57,0.98,1.22,-0.4,0.99,58.07,-9.26,9.49,13.26
IMG_2197,16/04/2024,Farm 2,section_B2,section_b2_27,22,31,1,single,104,78.39,6327.37,145.9544648,0.766764391,28.3,-4.06,15.4,41.64,102.46,70.85,1.1,21.84,0.98,1.12,-2.47,0.98,1.12,-0.54,0.99,53.02,-7.04,16.73,18.15
IMG_2198,16/04/2024,Farm 2,section_B2,section_b2_27,23,31,1,single,112,89.71,8223.86,185.2344596,0.770556994,28.59,-5.77,13.36,50.87,88.83,71.2,1.17,23.17,0.99,1.2,-2.56,0.98,1.2,-0.41,0.99,56.58,-9.47,15.6,18.25
IMG_2199,16/04/2024,Farm 2,section_B2,section_b2_27,24,31,1,single,110,95.25,8436.7,175.367828,0.76968429,25.15,-4.23,8.11,56.04,63.42,62.33,1.21,24.37,0.99,1.26,-2.62,0.98,1.25,-0.43,0.99,54.91,-7.94,9.73,12.56
IMG_2200,16/04/2024,Farm 2,section_B2,section_b2_27,25,31,1,single,130,95.98,10189.59,291.1503042,0.77780495,30.4,-1.85,18.06,37.15,116.36,80.12,1.2,24.02,0.99,1.24,-2.58,0.98,1.24,-0.4,0.99,60.49,-4.87,21.9,22.44
IMG_2201,16/04/2024,Farm 2,section_B2,section_b2_28,1,31,1,single,118,102.67,9492.92,218.5817415,0.773202295,25.44,-8.7,12.28,62.58,92.4,64.37,1.04,20.89,0.98,1.07,-1.57,0.98,1.08,-0.67,0.99,47.39,-10.9,12.53,16.61
IMG_2202,16/04/2024,Farm 2,section_B2,section_b2_28,2,31,1,single,111,85.75,7669.99,178.4029529,0.769957763,21.15,-3.18,10.1,46.94,87.25,54.08,0.99,19.4,0.98,0.99,-2.2,0.97,1,-0.84,0.99,40.28,-5.34,9.26,10.69
IMG_2203,16/04/2024,Farm 2,section_B2,section_b2_28,3,31,1,single,106,88.59,7678.19,156.436327,0.767866125,29.89,-5.64,12.21,51.2,79.12,74.05,1.06,20.91,0.98,1.08,-2.33,0.98,1.07,-0.82,0.99,52.51,-8.42,12.31,14.91
IMG_2204,16/04/2024,Farm 2,section_B2,section_b2_28,4,31,1,single,118,106.82,9977.55,215.3245343,0.772962001,23.87,-4.07,10.65,53.58,83.9,60.56,1.17,23.54,0.98,1.2,-2.65,0.98,1.2,-0.46,0.99,51.4,-7.53,12.31,14.43
IMG_2205,16/04/2024,Farm 2,section_B2,section_b2_28,5,31,1,single,120,102.62,9884.46,229.0174772,0.773949216,24.86,-6.29,15.06,50.7,111.58,63.96,1.15,23.26,0.98,1.19,-2.5,0.98,1.19,-0.56,0.99,51.97,-9.97,17.34,20
IMG_2206,16/04/2024,Farm 2,section_B2,section_b2_28,6,31,1,single,110,109.25,9172.8,173.9601718,0.76955588,25.86,-3.21,12.06,42.28,86.29,65.03,1.17,23.51,0.98,1.2,-2.48,0.98,1.2,-0.48,0.99,53.79,-6.34,14.01,15.38
IMG_2207,16/04/2024,Farm 2,section_B2,section_b2_28,7,31,1,single,111,83.87,7484.82,182.3212104,0.770304148,29.25,-6.35,17.78,46.98,114.21,73.62,1.03,21.12,0.96,1.07,-1.54,0.98,1.07,-0.86,0.99,51.14,-8.32,18.09,19.91
IMG_2208,16/04/2024,Farm 2,section_B2,section_b2_28,8,31,1,single,108,85.41,7371.55,166.0485265,0.768814663,28.09,-4.23,15.33,50.02,103.11,71.32,1.17,26.11,0.95,1.25,-2.23,0.97,1.26,-0.55,0.99,59.05,-7.52,18.73,20.18
IMG_2209,16/04/2024,Farm 2,section_B2,section_b2_28,9,31,1,single,100,94.27,7533.59,129.2612622,0.764838751,24.25,-4.85,13.76,44.97,101.97,60.99,1.2,26.79,0.95,1.29,-2.2,0.98,1.29,-0.5,0.99,55.79,-8.45,17.32,19.27
IMG_2210,16/04/2024,Farm 2,section_B2,section_b2_28,10,31,1,single,108,90.71,7897.83,164.2255491,0.768638975,26.46,-7.78,17.07,52.15,118.1,67.26,1.03,24.36,0.93,1.1,-2.03,0.98,1.11,-0.78,0.99,51.49,-10.62,18.19,21.06
IMG_2211,16/04/2024,Farm 2,section_B2,section_b2_28,11,31,1,single,112,80.78,7080.26,185.7904803,0.770604809,25.7,-5.13,10.71,53.85,81.62,65.16,1.04,24.06,0.94,1.11,-2.09,0.97,1.12,-0.7,0.99,50.91,-7.81,11.27,13.72
IMG_2212,16/04/2024,Farm 2,section_B2,section_b2_28,12,31,1,single,98,84.89,6653.05,123.2140379,0.764080464,34.7,-1.6,18.74,35.1,107.89,90.25,1.05,26.65,0.91,1.17,-1.99,0.97,1.18,-0.64,0.99,62.94,-3.86,21.42,21.76
IMG_2213,16/04/2024,Farm 2,section_B2,section_b2_28,13,31,1,single,104,83.16,7050.02,146.5575611,0.766829852,26.05,-5.21,10.21,56.36,77.91,65.52,1.17,26.06,0.95,1.24,-2.23,0.97,1.25,-0.45,0.99,56.43,-8.7,12.31,15.07
IMG_2214,16/04/2024,Farm 2,section_B2,section_b2_28,14,31,1,single,117,88.54,8205.12,209.2918402,0.772507397,27,-3.98,13.88,43.74,96.42,68.17,1.05,26.04,0.92,1.16,-2.01,0.97,1.17,-0.67,0.99,54.46,-6.63,15.56,16.92
IMG_2215,16/04/2024,Farm 2,section_B2,section_b2_28,15,31,1,single,95,94.27,6841.37,112.9947816,0.762712094,27.16,-7.47,12.46,60.35,89.65,68.81,1.06,24.77,0.94,1.14,-2.22,0.98,1.15,-0.71,0.99,53.59,-10.75,13.56,17.3
IMG_2216,16/04/2024,Farm 2,section_B2,section_b2_28,16,31,1,single,118,91.22,8726.93,214.5989765,0.77290799,25.42,-3.89,7.33,57.01,62.87,63.36,1.17,24.77,0.97,1.22,-2.43,0.98,1.22,-0.45,0.99,54.45,-7.17,8.5,11.12
IMG_2217,16/04/2024,Farm 2,section_B2,section_b2_28,17,31,1,single,117,86.3,8069.53,213.6526534,0.772837276,24.6,-6.84,11.79,55.28,89.91,61.99,1.13,26.17,0.94,1.21,-2.24,0.97,1.22,-0.53,0.99,53.88,-10.54,13.91,17.46
IMG_2218,16/04/2024,Farm 2,section_B2,section_b2_28,18,31,1,single,108,94.32,8270.89,165.7671872,0.768787673,21.83,-4.42,10.46,49.74,86.33,55.32,1.14,25.2,0.95,1.21,-2.26,0.98,1.21,-0.57,0.99,50.16,-7.61,12.12,14.31
IMG_2219,16/04/2024,Farm 2,section_B2,section_b2_28,19,31,1,single,116,83.26,7638.53,204.8831897,0.772166986,27.12,-4.43,15.73,45.77,111.95,70.57,0.96,18.81,0.97,0.96,-1.85,0.97,0.98,-0.8,0.99,44.97,-6.09,14.54,15.76
IMG_2220,16/04/2024,Farm 2,section_B2,section_b2_28,20,31,1,single,95,86.76,6702.75,111.6241889,0.762519416,26.99,-7.27,11.27,60.8,79.81,67.41,1.18,25.01,0.97,1.24,-2.4,0.98,1.24,-0.41,0.99,56.94,-11.4,13.53,17.69
IMG_2221,16/04/2024,Farm 2,section_B2,section_b2_28,21,31,1,single,112,83.81,7495.9,184.3270232,0.770478656,24.46,-8.15,7.08,76.39,76.86,62.06,1.16,25.32,0.96,1.22,-2.27,0.98,1.23,-0.54,0.99,53.75,-12.25,8.17,14.72
IMG_2224,15/04/2024,Farm 2,section_B2,section_b2_29,1,31,4,single,127,100.63,10452.93,273.4556053,0.776795958,29.87,-4.11,9.26,49.46,60.73,73.22,1.19,24.22,0.99,1.24,-2.57,0.98,1.24,-0.64,0.99,59.77,-7.65,10.8,13.23
IMG_2225,15/04/2024,Farm 1,section_B2,section_b2_29,2,31,4,single,91,67.36,4852.74,97.17986913,0.760334979,27.71,-2.77,12.57,40.45,85.99,69.53,1.15,23.27,0.99,1.19,-2.48,0.98,1.19,-0.84,0.99,55.21,-5.76,14.11,15.24
IMG_2226,15/04/2024,Farm 1,section_B2,section_b2_29,3,31,4,single,118,97.29,8960.56,216.1637641,0.773024253,30.67,-5.95,10.21,57.55,66.71,75.45,1.09,21.91,0.98,1.12,-2.67,0.98,1.11,-0.75,0.99,55.25,-9.3,10.59,14.09
IMG_2227,15/04/2024,Farm 1,section_B2,section_b2_29,4,31,4,single,113,86.87,8039.32,192.8097815,0.771196671,24.21,-6.53,8.66,63.82,69.8,60.65,1.15,23.6,0.99,1.19,-2.55,0.98,1.19,-0.75,0.99,51.45,-10.31,9.6,14.08
IMG_2228,15/04/2024,Farm 1,section_B2,section_b2_29,5,31,4,single,114,96.27,8791.04,196.3065835,0.771483688,26.33,-7.41,6.16,79.41,56.53,65.7,1.12,22.9,0.99,1.15,-2.52,0.98,1.16,-0.8,0.99,52.39,-11.06,6.32,12.74
IMG_2229,15/04/2024,Farm 1,section_B2,section_b2_29,6,31,4,single,120.58,100.7,9866.1,232.0594828,0.774160673,29.14,-7.16,8.15,69.43,62.79,72.32,1.19,24.68,0.98,1.24,-2.52,0.98,1.24,-0.45,0.99,59.32,-11.43,9.65,14.96
IMG_2230,15/04/2024,Farm 1,section_B2,section_b2_29,7,31,4,single,116.8,94.16,8789.75,210.5552069,0.772603653,27.16,-6.33,11.14,57.5,80.54,68.17,1.11,22.24,0.98,1.15,-2.54,0.98,1.14,-0.77,0.99,52.45,-9.8,11.97,15.47
IMG_2231,15/04/2024,Farm 1,section_B2,section_b2_29,8,31,4,single,99.33,79.91,6307.39,128.3910587,0.7647318,31.73,-2.64,10.63,40.71,65.64,77.79,1.16,23.54,0.99,1.2,-2.52,0.98,1.2,-0.6,0.99,60.39,-5.68,12.17,13.43
IMG_2232,15/04/2024,Farm 1,section_B2,section_b2_29,9,31,4,single,100.53,91.88,7658.22,133.1858309,0.765312498,20.07,-4.61,8.58,57.46,80.77,51.91,1.23,25.41,0.99,1.29,-2.69,0.98,1.29,-0.58,0.99,50.14,-8.65,10.48,13.59
IMG_2233,15/04/2024,Farm 1,section_B2,section_b2_29,10,31,4,single,103.62,85.15,7095.94,146.083559,0.766778425,23.7,-5.73,8,64.83,68.42,59.82,1.1,22.62,0.98,1.14,-2.48,0.98,1.14,-0.88,0.99,48.75,-9,8.21,12.18
IMG_2234,15/04/2024,Farm 1,section_B2,section_b2_29,11,31,4,single,111.91,89.56,7711.08,184.7803668,0.77051784,27.91,-6.05,7.91,63.17,57.33,68.89,1.08,21.33,0.98,1.1,-2.44,0.98,1.1,-0.97,0.99,51.6,-9.13,7.75,11.97
IMG_2235,15/04/2024,Farm 1,section_B2,section_b2_29,12,31,4,single,106.53,85.55,7155.16,158.974104,0.768121986,25.09,-5.18,7.59,66.41,63.97,62.7,1.05,21.3,0.98,1.08,-2.5,0.98,1.07,-0.99,0.99,47.58,-8.07,7.16,10.79
IMG_2236,15/04/2024,Farm 1,section_B2,section_b2_29,13,31,4,single,93.64,87.38,6423.9,107.2295541,0.76188561,28.13,-4.83,9.99,51.34,68.19,69.34,1.01,19.92,0.98,1.04,-1.73,0.98,1.03,-1.18,0.99,48.46,-6.74,9.15,11.36
IMG_2237,15/04/2024,Farm 1,section_B2,section_b2_29,14,31,4,single,115.12,100.25,8953.77,201.4443076,0.771896437,17.07,-6.15,6.11,79.77,75.63,45.19,0.99,20.11,0.98,0.99,-2.2,0.97,1.01,-0.89,0.99,37.07,-8.28,5.3,9.83
IMG_2238,15/04/2024,Farm 1,section_B2,section_b2_29,15,31,4,single,125.26,92.14,9072.96,260.6697551,0.77602626,29.58,-4.55,10.57,51.23,72.06,73.43,1.1,22.59,0.98,1.14,-2.51,0.98,1.14,-0.86,0.99,55.24,-7.68,11.17,13.56
IMG_2239,15/04/2024,Farm 1,section_B2,section_b2_29,16,31,4,single,104.54,88.26,7325.63,150.0798312,0.767206974,25.6,-7.45,9.17,66.93,78.91,64.6,1.11,22.56,0.98,1.14,-2.6,0.98,1.14,-0.77,0.99,50.94,-11.1,9.68,14.73
IMG_2240,15/04/2024,Farm 1,section_B2,section_b2_29,17,31,4,single,87.58,68.67,4890.63,87.417627,0.75867035,20.17,-5.09,4.11,82.85,53.64,51.35,1.11,22.59,0.98,1.14,-2.53,0.98,1.14,-0.78,0.99,44.96,-8.34,3.91,9.21
IMG_2241,15/04/2024,Farm 1,section_B2,section_b2_29,18,31,4,single,80.11,70.48,4578.93,66.58619371,0.754407042,27.23,-3.53,8.87,57.85,68.53,68.33,1.13,23.12,0.98,1.16,-2.63,0.98,1.16,-0.69,0.99,53.76,-6.73,9.6,11.72
IMG_2242,15/04/2024,Farm 1,section_B2,section_b2_29,19,31,4,single,110.77,91.44,8281.92,179.0931577,0.770019316,26.92,-5.45,9.93,71.91,79.54,68.39,1.14,23.25,0.98,1.18,-2.58,0.98,1.17,-0.82,0.99,53.81,-8.98,10.82,14.06
IMG_2243,15/04/2024,Farm 1,section_B2,section_b2_29,20,31,4,single,110.2,90.1,8032.48,176.2942266,0.76976825,17.81,-2.62,5.67,57.97,58.71,45.96,1.05,20.9,0.98,1.08,-2.43,0.98,1.07,-0.88,0.99,39.63,-5.26,5.22,7.4
IMG_2244,15/04/2024,Farm 1,section_B2,section_b2_29,21,31,4,single,121.56,101.36,10367.47,237.8661321,0.774556878,25.84,-7.39,15.86,52.55,112.67,65.36,1.25,25.48,0.99,1.3,-2.42,0.98,1.31,-0.43,0.99,57.82,-12.04,20.28,23.58
IMG_2245,15/04/2024,Farm 1,section_B2,section_b2_29,22,31,4,single,108.53,88.68,7932.36,168.2634688,0.769025602,18.63,-4.77,10.27,50.56,94.94,47.74,1.25,25.52,0.99,1.3,-2.36,0.98,1.31,-0.81,0.99,48.75,-8.58,12.63,15.27
IMG_2246,15/04/2024,Farm 1,section_B2,section_b2_29,23,31,4,single,103.21,85.97,7152.99,144.3259064,0.766586292,29.94,0.62,15.46,29.89,106.85,80.01,1.24,25.82,0.99,1.3,-2.52,0.98,1.31,-0.72,0.99,63.09,-1.7,19.54,19.62
IMG_2247,16/04/2024,Farm 2,section_B2,section_b2_30,1,31,4,single,135.51,104.45,11096.33,331.4248396,0.779894045,27.32,-4.27,17.17,41.72,119.67,69.65,1.22,25.13,0.99,1.28,-2.61,0.98,1.27,-0.3,0.99,58.6,-8.08,21.59,23.05
IMG_2248,16/04/2024,Farm 2,section_B2,section_b2_30,2,31,4,single,133.5,99.86,10382.53,316.6426992,0.779157699,23.92,-5.36,10.46,56.46,84.95,60.73,1.14,23.17,0.98,1.18,-2.64,0.98,1.18,-0.8,0.99,50.47,-8.96,11.53,14.6
IMG_2249,16/04/2024,Farm 2,section_B2,section_b2_30,3,31,4,single,113.96,98.86,8983.35,195.3106578,0.771402456,20.57,-2.45,10.79,48.4,92.29,53.82,1.22,24.92,0.99,1.27,-2.52,0.98,1.27,-0.64,0.99,50.02,-5.64,13.1,14.26
IMG_2250,16/04/2024,Farm 2,section_B2,section_b2_30,4,31,4,single,125.65,102.66,10582.31,263.1556742,0.776178764,34.53,-0.14,16.88,31.83,102.02,90.79,1.19,24.17,0.99,1.23,-2.24,0.98,1.24,-0.62,0.99,65.42,-2.42,20.3,20.44
IMG_2252,16/04/2024,Farm 2,section_B2,section_b2_30,5,31,4,single,113.42,111.35,9551.61,192.4986945,0.77117089,32.41,0.06,16.4,32.73,104.06,85.68,1.13,23.09,0.99,1.17,-2.54,0.98,1.17,-0.82,0.99,59.65,-2.47,18.33,18.5
IMG_2253,16/04/2024,Farm 2,section_B2,section_b2_30,6,31,4,single,133.79,93.07,9756.53,318.7475002,0.779264576,28.15,-1.51,15.79,34.61,108.66,73.04,1.23,25.36,0.99,1.28,-2.38,0.98,1.29,-0.48,0.99,59.91,-4.32,19.81,20.28
IMG_2254,16/04/2024,Farm 2,section_B2,section_b2_30,7,31,4,single,137.41,114.21,12354.42,345.8181621,0.780580746,22.27,-6.5,10.37,68.57,91.84,57.52,1.2,24.89,0.99,1.25,-2.65,0.98,1.25,-0.75,0.99,51.58,-10.76,12.21,16.28
IMG_2255,16/04/2024,Farm 2,section_B2,section_b2_30,8,31,4,single,102.16,94.7,7552.15,139.8895626,0.766090964,27.46,-6.23,10.8,55.97,75.75,68.21,1.09,22.06,0.98,1.11,-2.53,0.98,1.11,-0.89,0.99,51.89,-9.47,11.15,14.62
IMG_2257,16/04/2024,Farm 2,section_B2,section_b2_30,9,31,4,single,125.47,107.23,10533.97,262.0063552,0.776108433,23.94,-5.54,18.94,44.03,141.37,61.32,1.11,22.51,0.99,1.14,-2.5,0.98,1.14,-0.87,0.99,48.97,-8.79,20.69,22.48
IMG_2259,16/04/2024,Farm 2,section_B2,section_b2_30,10,31,4,single,126.46,120.32,11931.36,268.3695789,0.776494092,33.31,-0.78,16.5,32.61,101.55,86.53,1.1,22.15,0.98,1.13,-2.19,0.98,1.13,-0.9,0.99,58.81,-3.08,17.8,18.06
IMG_2260,16/04/2024,Farm 2,section_B2,section_b2_30,11,31,4,single,128.83,106.61,10718.54,284.0232215,0.777405968,31.42,-1.14,17.89,33.44,113.08,82.07,1.15,23.65,0.98,1.18,-2.6,0.98,1.18,-0.59,0.99,59.64,-3.95,20.58,20.96
IMG_2261,16/04/2024,Farm 2,section_B2,section_b2_30,12,31,4,single,137.67,110.9,12171.08,347.8198799,0.780674023,30.48,-2.71,14,39.28,93.42,77.15,1.14,23.37,0.99,1.17,-2.58,0.98,1.18,-0.59,0.99,58.05,-5.76,15.86,16.87
IMG_2262,16/04/2024,Farm 2,section_B2,section_b2_30,13,31,4,single,120.44,94.01,9154.3,231.2378249,0.774103827,30.73,-2.65,17.08,37.79,107.51,78.56,1.08,21.98,0.98,1.11,-2.49,0.98,1.11,-0.94,0.99,55.03,-5.42,17.97,18.77
IMG_2263,16/04/2024,Farm 2,section_B2,section_b2_30,14,31,4,single,133.23,104.18,10886.12,314.6914774,0.779057996,25.05,-5.47,10.09,56.67,76.93,62.81,1.14,23.22,0.99,1.18,-2.56,0.98,1.19,-0.79,0.99,51.86,-9.01,11.16,14.35
IMG_2264,16/04/2024,Farm 2,section_B2,section_b2_30,15,31,4,single,128.64,104.38,10539.35,282.7462258,0.777333446,26.49,-5.37,9.46,56.96,69.57,65.72,1.16,24.04,0.98,1.21,-2.63,0.98,1.21,-0.79,0.99,54.83,-9.11,10.64,14
IMG_2265,16/04/2024,Farm 2,section_B2,section_b2_30,16,31,4,single,136.32,100.37,10800.48,337.510642,0.780187892,28.42,-7.14,17.44,49.16,114.87,71.56,1.21,25.24,0.99,1.27,-2.67,0.98,1.27,-0.6,0.99,59.77,-11.77,21.6,24.6
IMG_2266,16/04/2024,Farm 2,section_B2,section_b2_30,17,31,4,single,114.63,87.72,7955.98,198.8378063,0.771688344,33.52,0.53,17.75,31.63,111.6,90.08,1.12,23.02,0.98,1.15,-2.26,0.98,1.16,-0.75,0.99,60.56,-1.66,19.78,19.85
IMG_2267,16/04/2024,Farm 2,section_B2,section_b2_30,18,31,4,single,128.44,101.77,10739.28,281.4061971,0.777256999,23.55,-1.47,12.45,54.88,100.9,61.92,1.25,25.16,0.99,1.3,-2.67,0.98,1.3,-0.7,0.99,54.49,-4.58,15.44,16.11
IMG_2268,16/04/2024,Farm 2,section_B2,section_b2_30,19,31,4,single,130.77,99.6,10056.63,297.2847231,0.778140776,20.94,-5.68,10.5,55.36,94.55,54.02,1.22,25.42,0.99,1.28,-2.48,0.98,1.29,-0.83,0.99,51.07,-9.75,12.68,15.99
IMG_2269,16/04/2024,Farm 2,section_B2,section_b2_30,20,31,4,single,119.06,114.09,10600.35,223.2430569,0.773540143,27.43,-2.02,13.6,40.45,98.42,71.03,1.12,22.51,0.98,1.15,-2.18,0.98,1.15,-0.8,0.99,53.13,-4.5,14.85,15.52
IMG_2270,16/04/2024,Farm 2,section_B2,section_b2_30,21,31,4,single,125.19,106.17,10414.16,260.2252428,0.77599884,32.14,-5.24,15.66,45.84,94.93,80.51,1.24,25.45,0.99,1.29,-2.63,0.98,1.3,-0.69,0.99,65.19,-9.4,19.62,21.76
IMG_2271,16/04/2024,Farm 2,section_B2,section_b2_30,22,31,4,single,123.9,96.97,9332.43,252.1245099,0.775490948,22.73,-4.66,11.08,54.25,89.44,57.57,1.23,25.54,0.99,1.29,-2.52,0.98,1.3,-0.73,0.99,53.59,-8.54,13.64,16.09
IMG_2272,16/04/2024,Farm 2,section_B2,section_b2_30,23,31,4,single,137.87,108.43,11484.81,349.364954,0.780745662,25.8,-5.21,15.92,45.95,116.75,66.01,1.24,25.5,0.99,1.29,-2.28,0.98,1.29,-0.6,0.99,57.37,-9,20.02,21.95
IMG_2273,16/04/2024,Farm 2,section_B2,section_b2_30,24,31,4,single,133.74,101.79,10670.59,318.3839343,0.779246165,21.8,-1.56,11.23,47.01,96.61,56.8,1.13,23.39,0.98,1.17,-2.72,0.98,1.17,-0.81,0.99,48,-4.55,12.32,13.13
IMG_2274,16/04/2024,Farm 2,section_B2,section_b2_30,25,31,4,single,129.79,92.96,9592.7,290.5347516,0.777770871,24.33,-2,11.41,40.48,88.97,62.35,1.18,23.9,0.99,1.22,-2.61,0.98,1.22,-0.86,0.99,52.52,-5.05,13.06,14
IMG_2277,16/04/2024,Farm 2,section_C,section_c_14,9,31,2,double,123,80.51,7571.25,244.4384278,0.774994056,34.71,-1.33,12.04,52.92,72.61,88.41,0,0,0,0,0,0,0,0,0,0,0,0,0
IMG_2278,16/04/2024,Farm 2,section_C,section_c_14,10,31,2,double,104,88.16,7360.23,147.7687769,0.766960526,37.83,-1.69,12.83,36.59,70.96,94.8,1.09,27.46,0.84,1.29,-2.07,0.96,1.15,-0.37,0.98,68.56,-4.24,14.43,15.04
IMG_2279,16/04/2024,Farm 2,section_C,section_c_14,11,31,2,double,117,82.95,7123.87,212.1001278,0.772720595,40.8,-3.33,8.75,47.36,45.26,99.29,0.88,38.05,0.56,1.3,-2.45,0.97,1.26,4.24,0.73,73.89,-6.79,15.27,16.71
IMG_2280,16/04/2024,Farm 2,section_C,section_c_14,12,31,2,double,82,73.98,4857.99,70.20322039,0.755233657,36.59,-3,12.7,44.39,71.62,91.15,0.75,39.55,0.51,1.22,-1.19,0.97,1.22,1.89,0.71,66.89,-4.85,17.34,18
IMG_2281,16/04/2024,Farm 2,section_C,section_c_14,13,31,2,double,99,76.8,5971.77,127.0931536,0.764570956,27.89,-5.85,7.04,78.37,65.28,70.41,0.64,42.5,0.41,1.22,-4.98,0.92,1.23,2.48,0.78,60.44,-12.1,11.11,16.43
IMG_2282,16/04/2024,Farm 2,section_C,section_c_14,14,31,2,double,91,73.99,5346.73,98.56083314,0.760557124,35.17,-0.77,15.52,33.7,90.32,90.88,1.05,23.97,0.88,1.16,-2.17,0.97,1.05,-0.94,0.99,60.76,-3.07,15.42,15.72
IMG_2283,16/04/2024,Farm 2,section_C,section_c_14,15,31,2,double,103,85.78,7080.4,141.3580012,0.766256601,34.4,-3.26,10.97,44.83,64.16,84.92,1.09,29.81,0.92,1.31,-2.4,0.97,1.19,-0.55,0.99,67.17,-6.66,12.55,14.2
IMG_2284,16/04/2024,Farm 2,section_C,section_c_14,16,31,2,double,95,70.64,5441.96,111.6601131,0.762524496,35.86,-6.7,5.69,78.97,44.05,87.87,0,0,0,0,0,0,0,0,0,0,0,0,0
IMG_2285,16/04/2024,Farm 2,section_C,section_c_14,17,31,2,double,98,95.95,7299.58,122.027883,0.763927459,39.94,-2.74,11.87,42.91,62.39,99.09,0,0,0,0,0,0,0,0,0,0,0,0,0
IMG_2286,16/04/2024,Farm 2,section_C,section_c_14,18,31,2,double,108,91.93,7760.67,165.5798058,0.768769672,31.63,-3.72,9.88,48.79,62.06,77.74,1.15,27.59,0.84,1.36,-2.08,0.96,1.22,0.06,0.98,63.96,-7.15,12.14,14.09
IMG_2287,16/04/2024,Farm 2,section_C,section_c_31,1,31,2,double,125,90.84,8711.88,258.3259633,0.775881165,35.89,-2.47,10.56,43.58,61.27,88.87,1.1,28.29,0.78,1.34,-2.01,0.95,1.2,0.47,0.98,67.86,-5.31,13.09,14.13
IMG_2288,16/04/2024,Farm 2,section_C,section_c_31,2,31,2,double,107,87.11,7470.85,160.6659488,0.768290346,38.16,-1.8,10.78,38.35,61.43,95.22,1.05,30.81,0.89,1.33,-2.21,0.96,1.2,-0.32,0.98,70.8,-4.6,12.61,13.42
IMG_2289,16/04/2024,Farm 2,section_C,section_c_31,3,31,2,double,108,75.13,6487.86,163.806782,0.768598347,30.47,-3.15,9.09,46.66,58.52,74.91,1.13,25.35,0.88,1.26,-2.31,0.97,1.15,-0.62,0.99,59.85,-6.28,9.79,11.63
IMG_2290,16/04/2024,Farm 2,section_C,section_c_31,4,31,2,double,96,72.72,5516.13,113.8662237,0.762833415,37.22,-2.7,8.32,45.91,47.53,91.11,1.07,25.36,0.86,1.22,-2.1,0.96,1.1,-0.32,0.98,65.12,-5.39,8.85,10.36
IMG_2291,16/04/2024,Farm 2,section_C,section_c_31,5,31,2,double,94,73.55,5516.24,109.589331,0.762229039,30.17,-6.05,6.37,70.65,53.63,74.48,0.69,41.7,0.45,1.26,-4.84,0.92,1.28,2.33,0.8,62.52,-12.47,10.5,16.3
IMG_2292,16/04/2024,Farm 2,section_C,section_c_31,6,31,2,double,112,83.9,7502.96,186.1955631,0.770639556,39.6,-1.75,11.24,38.24,60.64,98.38,0.87,29.27,0.67,1.13,-1.39,0.96,1.07,-2.32,0.93,63.88,-3.37,9.67,10.24
IMG_2293,16/04/2024,Farm 2,section_C,section_c_31,7,31,2,double,103,83.24,6770.09,144.4113138,0.766595681,36.8,-2.03,10.27,39.06,58.44,91.22,1.04,24.93,0.82,1.19,-2.22,0.97,1.08,-0.43,0.98,63.16,-4.64,10.66,11.63
IMG_2294,16/04/2024,Farm 2,section_C,section_c_31,8,31,2,double,92,75.38,5466.36,100.6904393,0.760893792,34.6,0.15,12.74,38.62,80.45,89.6,0.72,39.18,0.42,1.23,-3.61,0.91,1.18,1.48,0.7,64.21,-3.42,16.56,16.91
IMG_2295,16/04/2024,Farm 2,section_C,section_c_31,9,31,2,double,95,75.7,5794.27,111.8038878,0.76254481,32.83,-2.88,9.26,46.68,57.09,80.72,0.69,36.86,0.4,1.07,-3.48,0.88,1.05,1.64,0.73,59.58,-6.56,11.33,13.09
IMG_2296,16/04/2024,Farm 2,section_C,section_c_31,10,31,2,double,109,84.52,7411.95,171.9830314,0.76937379,28.88,-6.54,7.94,69.11,68.84,72.52,1.12,29.97,0.92,1.35,-1.47,0.96,1.23,-1.14,0.99,62.37,-10.32,8.61,13.45
IMG_2297,16/04/2024,Farm 2,section_C,section_c_31,11,31,2,double,96,77.71,6093.55,117.2857511,0.763300851,27.73,-1.41,7.23,69.43,59.1,69.88,0.7,39.07,0.41,1.2,-3.34,0.91,1.14,1.18,0.7,58.56,-5.03,9.44,10.7
IMG_2298,16/04/2024,Farm 2,section_C,section_c_31,12,31,2,double,99,78.24,6095.66,128.7861158,0.764780441,33.07,-2.88,9.18,53,58.08,81.18,0.85,35.54,0.52,1.22,-0.96,0.96,1.22,2.3,0.69,63.57,-4.48,13.46,14.19
IMG_2299,16/04/2024,Farm 2,section_C,section_c_31,13,31,2,double,98,78.91,6219.83,121.8372897,0.763902738,30.61,-4.75,9.1,54.15,59.16,75.24,0.76,37.46,0.53,1.19,-2.41,0.97,1.12,4.28,0.7,60.76,-8.05,14.5,16.58
IMG_2300,16/04/2024,Farm 2,section_C,section_c_31,14,31,2,double,101,81.68,6608.43,134.0371049,0.765413452,33.07,-3.83,7.17,58.12,45.57,80.66,0.92,26.89,0.74,1.11,-1.35,0.97,1.05,-2.37,0.95,57.39,-5.6,5.18,7.63
IMG_2301,16/04/2024,Farm 2,section_C,section_c_31,15,31,2,double,107,83.64,7310.84,162.5085446,0.768471745,34.85,-5.06,9.55,55.94,57.81,86.14,0.7,38.72,0.41,1.18,-3.7,0.91,1.15,1.31,0.72,63.17,-9.65,12.26,15.61
IMG_2302,16/04/2024,Farm 2,section_C,section_c_31,16,31,2,double,105,86.42,7377.35,152.4150679,0.767452254,38.92,-2.88,11.1,48.49,60.6,96.82,0.76,34.21,0.49,1.07,-3.33,0.9,1.09,1.1,0.81,63.97,-6.41,13.18,14.66
IMG_2303,16/04/2024,Farm 2,section_C,section_c_31,17,31,2,double,105,80.26,6781.14,150.2552302,0.767225526,34.81,-3.01,10.54,43.81,62.59,86.08,0.71,38.71,0.51,1.13,-1.56,0.97,1.14,1.83,0.71,63.43,-4.96,13.85,14.71
IMG_2304,16/04/2024,Farm 2,section_C,section_c_31,18,31,2,double,98,84,6399.39,123.9063182,0.764169097,34.54,-2.43,10.17,40.61,59.54,84.86,0.99,29.11,0.78,1.2,-1.45,0.96,1.15,-2.15,0.95,63.35,-4.37,9.49,10.45
IMG_2305,16/04/2024,Farm 2,section_C,section_c_31,19,31,2,double,104,85.79,7200.84,149.3359215,0.767128052,34.51,-3.94,6.9,62.59,46.69,84.33,0.75,39.13,0.49,1.22,-4.28,0.94,1.24,2.71,0.81,65.02,-9.07,11.29,14.48
IMG_2306,16/04/2024,Farm 2,section_C,section_c_31,20,31,2,double,112,80.63,7356.78,186.1448953,0.770635214,28.87,-0.96,11.79,34.52,82.4,73.98,1.16,25.67,0.87,1.27,-2.2,0.97,1.16,-0.3,0.99,59.2,-3.42,13.36,13.79
IMG_2307,16/04/2024,Farm 2,section_C,section_c_31,21,31,2,double,98,75.76,5853.62,121.4947266,0.763858211,32.91,-4.72,9.47,56.11,60.59,81.26,0.81,35.05,0.56,1.11,-4.77,0.91,1.14,2.8,0.86,61.62,-10.01,13.61,16.89
IMG_2308,16/04/2024,Farm 2,section_C,section_c_31,22,31,2,double,105,94.41,7835.56,151.1783369,0.767322817,27.09,-6.03,8.42,64.96,64.97,67.2,1.11,26.48,0.84,1.27,-2.06,0.96,1.15,-0.29,0.98,56.53,-9.71,9.36,13.48
IMG_2316,16/04/2024,Farm 2,section_C,section_c_32,1,31,2,single,95,80.45,6211.74,112.9585692,0.762707033,34.98,-0.06,14.86,31.58,90.06,91.31,0,0,0,0,0,0,0,0,0,0,0,0,0
IMG_2318,16/04/2024,Farm 2,section_C,section_c_32,2,31,2,single,109,94.57,8200.8,169.6875994,0.769159797,37.45,0.09,13.95,31.14,82.51,97.21,1.1,31.81,0.76,1.32,-2.18,0.98,1.36,2.6,0.86,73.14,-2.06,21.63,21.73
IMG_2319,16/04/2024,Farm 2,section_C,section_c_32,3,31,2,single,108,82.16,7221.43,167.5544273,0.768958374,22.06,-4.62,8.7,57.27,79.28,56.5,1.14,26.37,0.98,1.26,-2.02,0.98,1.27,-0.97,0.99,51.63,-7.86,10.09,12.79
IMG_2320,16/04/2024,Farm 2,section_C,section_c_32,4,31,2,single,120,90.05,8778.63,230.5936108,0.774059118,24.81,-2.33,7.56,46.07,59.35,61.76,1.28,29,0.98,1.45,-2.13,0.99,1.47,-0.81,0.99,60.82,-5.51,10.27,11.66
IMG_2322,16/04/2024,Farm 2,section_C,section_c_32,5,31,2,single,128,93.88,9449.45,277.4117474,0.777026985,28.48,-1.48,10.45,41.83,75.53,71.91,1.2,27.95,0.98,1.34,-2.66,0.98,1.34,-0.35,0.99,62.1,-4.63,13.61,14.37
IMG_2324,16/04/2024,Farm 2,section_C,section_c_32,6,31,2,single,127,94.16,8785.41,272.8654763,0.776761216,33.56,-4.07,15.1,41.11,88.22,83.6,1.22,28.43,0.98,1.36,-2.94,0.98,1.37,-0.47,0.99,69.37,-8.49,20.15,21.86
IMG_2325,16/04/2024,Farm 2,section_C,section_c_32,7,31,2,single,140,58.95,5937.4,365.7880341,0.781488523,21.68,-2.5,12.34,42.87,104.36,56.72,1.24,28.51,0.98,1.38,-2.89,0.98,1.38,-0.43,0.99,55.36,-6.34,16.58,17.75
IMG_2326,16/04/2024,Farm 2,section_C,section_c_32,8,31,2,single,121,82.47,7606.34,236.9115097,0.774492397,21.62,-1.96,11.49,45.02,97.31,56.54,1.22,28.45,0.98,1.36,-2.81,0.98,1.37,-0.6,0.99,54.75,-5.48,15.09,16.05
IMG_2327,16/04/2024,Farm 2,section_C,section_c_32,9,31,2,single,124,83.67,7815.34,251.3176913,0.77543949,19.88,-1.88,11.21,44.04,102.52,52.69,1.23,28.65,0.98,1.38,-2.56,0.98,1.39,-0.84,0.99,53.12,-5.15,14.77,15.64
IMG_2328,16/04/2024,Farm 2,section_C,section_c_32,10,31,2,single,138,94,9354.12,346.5871342,0.780616641,24.26,-3.66,16.84,41.76,127.71,62.83,1.21,28.2,0.98,1.35,-2.69,0.98,1.35,-0.37,0.99,57.52,-7.63,22.38,23.65
IMG_2329,16/04/2024,Farm 2,section_C,section_c_32,11,31,2,single,131,72.37,6782.25,299.650963,0.778268504,28.37,-0.1,18.5,32.89,127.2,76.54,1.23,28.62,0.98,1.38,-2.84,0.98,1.38,-0.51,0.99,63.6,-2.97,25.03,25.2
IMG_2330,16/04/2024,Farm 2,section_C,section_c_32,12,31,2,single,125,79.63,7171.71,261.9426033,0.776104523,22.93,-3.87,16.9,40.47,133.32,59.7,1.22,28.38,0.98,1.36,-2.47,0.98,1.37,-0.84,0.99,56.35,-7.73,22.33,23.63
IMG_2333,16/04/2024,Farm 2,section_C,section_c_32,13,31,2,single,131,100.51,10401.96,296.4525892,0.778095622,30.35,-1.95,11.41,38.89,75.95,76.13,1,31.97,0.57,1.28,-1.51,0.98,1.26,3.28,0.75,62.23,-4,17.6,18.05
IMG_2334,16/04/2024,Farm 2,section_C,section_c_32,14,31,2,single,110,94.12,8605.23,175.7574905,0.769719658,26.39,-4.11,11.59,46.9,82.96,65.99,1.25,27.2,0.99,1.37,-2.69,0.98,1.36,-0.45,0.99,60.18,-8.31,15.25,17.37
IMG_2335,16/04/2024,Farm 2,section_C,section_c_32,15,31,2,single,105,103.66,8465.41,151.8842106,0.767396821,24.98,-3.17,17.5,50.63,132.04,65.76,1.24,27.25,0.99,1.36,-2.82,0.98,1.35,-0.35,0.99,58.19,-7.13,23.32,24.39
IMG_2336,16/04/2024,Farm 2,section_C,section_c_32,16,31,2,single,108,84.14,7375.16,165.4861686,0.768760669,23.8,-2.21,7.77,44.03,62.38,59.43,1.23,27.2,0.99,1.35,-2.67,0.98,1.35,-0.46,0.99,56.57,-5.66,10.02,11.5
IMG_2337,16/04/2024,Farm 2,section_C,section_c_32,17,31,2,single,106,99.89,8270.04,157.4300363,0.767966792,26.36,-4.96,13.64,47.75,97.01,66.87,1.22,27.01,0.99,1.34,-2.75,0.98,1.33,-0.43,0.99,59.22,-9.39,17.78,20.11
IMG_2338,16/04/2024,Farm 2,section_C,section_c_32,18,31,2,single,120,94.03,8608.07,228.028823,0.773879899,21.95,-2.41,8.75,49.16,75.57,55.48,1.23,27.11,0.99,1.35,-2.71,0.98,1.35,-0.48,0.99,54.15,-5.96,11.3,12.78
IMG_2340,16/04/2024,Farm 2,section_C,section_c_32,20,31,2,single,107,87.82,7539.41,162.6935819,0.76848985,21.2,-4.05,7.02,59.34,62.54,53.57,1.22,27.14,0.99,1.35,-2.72,0.98,1.34,-0.53,0.99,53.11,-8.18,8.87,12.07
IMG_2341,16/04/2024,Farm 2,section_C,section_c_32,21,31,2,single,126,87.91,7993.29,266.1082157,0.776358072,26.26,-3.14,10.96,48.2,79.3,66.52,0.92,35.36,0.51,1.31,-3.1,0.93,1.32,0.96,0.83,59.46,-7.23,15.4,17.02
IMG_2342,16/04/2024,Farm 2,section_C,section_c_32,22,31,2,single,119,89.69,8520.18,224.3900148,0.773622215,31.61,-0.22,17.99,31.81,115.23,83.94,1.09,32.78,0.62,1.34,-1.36,0.97,1.42,1.88,0.79,67.16,-1.66,27.43,27.48
IMG_2343,16/04/2024,Farm 2,section_C,section_c_32,23,31,2,single,120,98.16,8891.05,229.3671011,0.773973658,32.02,-0.02,18.04,31.4,114.98,85.25,1.23,26.94,0.99,1.34,-2.61,0.98,1.34,-0.34,0.99,66.22,-2.64,23.74,23.89
IMG_2344,16/04/2024,Farm 2,section_C,section_c_32,24,31,2,single,146,96.31,9990,414.5012803,0.783513874,23.62,-2.34,9.8,42.85,78.94,60.08,1.22,26.72,0.99,1.34,-2.87,0.98,1.33,-0.42,0.99,55.57,-5.99,12.6,13.95
IMG_2345,16/04/2024,Farm 2,section_C,section_c_32,25,31,2,single,141,92.8,9839.69,375.7730398,0.781924366,25.64,-2.97,12.06,44.34,91.72,65.82,1.21,26.77,0.99,1.32,-2.82,0.98,1.32,-0.45,0.99,57.8,-6.74,15.47,16.88
IMG_2347,16/04/2024,Farm 2,section_C,section_c_33,2,31,2,single,156,84.18,9233.27,508.7490937,0.786844259,32.45,-1.66,11.38,38.02,72.44,81.45,1.22,26.89,0.99,1.34,-2.78,0.98,1.33,-0.43,0.99,66.59,-5,14.76,15.58
IMG_2348,16/04/2024,Farm 2,section_C,section_c_33,3,31,2,single,150,88.31,9576.25,453.7022616,0.784981053,29.39,-4.14,10.92,47.55,72.88,72.95,1.12,31.94,0.62,1.34,-1.72,0.98,1.42,1.87,0.81,64.73,-7.27,17.4,18.85
IMG_2349,16/04/2024,Farm 2,section_C,section_c_33,4,31,2,single,122,101.4,9608.74,237.6272344,0.774540765,28.54,-4.39,11.07,49.17,78.02,71.47,1.23,27.07,0.99,1.35,-2.69,0.98,1.34,-0.51,0.99,62.11,-8.6,14.35,16.73
IMG_2350,16/04/2024,Farm 2,section_C,section_c_33,5,31,2,single,150,82.51,9082.1,456.2897331,0.785073476,25.71,-6.9,8.29,69.97,75.29,65.29,1.04,35.15,0.69,1.36,-1.95,0.97,1.45,1.41,0.84,61.98,-11.3,13.4,17.53
IMG_2352,16/04/2024,Farm 2,section_C,section_c_33,6,31,2,single,132,80.07,7756.16,303.2240197,0.778459516,23.08,-6.1,10.29,57.26,85.17,58.67,1.25,27.51,0.99,1.37,-2.41,0.98,1.37,-0.81,0.99,56.28,-10.77,13.33,17.14
IMG_2353,16/04/2024,Farm 2,section_C,section_c_33,7,31,2,single,125,102.13,10228.92,258.0734326,0.775865455,30.9,-4.58,13.23,46.05,83.95,77.16,1.22,26.94,0.99,1.34,-2.66,0.98,1.34,-0.52,0.99,64.72,-8.78,17.17,19.29
IMG_2354,16/04/2024,Farm 2,section_C,section_c_33,8,31,2,single,120,90.79,8481.57,230.9448505,0.774083509,22.05,-1.14,7.78,38.48,68.67,56.41,1.07,33.72,0.6,1.35,-1.78,0.97,1.42,2.11,0.77,57.23,-3.32,13.17,13.58
IMG_2355,16/04/2024,Farm 2,section_C,section_c_33,9,31,2,single,102,89.28,7073.17,138.8053879,0.765967575,24.04,-2.74,11.69,44.84,93.93,61.6,1.14,26.18,0.98,1.27,-1.96,0.98,1.27,-0.78,0.99,53.68,-5.44,14.1,15.11
IMG_2356,16/04/2024,Farm 2,section_C,section_c_33,10,31,2,single,119,85.11,7932,222.6710593,0.773499059,25.65,-5.21,6.62,69.58,58.88,64.08,1.22,27.05,0.99,1.34,-2.67,0.98,1.34,-0.48,0.99,58.36,-9.65,8.37,12.77
IMG_2357,16/04/2024,Farm 2,section_C,section_c_33,11,31,2,single,111,88.76,7546.03,178.3537211,0.769953364,26.84,-5.58,6.09,72.03,52.71,66.64,1.02,32.9,0.61,1.28,-1.59,0.97,1.36,1.81,0.78,60.38,-8.76,10.08,13.35
IMG_2358,16/04/2024,Farm 2,section_C,section_c_33,12,31,2,single,117,86.2,7684.5,210.115195,0.772570193,26.77,-4.96,6.2,68.68,52.37,66.35,1.2,26.65,0.99,1.31,-2.62,0.98,1.31,-0.6,0.99,58.9,-9.14,7.54,11.85
IMG_2359,16/04/2024,Farm 2,section_C,section_c_33,13,31,2,single,114,97.85,9040.22,196.3065835,0.771483688,27.27,-3.42,11.45,44.4,80.21,68.17,1.19,26.41,0.99,1.31,-2.72,0.98,1.31,-0.62,0.99,58.99,-7.19,14.32,16.02
IMG_2360,16/04/2024,Farm 2,section_C,section_c_33,14,31,2,single,101,76.2,6065.78,135.3413081,0.765566908,34.13,-0.74,17.35,32.81,103.82,89.27,1.22,27.07,0.99,1.34,-2.71,0.98,1.34,-0.68,0.99,68.59,-3.7,22.51,22.81
IMG_2361,16/04/2024,Farm 2,section_C,section_c_33,15,31,2,single,107,76.95,6373.35,159.6128453,0.768185754,25.06,-5.21,6.14,71.68,60.01,62.8,1.22,26.98,0.99,1.34,-2.69,0.98,1.33,-0.52,0.99,57.46,-9.65,7.65,12.31
IMG_2362,16/04/2024,Farm 2,section_C,section_c_33,16,31,2,single,114,86.91,7837.55,195.3629901,0.771406734,27.5,-2.54,14.48,38.01,100.49,70.1,1.21,26.69,0.99,1.32,-2.72,0.98,1.32,-0.51,0.99,59.84,-6.07,18.56,19.53
IMG_2363,16/04/2024,Farm 2,section_C,section_c_33,17,31,2,single,131,94.32,8689.22,298.3270974,0.778197165,26.31,-3.14,9.5,49.7,70.27,66.08,1.07,32.81,0.61,1.34,-1.76,0.97,1.41,2.1,0.8,61.08,-5.96,15.46,16.57
IMG_2364,16/04/2024,Farm 2,section_C,section_c_33,18,31,2,single,125,86.46,8013.41,262.1338903,0.776116252,26.93,-4.94,11.94,49.74,85.72,67.79,1.23,27.07,0.99,1.35,-2.72,0.98,1.34,-0.52,0.99,60.12,-9.36,15.53,18.14
IMG_2365,16/04/2024,Farm 2,section_C,section_c_33,19,31,2,single,168,76.73,9840.77,642.4064496,0.790653328,35.92,0.19,16.81,32.37,97.38,94.71,1.1,32.16,0.64,1.34,-1.67,0.97,1.41,1.96,0.81,71.73,-1.42,25.63,25.67
IMG_2366,16/04/2024,Farm 2,section_C,section_c_33,20,31,2,single,113,78.87,7331.31,192.4468795,0.771166592,27.75,-3.06,11.4,42.71,78.59,69.64,1.22,26.88,0.99,1.34,-2.61,0.98,1.34,-0.66,0.99,60.81,-6.7,14.61,16.07
IMG_2367,16/04/2024,Farm 2,section_C,section_c_33,21,31,2,single,124,87.82,8190.28,250.8839705,0.775411761,31.09,-4.41,10.97,49.84,71.24,77.39,1.1,31.54,0.62,1.34,-2.27,0.98,1.34,3.57,0.77,65.84,-8.21,18.3,20.06
IMG_2368,16/04/2024,Farm 2,section_C,section_c_33,22,31,2,single,147,81.13,8690.02,428.1905926,0.784041108,30.74,-1.94,12.45,36.9,80.77,77.51,1.22,27.1,0.99,1.34,-2.78,0.98,1.34,-0.56,0.99,64.62,-5.37,16.1,16.97
IMG_2369,16/04/2024,Farm 2,section_C,section_c_33,23,31,2,single,80,72.66,4413.51,65.37553605,0.754120514,24.52,-4.77,9.68,59.59,76.65,61.91,1.14,31.87,0.65,1.35,-1.89,0.97,1.44,1.69,0.83,59.81,-8.31,15.58,17.66
IMG_2370,16/04/2024,Farm 2,section_C,section_c_33,24,31,2,single,124,94.93,8804.95,253.4938602,0.775577914,27.26,-3.97,13.04,47.28,90.66,68.87,1.21,27.29,0.99,1.33,-2.64,0.98,1.33,-0.81,0.99,60.25,-7.91,16.55,18.34
IMG_2371,16/04/2024,Farm 2,section_C,section_c_33,25,31,2,single,113,93.85,7989.4,190.3819616,0.770994381,28.96,-4.43,10.14,50.66,69.51,71.79,1.05,33.99,0.7,1.35,-2.6,0.97,1.37,3.15,0.82,64.54,-8.56,17.01,19.04
IMG_2372,16/04/2024,Farm 2,section_C,section_c_33,26,31,2,single,120,81.82,7683.26,231.4137295,0.774116013,26.4,-4.47,6.35,63.55,51,65.1,1.06,34.99,0.67,1.38,-2.41,0.97,1.39,3.33,0.8,63.04,-8.56,12.18,14.89
IMG_2373,16/04/2024,Farm 2,section_C,section_c_33,27,31,2,single,129,95.81,8737.02,282.2767288,0.777306702,21,-1.77,7.29,42.07,62.96,52.9,1.23,27.53,0.99,1.35,-2.72,0.98,1.35,-0.57,0.99,53.34,-5.11,9.27,10.59
IMG_2375,16/04/2024,Farm 2,section_C,section_c_34,1,31,2,double,126,107.9,10798.41,262.8360795,0.776159237,34.03,-2.79,8.82,46.23,53.11,83.05,1.13,25.32,0.99,1.22,-2.69,0.98,1.22,-0.57,0.99,63.82,-6.1,10.21,11.89
IMG_2376,16/04/2024,Farm 2,section_C,section_c_34,2,31,2,double,126,97.74,9790.21,262.3252712,0.776127979,30.48,-1.53,11.41,36.13,75.7,76.62,1.13,25.05,0.99,1.23,-2.72,0.98,1.23,-0.79,0.99,59.62,-4.6,13.24,14.01
IMG_2377,16/04/2024,Farm 2,section_C,section_c_34,3,31,2,double,133,85.57,8338.76,312.6047447,0.778950698,33.33,-2.83,11.79,41.37,71.74,83.08,1.15,25.8,0.99,1.25,-2.76,0.98,1.25,-0.42,0.99,64.1,-6.3,14.28,15.61
IMG_2378,16/04/2024,Farm 2,section_C,section_c_34,4,31,2,double,127,76.89,7172.4,273.12765,0.77677666,31.64,-4,9.11,55.32,60.75,78.76,1.15,25.86,0.99,1.26,-2.82,0.98,1.25,-0.41,0.99,62.4,-7.84,11.01,13.52
IMG_2379,16/04/2024,Farm 2,section_C,section_c_34,5,31,2,double,131,89.59,9036.03,295.4146264,0.778039123,26.37,-6.77,6.2,77.15,60.96,66.13,1.16,25.9,0.99,1.26,-2.9,0.98,1.25,-0.33,0.99,56.48,-11.43,7.45,13.64
IMG_2380,16/04/2024,Farm 2,section_C,section_c_34,6,31,2,double,116,104.79,9834.36,208.0881821,0.77241516,32.41,-1.33,12.95,33.71,81.51,82.08,1.14,25.46,0.99,1.23,-2.75,0.98,1.23,-0.55,0.99,62.33,-4.39,15.39,16
IMG_2381,16/04/2024,Farm 2,section_C,section_c_34,7,31,2,double,125,95.19,9422.93,259.7178533,0.775967486,27.89,-5.2,8.51,62.3,65.6,69.34,1.06,23.78,0.98,1.16,-2.09,0.99,1.16,-1.22,0.99,53.38,-8.11,8.65,11.85
IMG_2382,16/04/2024,Farm 2,section_C,section_c_34,8,31,2,double,107,93.88,8256.96,162.6473093,0.768485324,29.09,-3.89,7.18,55.35,49.58,71.03,1.16,26.04,0.99,1.27,-2.82,0.98,1.27,-0.6,0.99,59.91,-7.76,8.5,11.5
IMG_2383,16/04/2024,Farm 2,section_C,section_c_34,9,31,2,double,114,112.25,9982.96,197.6222073,0.77159038,28.74,-4.76,7.14,61.79,51.96,70.75,0.94,34.97,0.7,1.27,-3.37,0.95,1.35,1.87,0.89,61.9,-9.44,11.5,14.88
IMG_2384,16/04/2024,Farm 2,section_C,section_c_34,10,31,2,double,116,88.84,8259.19,207.2701807,0.772352177,30.54,-5.19,10.88,51.25,70.59,75.32,0.87,37.68,0.63,1.29,-3.47,0.94,1.36,2.39,0.85,64.35,-10.18,17.18,19.97
IMG_2385,16/04/2024,Farm 2,section_C,section_c_34,11,31,2,double,123,90.1,8966.73,247.4323103,0.7751894,30.9,-3.99,9.09,50.64,59.74,75.72,1.18,26.41,0.99,1.29,-2.71,0.98,1.29,-0.43,0.99,62.96,-7.85,11.27,13.74
IMG_2386,16/04/2024,Farm 2,section_C,section_c_34,12,31,2,double,118,88.01,8185.84,219.7125526,0.773284899,35.47,-0.25,11.8,31.36,72.9,90.35,1.18,26.33,0.99,1.29,-2.78,0.98,1.28,-0.26,0.99,68.29,-3.1,14.86,15.18
IMG_2387,16/04/2024,Farm 2,section_C,section_c_34,13,31,2,double,112,87.54,7734.58,184.679559,0.770509135,33.72,2.31,16.8,28.12,108.63,92.11,1.17,26,0.99,1.27,-2.77,0.98,1.27,-0.37,0.99,65.41,0.16,20.9,20.9
IMG_2388,16/04/2024,Farm 2,section_C,section_c_34,14,31,2,double,111,91.77,8591.89,178.8957734,0.770001737,27.96,-3.98,10.88,48.32,76.44,70.02,1.17,26.57,0.99,1.28,-2.87,0.98,1.28,-0.67,0.99,59.26,-7.95,13.23,15.44
IMG_2389,16/04/2024,Farm 2,section_C,section_c_34,15,31,2,double,121,100.74,9603.13,236.4946738,0.774464161,17.57,-1.92,9.92,45.63,99.57,46.65,1.18,26.49,0.99,1.29,-2.74,0.98,1.29,-0.65,0.99,47.24,-5.22,12.14,13.21
IMG_2390,16/04/2024,Farm 2,section_C,section_c_34,16,31,2,double,117,96.42,9077.62,210.8305287,0.772624555,18.28,-2.06,10.51,44.3,101.22,48.3,1.16,25.99,0.99,1.26,-2.64,0.98,1.26,-0.53,0.99,47.16,-5.22,12.69,13.73
IMG_2392,16/04/2024,Farm 2,section_C,section_c_34,17,31,2,double,121,111,10310.48,235.8406429,0.77441976,31.43,-3.33,8.78,48.45,57.86,77.01,0.94,36.04,0.68,1.31,-3.51,0.94,1.38,2.06,0.88,65.53,-7.86,14.15,16.18
IMG_2394,16/04/2024,Farm 2,section_C,section_c_34,18,31,2,double,108,102.05,8684.06,165.5329828,0.76876517,29.05,-1.91,12.07,38.2,82.56,73.8,1.18,26.14,0.99,1.27,-2.74,0.98,1.27,-0.38,0.99,60.28,-5.17,14.95,15.82
IMG_2395,16/04/2024,Farm 2,section_C,section_c_34,19,31,2,double,106,95.28,8074.11,154.5509751,0.767673397,22.64,-4.47,7.02,65.16,63.37,57.25,1.16,25.85,0.99,1.26,-2.72,0.98,1.25,-0.45,0.99,52.07,-8.34,8.35,11.81
IMG_2396,16/04/2024,Farm 2,section_C,section_c_34,20,31,2,double,115,113.47,10230.61,199.5801923,0.771747884,23.45,-4.88,5.95,71.82,59.73,59.05,1.15,25.67,0.99,1.24,-2.81,0.98,1.25,-0.62,0.99,52.61,-8.88,6.79,11.18
IMG_2397,16/04/2024,Farm 2,section_C,section_c_34,21,31,2,double,96,81.66,6153.84,114.3401364,0.762899011,27.46,-3.92,9.62,48.77,66.54,67.74,1.19,26.6,0.99,1.3,-2.62,0.98,1.3,-0.44,0.99,59.32,-7.7,12.05,14.3
IMG_2398,16/04/2024,Farm 2,section_C,section_c_34,22,31,2,double,100,81.16,6711.22,131.6145534,0.765124486,32.94,-1.64,11.03,37.25,69.72,82.81,1.18,26.49,0.99,1.29,-2.66,0.98,1.28,-0.41,0.99,65.26,-4.77,13.7,14.5
IMG_2399,16/04/2024,Farm 2,section_C,section_c_34,23,31,2,double,114,82.07,7570.33,196.2540814,0.771479416,30.7,-4.12,7.14,61.73,49.73,75.51,1.13,25.42,0.99,1.22,-2.67,0.98,1.22,-0.55,0.99,59.98,-7.69,8.13,11.19
IMG_2400,16/04/2024,Farm 2,section_C,section_c_34,24,31,2,double,108,89.52,7697.97,165.5329828,0.76876517,34.56,-0.56,13.98,33.94,85.42,89.06,1.16,26.25,0.99,1.26,-2.85,0.98,1.26,-0.44,0.99,66.28,-3.56,17.15,17.52
IMG_2401,16/04/2024,Farm 2,section_C,section_c_34,25,31,2,double,125,98.84,9729.96,260.6697551,0.77602626,30.5,-0.41,14.03,32.56,95.21,79.4,1.16,26.23,0.99,1.26,-2.65,0.98,1.26,-0.22,0.99,61.74,-3.17,17.48,17.77
IMG_2402,16/04/2024,Farm 2,section_C,section_c_34,26,31,2,double,103,85.07,7158.82,144.4113138,0.766595681,34.26,-1.96,9.9,40.27,59.62,84.59,1.15,26.07,0.99,1.25,-2.86,0.98,1.25,-0.35,0.99,65.59,-5.31,12.02,13.14
IMG_2403,16/04/2024,Farm 2,section_C,section_c_35,1,31,2,single,103,100.65,8489.53,141.7794508,0.766303829,38.49,-3.86,11.72,43,60.73,93.65,0.89,34.49,0.48,1.23,-1.59,0.97,1.26,2.12,0.75,68.68,-6.32,16.86,18.01
IMG_2346,16/04/2024,Farm 2,section_C,section_c_33,26,31,2,single,93,85.23,6178.41,105.2836167,0.761596793,34.26,-1.96,9.9,40.27,59.62,84.59,0.95,31.17,0.61,1.19,-0.78,0.97,1.26,1.17,0.8,63.67,-3.11,13.61,13.96
IMG_2404,16/04/2024,Farm 2,section_C,section_c_35,2,31,2,single,116,95.22,8776.67,204.6671118,0.772150118,27.03,-7.96,7.79,76.32,69.06,67.97,1.03,34.81,0.71,1.33,-1.91,0.97,1.43,1.35,0.85,62.52,-12.52,12.46,17.67
IMG_2405,16/04/2024,Farm 2,section_C,section_c_35,3,31,2,single,108,79.03,6766.22,164.7850241,0.768693096,27.2,-4.58,13.71,46.42,94.31,68.21,1.06,33.93,0.74,1.34,-1.78,0.97,1.43,1.08,0.87,62.74,-7.92,20.7,22.16
IMG_2406,16/04/2024,Farm 2,section_C,section_c_35,4,31,2,single,121,88.9,8451.05,233.2366821,0.774241776,29.42,-3.95,15.25,41.98,99.55,74.14,1.14,26.76,0.98,1.26,-2.96,0.98,1.26,-0.75,0.99,60.28,-7.94,18.51,20.14
IMG_2407,16/04/2024,Farm 2,section_C,section_c_35,5,31,2,single,126,91.73,9072.48,268.4343784,0.776497973,31.01,-3.3,14.69,41.3,93.42,77.92,1.02,33.27,0.6,1.3,-1.64,0.97,1.36,2.15,0.78,64.78,-5.93,22.09,22.87
IMG_2408,16/04/2024,Farm 2,section_C,section_c_35,6,31,2,single,127,91.01,8948.3,270.3181458,0.7766104,25.27,-7.63,9.47,68.92,80.17,64.22,1.09,32.18,0.65,1.32,-1.73,0.97,1.4,1.62,0.82,59.66,-11.79,14.88,18.98
IMG_2409,16/04/2024,Farm 2,section_C,section_c_35,7,31,2,single,111,110.68,9425.05,182.2213069,0.770295407,25.83,-6.49,8.44,65.48,68.58,64.49,1.12,26.28,0.98,1.25,-2.86,0.98,1.24,-0.68,0.99,55.33,-10.96,9.82,14.71
IMG_2410,16/04/2024,Farm 2,section_C,section_c_35,8,31,2,single,124,89.7,8868.29,252.8708099,0.775538402,33.87,-2.51,13.08,38.78,77.4,84.72,1.05,31.35,0.65,1.26,-1.75,0.97,1.33,1.81,0.83,66.79,-4.91,19.23,19.85
IMG_2411,16/04/2024,Farm 2,section_C,section_c_35,9,31,2,single,91,86.17,6129.53,98.4947756,0.760546567,36.36,-3.48,11.87,43.49,66.6,90.01,1.1,25.78,0.98,1.22,-2.73,0.98,1.22,-0.43,0.99,65.84,-6.98,14.02,15.67
IMG_2412,16/04/2024,Farm 2,section_C,section_c_35,10,31,2,single,103,74.87,6253.37,141.948267,0.766322708,25.17,-4.73,11.63,49.4,86.65,63.44,0.97,33.15,0.61,1.41,-1.27,0.92,1.3,1.96,0.81,57.61,-7.93,17.13,18.87
IMG_2413,16/04/2024,Farm 2,section_C,section_c_35,11,31,2,single,106,88.41,7396.84,154.5509751,0.767673397,34.98,-1.33,14.39,35.08,85.54,89.1,0.7,39.8,0.39,1.23,-5.11,0.89,1.23,3.41,0.75,64.37,-6.74,21.15,22.2
IMG_2414,16/04/2024,Farm 2,section_C,section_c_35,12,31,2,single,98,81.18,6405.56,124.4852126,0.764242842,29.44,-5.45,8.52,59.66,57.97,72.32,0.92,30.08,0.62,1.13,-1.82,0.97,1.18,1.25,0.81,57.16,-7.96,11.34,13.86
IMG_2415,16/04/2024,Farm 2,section_C,section_c_35,13,31,2,single,123,87.7,8325.19,247.6777918,0.775205315,25.06,-5.46,15.46,48.5,113.06,63.81,1.1,31.6,0.58,1.36,-2.24,0.98,1.35,3.92,0.78,59.21,-9.66,24.84,26.65
IMG_2416,16/04/2024,Farm 2,section_C,section_c_35,14,31,2,single,105,94.03,8023.11,154.2828929,0.767645805,29.39,-3.67,8.48,57.18,62.54,73.2,0.67,43.34,0.41,1.3,-5.3,0.9,1.3,2.97,0.78,62.94,-10.07,13.98,17.23
IMG_2417,16/04/2024,Farm 2,section_C,section_c_35,15,31,2,single,122,90.94,8617.05,242.133485,0.77484206,30.51,-3.51,11.27,44,71.73,75.4,1.17,27.53,0.98,1.31,-2.68,0.98,1.31,-0.41,0.99,63.36,-7.29,14.39,16.13
IMG_2418,16/04/2024,Farm 2,section_C,section_c_35,16,31,2,single,116,82.55,7487.27,205.3158057,0.772200706,28.26,-5.75,7.99,64.86,65.95,70.72,1.01,30.33,0.66,1.2,-1.77,0.97,1.27,1.52,0.84,58.76,-8.7,11.7,14.58
IMG_2419,16/04/2024,Farm 2,section_C,section_c_35,17,31,2,single,136,88.92,9302.26,333.6701601,0.780003069,25.97,-7,8.82,67.49,72.65,65.29,1.07,32.64,0.63,1.32,-1.54,0.97,1.4,1.92,0.81,60.48,-10.81,14.24,17.88
IMG_2420,16/04/2024,Farm 2,section_C,section_c_35,18,31,2,single,115,86.03,7908.14,203.0514099,0.772023432,26.08,-7.44,6.89,81.1,66.14,65.87,1.01,29.45,0.67,1.18,-1.6,0.97,1.26,1.26,0.84,55.82,-10.42,9.92,14.38
IMG_2421,16/04/2024,Farm 2,section_C,section_c_35,19,31,2,single,106,74.88,6088.01,154.3722188,0.767655004,32.61,-2.25,12.4,38.2,76.25,81.66,1.1,31.02,0.66,1.32,-2.42,0.97,1.33,3.76,0.79,66.85,-5.4,20.28,20.98
IMG_2422,16/04/2024,Farm 2,section_C,section_c_35,20,31,2,single,106,98.49,7821.67,156.256107,0.767847801,31.42,-4.83,14.22,46.09,89.01,78.68,1.05,31.81,0.61,1.3,-2.38,0.97,1.29,4.15,0.76,64.69,-8.67,22.56,24.16
IMG_2423,16/04/2024,Farm 2,section_C,section_c_35,21,31,2,single,107,87.4,7398.93,160.2533101,0.768249444,29.88,-5.53,10.05,58.12,68.47,74.23,0.71,33.78,0.41,1,-4.69,0.88,1.03,3.1,0.81,54.97,-10.24,13.44,16.9
IMG_2424,16/04/2024,Farm 2,section_C,section_c_35,22,31,2,single,96,81.42,6164.97,117.1372722,0.763280833,25.98,-6.49,11.9,55.01,85.35,64.75,0.83,34.33,0.65,1.12,-1.72,0.97,1.19,0.99,0.82,55.89,-9.01,15.18,17.65
IMG_2425,16/04/2024,Farm 2,section_C,section_c_35,23,31,2,single,105,86.09,8032.72,154.0597301,0.767622802,32.17,-3.43,12.57,44.02,77.99,80.38,1.19,27.27,0.98,1.32,-2.77,0.98,1.32,-0.37,0.99,65.61,-7.3,16.17,17.74
IMG_2427,16/04/2024,Farm 2,section_C,section_c_35,24,31,2,single,92,77.9,5672.38,100.8916617,0.760925241,31.17,-6.52,9.29,61.27,61.94,77.05,0.91,20.15,0.98,1.06,-2.54,0.96,1.02,-0.29,0.98,48.55,-9.41,9.22,13.18
IMG_2429,17/04/2024,Farm 2,section_L,section_l_36,1,19,5,double,80.93,56.16,3576.97,68.68912016,0.754892828,30.67,-3.16,7.59,50.85,49.23,75.02,1.15,23.99,0.99,1.2,-2.23,0.98,1.21,-1.01,0.99,59.39,-6.02,8.16,10.15
IMG_2430,17/04/2024,Farm 2,section_L,section_l_36,2,19,5,double,84.87,51.49,3526.38,79.41827346,0.757164508,32.45,-2.23,8.25,48.11,50.54,79.9,1.26,25.5,0.98,1.31,-2.63,0.98,1.31,-0.46,0.99,66.4,-5.54,10.34,11.73
IMG_2431,17/04/2024,Farm 2,section_L,section_l_36,3,19,5,double,83.49,59.05,3842.33,75.54093858,0.756380301,28.54,-4.49,6.05,71.31,49.22,70.85,1.16,23.26,0.98,1.19,-2.52,0.98,1.19,-0.96,0.99,56.3,-7.84,6.26,10.03
IMG_2432,17/04/2024,Farm 2,section_L,section_l_36,4,19,5,double,79.62,59.45,3790.66,65.35047269,0.754114527,31.81,-6,7.18,72.67,59.79,79.62,1.21,24.69,0.98,1.26,-2.55,0.98,1.26,-0.77,0.99,63.15,-10.1,8.28,13.06
IMG_2433,17/04/2024,Farm 2,section_L,section_l_36,5,19,5,double,65.33,57.53,2904.39,35.72308384,0.74474392,27.98,-3.38,7.23,52.29,50.45,68.48,1.16,23.19,0.98,1.19,-2.53,0.98,1.2,-0.92,0.99,55.7,-6.55,7.73,10.14
IMG_2434,17/04/2024,Farm 2,section_L,section_l_36,6,19,5,double,79.87,58.53,3703.36,65.97899755,0.754263979,25.72,-5.55,5.93,71.04,49.54,63.71,1.23,24.88,0.98,1.28,-2.63,0.98,1.28,-0.92,0.99,56.44,-9.71,6.68,11.78
IMG_2435,17/04/2024,Farm 2,section_L,section_l_36,7,19,5,double,78.13,59.88,3700.84,61.68777883,0.753214566,27.75,-4.67,7.03,60.43,52.36,68.23,1.1,21.98,0.98,1.12,-2.45,0.98,1.13,-0.99,0.99,52.45,-7.69,6.94,10.36
IMG_2436,17/04/2024,Farm 2,section_L,section_l_36,8,19,5,double,85.81,63.23,4414.73,82.13458769,0.757691868,29.86,-2.93,10.96,50.11,74.74,76.46,1.18,23.93,0.98,1.22,-2.59,0.98,1.22,-0.89,0.99,59.07,-6.16,12.5,13.93
IMG_2437,17/04/2024,Farm 2,section_L,section_l_36,9,19,5,double,83.9,63.4,4275.92,76.6792895,0.75661455,28.78,-7.9,3.71,94.96,57.17,71.68,1.13,22.75,0.98,1.17,-2.45,0.98,1.17,-1.08,0.99,55.38,-11.66,3.26,12.11
IMG_2438,17/04/2024,Farm 2,section_L,section_l_36,10,19,5,double,66.29,52.05,2799.46,37.35013104,0.745430957,28.19,-3.54,6.19,54.82,44.16,68.62,1.16,23.52,0.98,1.19,-2.51,0.98,1.2,-0.97,0.99,56.23,-6.73,6.47,9.34
IMG_2439,17/04/2024,Farm 2,section_L,section_l_36,11,19,5,double,78.89,54.41,3442.33,63.53824723,0.753675596,27.86,-3.77,6.16,64.91,48.54,68.37,1.17,23.49,0.97,1.22,-2.02,0.98,1.21,-0.68,0.99,56.1,-6.63,6.8,9.5
IMG_2440,17/04/2024,Farm 2,section_L,section_l_36,12,19,5,double,79.73,66.4,4146.21,65.62652524,0.75418034,34.31,-0.36,11,34.92,68.57,87.14,1.17,23.5,0.98,1.2,-2.59,0.98,1.2,-0.6,0.99,63.52,-3.03,12.61,12.97
IMG_2441,17/04/2024,Farm 2,section_L,section_l_36,13,19,5,double,97.38,61.87,4554.65,120.8494312,0.763773999,32.7,-6.96,5.27,86.26,54.62,81.15,1.14,23.02,0.98,1.17,-2.48,0.98,1.18,-1.01,0.99,60.36,-10.66,5.22,11.87
IMG_2442,17/04/2024,Farm 2,section_L,section_l_36,14,19,5,double,79.69,62.55,3930.87,65.52605195,0.754156418,33.57,-4.74,6.87,61.61,44.68,81.89,1.26,25.49,0.98,1.31,-2.63,0.98,1.31,-0.48,0.99,67.83,-8.82,8.53,12.27
IMG_2443,17/04/2024,Farm 2,section_L,section_l_36,15,19,5,double,74.13,53.83,3115.91,52.54279906,0.750716595,31.83,-3.12,10.02,46.77,63.07,79.16,1.1,21.87,0.98,1.12,-2.5,0.98,1.12,-1.03,0.99,56.81,-5.99,10.23,11.86
IMG_2444,17/04/2024,Farm 2,section_L,section_l_36,16,19,5,double,70.19,60.01,3476.25,44.47283924,0.748129454,26.36,-7.21,3.73,94.09,57.1,65.88,1.1,21.88,0.98,1.12,-2.57,0.98,1.13,-1.05,0.99,50.79,-10.65,3.14,11.11
IMG_2445,17/04/2024,Farm 2,section_L,section_l_36,17,19,5,double,76.41,59.18,3638.6,57.6344091,0.752155472,33.21,-3.4,7.94,50.14,48.94,80.98,1.13,22.79,0.98,1.16,-2.51,0.98,1.16,-0.65,0.99,60.27,-6.46,8.58,10.74
IMG_2446,17/04/2024,Farm 2,section_L,section_l_36,18,19,5,double,77.86,57.79,3630.2,61.03920394,0.753049767,30.07,-4.75,6.47,65.39,46.82,73.84,1.22,24.65,0.98,1.26,-2.38,0.98,1.27,-1.03,0.99,61.2,-8.35,7.21,11.04
IMG_2447,17/04/2024,Farm 2,section_L,section_l_36,19,19,5,double,67.67,48.85,2591.92,39.77523312,0.746402418,34.82,-2.05,6.07,45.53,35.18,83.93,1.15,23.17,0.98,1.18,-2.59,0.98,1.19,-0.74,0.99,63.19,-5,6.46,8.17
IMG_2448,17/04/2024,Farm 2,section_L,section_l_36,20,19,5,double,79.46,58.49,3828.79,64.9503373,0.754018647,37.7,-5.68,4.76,81.58,37.04,92.02,1.07,21.17,0.97,1.1,-1.99,0.98,1.1,-1.13,0.99,61.59,-8.27,4.1,9.23
IMG_2449,17/04/2024,Farm 2,section_L,section_l_36,21,19,5,double,75.59,58.82,3600.56,55.76670022,0.75164267,28.9,-7.97,4.07,95.4,60.86,72.22,1.12,22.41,0.97,1.16,-2.01,0.98,1.16,-1.03,0.99,54.72,-11.25,3.7,11.84
IMG_2450,17/04/2024,Farm 2,section_L,section_l_36,22,19,5,double,80.5,61.5,3932.31,67.58088326,0.754638665,31.9,-5.28,5.64,71.7,41.14,77.87,1.15,23.54,0.97,1.21,-2.06,0.98,1.2,-0.96,0.99,60.27,-8.42,5.79,10.22
IMG_2453,17/04/2024,Farm 2,section_L,section_l_36,23,19,5,double,82.74,60.53,3964.35,73.48809949,0.755948994,34.79,-2.49,7.84,46.51,46.39,84.85,1.14,22.99,0.98,1.17,-2.45,0.98,1.18,-1.05,0.99,62.56,-5.37,8.17,9.78
IMG_2454,17/04/2024,Farm 2,section_L,section_l_36,24,19,5,double,86.08,64.44,4445.61,82.92619676,0.757842343,31.78,-2.16,10.84,42.77,69.21,79.64,1.09,21.64,0.97,1.12,-1.88,0.98,1.12,-0.89,0.99,56.16,-4.3,11.21,12
IMG_2458,17/04/2024,Farm 2,section_L,section_l_37,1,19,5,double,84,64.01,4385.63,77.51949852,0.756785274,28.48,-8.5,4.43,94.86,64.96,71.52,1.21,26.77,0.97,1.28,-2.22,0.98,1.29,-1.12,0.99,61.09,-13.13,4.62,13.92
IMG_2459,17/04/2024,Farm 2,section_L,section_l_37,2,19,5,double,79,62.98,3972.69,63.58744132,0.753687672,32.44,-7.21,6.93,81.65,65.3,81.66,1.23,27.02,0.97,1.31,-2.19,0.98,1.31,-0.83,0.99,66.94,-11.6,8.22,14.21
IMG_2460,17/04/2024,Farm 2,section_L,section_l_37,3,19,5,double,79,55.07,3493.46,63.12113034,0.753572834,31.89,-3.13,10.37,48.46,66.33,79.73,1.32,26.32,0.96,1.4,-1.65,0.99,1.39,-0.7,0.99,68.34,-6.03,13.68,14.95
IMG_2461,17/04/2024,Farm 2,section_L,section_l_37,4,19,5,double,0,0,0,0,,38.84,-2.5,10.79,41.97,57.86,95.7,1.2,24.45,0.97,1.26,-1.97,0.98,1.25,-0.96,0.99,70.95,-5.1,12.57,13.57
IMG_2462,17/04/2024,Farm 2,section_L,section_l_37,5,19,5,double,0,0,0,0,,37.85,-0.41,13.53,33.43,77.41,96.99,1.13,23.48,0.97,1.2,-1.93,0.98,1.18,-0.81,0.99,66.26,-2.43,15.15,15.34
IMG_2463,17/04/2024,Farm 2,section_L,section_l_37,6,19,5,double,78,50.6,3028.45,62.09850906,0.753318055,27.96,-8.61,3.4,99.61,65.3,70.08,1.14,23.65,0.97,1.19,-2.44,0.98,1.19,-0.89,0.99,55.47,-12.69,3.16,13.08
IMG_2464,17/04/2024,Farm 2,section_L,section_l_37,7,19,5,double,75,55.98,3279.6,55.33982617,0.751523107,31.14,-1.61,7.21,41.06,47.19,76.31,1.21,24.89,0.97,1.26,-2.43,0.98,1.26,-0.42,0.99,62.48,-4.47,8.64,9.72
IMG_2465,17/04/2024,Farm 2,section_L,section_l_37,8,19,5,double,0,0,0,0,,36.33,-3.82,9.9,47.5,55.24,88.92,1.14,23.39,0.97,1.2,-1.98,0.98,1.19,-0.84,0.99,64.85,-6.56,10.94,12.75
IMG_2466,17/04/2024,Farm 2,section_L,section_l_37,9,19,5,double,76,54.2,3193.79,55.81176271,0.751655239,34.61,-2.68,8.35,43.75,47.92,83.82,1.29,26.43,0.97,1.35,-2.28,0.98,1.35,-0.47,0.99,71.02,-5.91,10.81,12.32
IMG_2467,17/04/2024,Farm 2,section_L,section_l_37,10,19,5,double,85,59.85,3751.5,79.5898229,0.757198333,36.75,-3.67,7.65,57.73,47.15,90.48,1.19,24.65,0.97,1.24,-2.24,0.98,1.24,-0.62,0.99,68.43,-6.8,8.9,11.2
IMG_2468,17/04/2024,Farm 2,section_L,section_l_37,11,19,5,double,0,0,0,0,,33.64,-2.42,7.31,47.5,44.61,81.79,1.1,22.33,0.97,1.15,-1.92,0.98,1.14,-1.03,0.99,59.29,-4.72,7.29,8.68
IMG_2469,17/04/2024,Farm 2,section_L,section_l_37,12,19,5,double,70,53.61,2982.76,44.22182773,0.748041793,34.55,-3.35,4.82,61.76,30.78,83.31,1.16,24,0.97,1.2,-2.34,0.98,1.21,-0.9,0.99,63.93,-6.38,4.92,8.06
IMG_2470,17/04/2024,Farm 2,section_L,section_l_37,13,19,5,double,76,57.24,3476.27,57.54233979,0.752130577,31.67,-5.09,7.44,62.57,50.07,77.54,1.26,25.84,0.97,1.32,-2.17,0.98,1.32,-0.51,0.99,65.84,-8.88,9.32,12.87
IMG_2471,17/04/2024,Farm 2,section_L,section_l_37,14,19,5,double,72,52.99,2992.86,48.39476166,0.749439568,36.51,-4.8,7.43,61.29,44.82,89.18,1.16,24.16,0.96,1.21,-2.5,0.98,1.2,-0.39,0.99,66.33,-8.29,8.55,11.91
IMG_2472,17/04/2024,Farm 2,section_L,section_l_37,15,19,5,double,75,55.2,3432.41,53.36948977,0.750959262,32.24,-4.74,6.39,63.73,41.9,78.44,1.15,23.77,0.97,1.2,-2.57,0.98,1.19,-0.32,0.99,60.73,-8.25,7.27,11
IMG_2473,17/04/2024,Farm 2,section_L,section_l_37,16,19,5,double,77,55.08,3440.7,59.26169835,0.752589168,31.64,-2.64,6.85,50.14,44.61,77.23,1.26,25.76,0.97,1.32,-2.35,0.98,1.31,-0.44,0.99,65.49,-5.82,8.54,10.33
IMG_2474,17/04/2024,Farm 2,section_L,section_l_37,17,19,5,double,82,60.08,4015.21,72.2477758,0.755682643,31.2,-6.75,4.42,88.25,45.59,76.87,1.33,25.78,0.97,1.39,-2.27,0.98,1.37,-0.46,0.99,67.27,-11.64,5.59,12.91
IMG_2475,17/04/2024,Farm 2,section_L,section_l_37,18,19,5,double,77,55.88,3531.43,59.26169835,0.752589168,33.24,-3.76,7.3,56.23,45.04,81.17,1.15,23.81,0.97,1.2,-2.41,0.98,1.19,-0.49,0.99,62.04,-6.91,8.22,10.74
IMG_2476,17/04/2024,Farm 2,section_L,section_l_37,19,19,5,double,80,60.01,3864.1,67.2737682,0.754567508,32.43,-0.81,7.02,36.87,45.65,79.88,1.15,23.87,0.96,1.2,-2.55,0.98,1.19,-0.33,0.99,61.23,-3.52,8.04,8.78
IMG_2477,17/04/2024,Farm 2,section_L,section_l_37,20,19,5,double,72,50.77,3049.67,47.47919951,0.749143283,35.45,-2.44,8.35,45,49.51,86.81,0.95,33.49,0.68,1.31,-2.46,0.95,1.21,1.44,0.87,67.07,-5.66,11.59,12.9
IMG_2478,17/04/2024,Farm 2,section_L,section_l_37,21,19,5,double,74,56.3,3378.45,52.43466933,0.750684578,34.26,-3.78,7.7,53.06,46.16,83.3,1.37,26.87,0.96,1.45,-2.31,0.98,1.43,-0.36,0.99,73.93,-7.78,10.64,13.18
IMG_2479,17/04/2024,Farm 2,section_L,section_l_37,22,19,5,double,77,53.71,3298.93,58.51401353,0.752391366,21.24,-5.4,4.16,84.26,50.75,53.68,1.33,25.68,0.97,1.38,-2.01,0.98,1.37,-0.54,0.99,53.87,-9.49,5.18,10.81
IMG_2480,17/04/2024,Farm 2,section_L,section_l_37,23,19,5,double,81,56.5,3721.71,69.26082152,0.755022377,32.87,-3.27,6.2,56.49,38.87,79.44,1.18,24.26,0.97,1.22,-2.56,0.98,1.22,-0.37,0.99,62.99,-6.55,7.19,9.72
IMG_2481,17/04/2024,Farm 2,section_L,section_l_37,24,19,5,double,78,61.95,3875.22,61.97751575,0.753287639,27.94,-4.38,4.89,73.37,40.57,68.48,1.17,24.29,0.97,1.21,-2.33,0.98,1.22,-0.48,0.99,56.95,-7.65,5.47,9.4
IMG_2483,17/04/2024,Farm 2,section_L,section_l_38,1,19,5,single,91,65.46,4713.91,97.14714861,0.760329678,28.06,-5.36,10.82,53.85,75.87,70,1.2,25.78,0.98,1.25,-2.67,0.98,1.26,-0.75,0.99,59.47,-9.38,12.85,15.91
IMG_2484,17/04/2024,Farm 2,section_L,section_l_38,2,19,5,single,92,69.91,5308.87,102.6129821,0.761191789,29.32,-5.49,10.71,54.2,72.55,72.73,1.2,25.71,0.98,1.25,-2.68,0.98,1.26,-0.73,0.99,61.02,-9.56,12.77,15.95
IMG_2485,17/04/2024,Farm 2,section_L,section_l_38,3,19,5,single,80,64.62,4158.1,67.45280433,0.754609028,33.37,-5.34,14.13,48.79,85.09,83.67,1.07,22.58,0.97,1.09,-2.49,0.98,1.1,-0.95,0.99,58.2,-8.34,14.57,16.79
IMG_2486,17/04/2024,Farm 2,section_L,section_l_38,4,19,5,single,80,76.86,4874.46,67.19713635,0.754549704,33.26,-2.38,10.86,40.51,65.49,82.1,1.12,23.92,0.97,1.16,-2.5,0.98,1.17,-0.79,0.99,61.31,-5.27,11.89,13.01
IMG_2487,17/04/2024,Farm 2,section_L,section_l_38,5,19,5,single,93,67.49,5001.02,105.5601415,0.761638152,27.9,-6,10.42,60.28,76.93,70.35,1.06,22.22,0.97,1.09,-1.92,0.98,1.09,-1.05,0.99,51.7,-8.44,10.27,13.3
IMG_2488,17/04/2024,Farm 2,section_L,section_l_38,6,19,5,single,89,70.91,5069.96,92.76582398,0.759603603,30.63,-2.13,10.87,38.65,70.82,76.21,1.17,24.84,0.98,1.21,-2.45,0.98,1.22,-0.73,0.99,60.57,-5.02,12.5,13.47
IMG_2489,17/04/2024,Farm 2,section_L,section_l_38,7,19,5,single,71,55.61,3098.73,46.07826021,0.748678914,30.09,-4.8,7.64,60.16,52.84,73.83,1.13,23.6,0.97,1.16,-2.28,0.98,1.17,-0.83,0.99,57.48,-7.86,8.09,11.27
IMG_2490,17/04/2024,Farm 2,section_L,section_l_38,8,19,5,single,80,62.09,3962.63,66.58619371,0.754407042,32.59,-3.17,11.63,44.9,71.73,81.47,1.22,25.58,0.98,1.27,-2.43,0.98,1.28,-0.7,0.99,65.35,-6.45,14.15,15.55
IMG_2491,17/04/2024,Farm 2,section_L,section_l_38,9,19,5,single,83,69.67,4576.33,74.22274204,0.756104685,31.52,-3.71,14.84,44.46,90.41,79.7,1.22,25.56,0.98,1.27,-2.51,0.98,1.27,-0.64,0.99,63.95,-7.21,18.27,19.64
IMG_2492,17/04/2024,Farm 2,section_L,section_l_38,10,19,5,single,84,67.44,4584.73,77.77276314,0.75683638,32.35,-3.13,12.29,43.08,75.92,79.98,1.25,26.11,0.98,1.3,-2.42,0.98,1.31,-0.62,0.99,66.69,-6.5,15.5,16.81
IMG_2495,17/04/2024,Farm 2,section_L,section_l_38,13,19,5,single,80,56.46,3734.66,65.97899755,0.754263979,34.62,0.85,13.49,33.88,84.82,90.45,1.23,25.89,0.98,1.28,-2.49,0.98,1.28,-0.61,0.99,68.33,-1.4,16.69,16.75
IMG_2496,17/04/2024,Farm 2,section_L,section_l_38,14,19,5,single,85,65.86,4644.26,80.79765188,0.757434478,23.43,-5.21,7.11,63.07,60,58.55,1.09,22.9,0.97,1.12,-2.3,0.98,1.12,-0.8,0.99,48.35,-8.14,7.18,10.85
IMG_2498,17/04/2024,Farm 2,section_L,section_l_38,16,19,5,single,90,81.81,5821.13,93.75256182,0.759770013,32.41,-3.4,10.41,46.16,64.61,80.01,1.25,26.01,0.98,1.3,-2.53,0.98,1.31,-0.57,0.99,66.55,-6.95,13.06,14.79
IMG_2499,17/04/2024,Farm 2,section_L,section_l_38,17,19,5,single,77,71.9,4576.12,58.11939868,0.75228597,28.4,-3.64,14.78,41.51,97.08,71.11,1.25,25.9,0.98,1.3,-2.39,0.98,1.31,-0.63,0.99,61.49,-7.13,18.77,20.08
IMG_2500,17/04/2024,Farm 2,section_L,section_l_38,18,19,5,single,88,70.08,4924.6,88.67313716,0.75889436,31.35,-3.67,10.81,45.04,67.87,77.06,1.21,25.47,0.97,1.25,-2.5,0.98,1.25,-0.42,0.99,63.35,-7.09,13.14,14.93
IMG_2501,17/04/2024,Farm 2,section_L,section_l_38,19,19,5,single,81,67.12,4201.8,69.8095132,0.75514573,31.98,-3.58,11.03,44.37,67.9,78.58,1.13,23.78,0.97,1.16,-2.38,0.98,1.17,-0.76,0.99,59.86,-6.55,12.15,13.81
IMG_2502,17/04/2024,Farm 2,section_L,section_l_38,20,19,5,single,90,71.54,5188.02,93.91237114,0.759796802,28.13,-3.57,16.82,42.13,110.48,71.07,1.24,26.22,0.98,1.3,-2.5,0.98,1.3,-0.54,0.99,61.06,-7.14,21.35,22.51
IMG_2503,17/04/2024,Farm 2,section_L,section_l_38,21,19,5,single,93,75.08,5526.33,103.327463,0.761301143,29.45,-1.31,13.12,35.85,89.19,75.21,1.04,21.25,0.97,1.06,-1.75,0.98,1.06,-1.1,0.99,51.8,-3.14,12.86,13.24
IMG_2504,17/04/2024,Farm 2,section_L,section_l_38,22,19,5,single,84,68.64,4637.83,77.94191499,0.756870422,28.17,-4.9,7.4,62.5,55.39,69.51,1.09,22.67,0.97,1.12,-2.49,0.98,1.12,-0.69,0.99,53.48,-8,7.62,11.05
IMG_2505,17/04/2024,Farm 2,section_L,section_l_38,23,19,5,single,78,77.11,4932.32,62.43813517,0.753403123,25.24,-1.75,12.19,41.58,88.17,65.52,1.2,24.86,0.98,1.24,-2.42,0.98,1.24,-0.63,0.99,55.03,-4.59,14.51,15.22
IMG_2506,17/04/2024,Farm 2,section_L,section_l_38,24,19,5,single,87,70.67,4755.68,84.25691915,0.758092156,31.33,-1.94,12.13,38.04,78.76,78.87,0.93,33.16,0.72,1.28,-3.22,0.95,1.24,-0.39,0.89,62.27,-5.7,14.61,15.68
IMG_2507,17/04/2024,Farm 2,section_L,section_l_38,25,19,5,single,97,73.39,5577.88,117.9554726,0.763390834,23.4,-7.37,9.26,65.39,77.99,59.51,1.28,26.28,0.98,1.33,-2.45,0.98,1.34,-0.45,0.99,56.26,-12.27,11.92,17.1
IMG_2508,17/04/2024,Farm 2,section_L,section_l_38,26,19,5,single,73,69.19,4117.79,50.74602375,0.750176011,26.66,-5.71,9.92,60.03,76.93,67.64,1.24,25.75,0.98,1.29,-2.46,0.98,1.29,-0.56,0.99,58.68,-9.83,12.25,15.71
IMG_2509,17/04/2024,Farm 2,section_L,section_l_38,27,19,5,single,90,72.82,5330.73,95.42354269,0.760047944,30.12,-1.4,16.68,34.41,108.88,77.89,1.23,25.75,0.98,1.28,-2.37,0.98,1.29,-0.6,0.99,62.82,-4.16,20.87,21.28
IMG_2510,17/04/2024,Farm 2,section_L,section_l_38,28,19,5,single,83,77.46,5060.96,73.24430963,0.755896991,30.02,-3.51,11.64,43.54,75.44,74.63,1.14,23.49,0.97,1.17,-2.33,0.98,1.17,-0.71,0.99,57.57,-6.44,12.94,14.45
IMG_2511,17/04/2024,Farm 2,section_L,section_l_39,1,19,5,single,94,68.91,5155.22,108.5284432,0.762075548,35.98,-3.42,11.25,43.11,62.53,88.01,1.17,24.17,0.97,1.21,-2.39,0.98,1.21,-0.53,0.99,66.16,-6.55,13.07,14.62
IMG_2512,17/04/2024,Farm 2,section_L,section_l_39,2,19,5,single,85,63.66,4324.97,80.4513091,0.757367119,29.05,-4.97,9.67,53.88,65.68,71.7,1.1,22.82,0.97,1.14,-2.17,0.98,1.14,-0.85,0.99,54.82,-7.84,10.19,12.85
IMG_2513,17/04/2024,Farm 2,section_L,section_l_39,3,19,5,single,85,62.06,4268.18,78.42252173,0.756966752,30.08,-4.34,9.93,51.42,66.16,74.54,1.28,25.94,0.97,1.34,-2.32,0.98,1.34,-0.5,0.99,64.58,-8.13,12.81,15.17
IMG_2514,17/04/2024,Farm 2,section_L,section_l_39,4,19,5,single,78,60.96,3844.93,60.82403569,0.752994715,27.82,-2.06,8.78,43.62,61.63,69,1.28,26.03,0.97,1.33,-2.27,0.98,1.33,-0.6,0.99,61.57,-5.01,11.12,12.2
IMG_2515,17/04/2024,Farm 2,section_L,section_l_39,5,19,5,single,66,59.68,3083.27,36.59835072,0.74511723,30.85,-4.13,10.08,51.8,65.67,76.85,1.15,24.33,0.97,1.2,-2.41,0.98,1.2,-0.82,0.99,59.9,-7.36,11.29,13.47
IMG_2516,17/04/2024,Farm 2,section_L,section_l_39,6,19,5,single,92,62.77,4572.76,100.0550157,0.760794074,28.57,-6.42,9.38,60.35,67.37,71.06,1.24,26.31,0.97,1.3,-2.4,0.98,1.31,-0.65,0.99,61.81,-10.76,11.63,15.85
IMG_2517,17/04/2024,Farm 2,section_L,section_l_39,7,19,5,single,93,76.3,5713.47,105.5947415,0.76164332,26.24,-6.07,7.09,67.76,59.46,65.43,1.32,26.59,0.97,1.39,-2.1,0.98,1.38,-0.63,0.99,61.24,-10.52,9.17,13.96
IMG_2518,17/04/2024,Farm 2,section_L,section_l_39,8,19,5,single,76,74.3,4428.04,57.15214856,0.752024638,31.63,-3.43,16.1,44.94,100.44,81.22,1.31,26.6,0.97,1.38,-2.11,0.98,1.37,-0.59,0.99,68.12,-6.84,21.53,22.59
IMG_2519,17/04/2024,Farm 2,section_L,section_l_39,9,19,5,single,65,55.81,2972.96,35.57303898,0.744679027,30.17,-4.31,8.41,55.8,57,74.37,1.1,23.38,0.97,1.14,-2.46,0.98,1.14,-0.81,0.99,56.47,-7.38,8.76,11.46
IMG_2520,17/04/2024,Farm 2,section_L,section_l_39,10,19,5,single,92,73.04,5191.6,100.1885643,0.760815083,26.54,-7.55,5.76,84.41,58.66,66.48,1.31,26.67,0.97,1.38,-2.19,0.98,1.38,-0.51,0.99,61.55,-12.61,7.4,14.62
IMG_2521,17/04/2024,Farm 2,section_L,section_l_39,11,19,5,single,87,66.64,4601.48,85.57188196,0.758335242,35.46,-2.57,14.02,38.53,79.21,88.97,1.31,26.43,0.97,1.38,-2.07,0.98,1.38,-0.53,0.99,73.05,-5.61,18.76,19.58
IMG_2522,17/04/2024,Farm 2,section_L,section_l_39,12,19,5,single,90,68.58,5005.99,94.71416617,0.759930541,26.65,-4.69,8.07,63.46,61.97,66.5,1.32,26.4,0.97,1.38,-2.03,0.98,1.38,-0.71,0.99,61.66,-8.52,10.46,13.49
IMG_2523,17/04/2024,Farm 2,section_L,section_l_39,13,19,5,single,77,73.4,4386.52,58.74697945,0.752453262,26.88,-1.82,9.32,42.56,68.26,67.84,1.25,26.38,0.97,1.31,-2.6,0.98,1.31,-0.52,0.99,59.92,-4.99,11.7,12.72
IMG_2524,17/04/2024,Farm 2,section_L,section_l_39,14,19,5,single,88,72.98,5120.43,87.90615,0.758757886,28.55,-2.87,11.38,40.77,76.14,70.97,1.31,26.58,0.97,1.38,-2.23,0.98,1.37,-0.5,0.99,64.12,-6.19,15.14,16.36
IMG_2525,17/04/2024,Farm 2,section_L,section_l_39,15,19,5,single,77,70.75,4390.47,60.08680544,0.752804634,30.64,-4.81,8.99,54.79,62,75.97,1.25,26.26,0.97,1.3,-2.3,0.98,1.31,-0.67,0.99,64.57,-8.56,11.11,14.03
IMG_2526,17/04/2024,Farm 2,section_L,section_l_39,16,19,5,single,75,65.6,3873.26,53.72017075,0.751061091,29.43,-8.27,7.81,78.74,72.13,74.24,0.92,31.68,0.72,1.23,-2.96,0.95,1.19,-0.2,0.91,58.76,-13.14,9.13,16
IMG_2527,17/04/2024,Farm 2,section_L,section_l_39,17,19,5,single,77,74.87,4598.97,59.23823651,0.752582998,30.93,-5.51,9.36,56.78,63.63,76.7,1.24,26.33,0.97,1.3,-2.49,0.98,1.31,-0.59,0.99,64.74,-9.64,11.62,15.1
IMG_2528,17/04/2024,Farm 2,section_L,section_l_39,18,19,5,single,75,74.61,4374.53,53.91810807,0.75111828,32.51,-4.71,9.47,55.41,60.2,80.29,1.31,26.41,0.97,1.37,-2.07,0.99,1.37,-0.71,0.99,68.84,-8.52,12.27,14.94
IMG_2529,17/04/2024,Farm 2,section_L,section_l_39,19,19,5,single,86,76.85,5306.6,82.77921712,0.757814511,30.42,-3.65,9.63,47.43,63.07,74.79,1.3,26.22,0.97,1.36,-2.06,0.99,1.36,-0.69,0.99,65.82,-7.03,12.41,14.26
IMG_2530,17/04/2024,Farm 2,section_L,section_l_39,20,19,5,single,70,69.11,3818.5,43.24629009,0.747696413,20.84,-1.3,6.6,45.34,61.92,53.35,1.09,23.02,0.97,1.12,-2.25,0.98,1.13,-0.86,0.99,45.67,-3.71,6.57,7.54
IMG_2531,17/04/2024,Farm 2,section_L,section_l_39,21,19,5,single,78,75.78,4604.48,60.20530481,0.75283534,32.44,-0.99,14.11,33.66,89.1,83.17,1.31,26.23,0.97,1.37,-2.01,0.98,1.36,-0.68,0.99,68.66,-3.37,18.57,18.87
IMG_2532,17/04/2024,Farm 2,section_L,section_l_39,22,19,5,single,82,70.58,4902.04,70.94213042,0.755397382,27.58,-2.05,12.94,37.25,90.36,70.18,1.31,26.52,0.97,1.38,-2.21,0.98,1.38,-0.59,0.99,62.79,-5.04,17.25,17.97
IMG_2533,17/04/2024,Farm 2,section_L,section_l_39,23,19,5,single,81,77.66,4879.16,68.71503748,0.754898724,25.72,-3.9,8.5,50.65,64.13,63.95,1.33,26.38,0.97,1.38,-2.11,0.98,1.38,-0.73,0.99,60.51,-7.49,11.03,13.33
IMG_2534,17/04/2024,Farm 2,section_L,section_l_39,24,19,5,single,78,73.91,4809.24,62.0742977,0.753311973,24.85,-5.42,8.68,62.95,70.45,62.63,1.33,26.49,0.97,1.39,-2.06,0.98,1.38,-0.59,0.99,59.49,-9.59,11.42,14.91
IMG_2535,17/04/2024,Farm 2,section_L,section_l_39,25,19,5,single,75,74.48,4374.39,55.49683895,0.751567189,27.4,-4.64,8.57,59.63,64.54,68.63,1.07,34.51,0.71,1.44,-2.54,0.96,1.37,1.24,0.91,63.78,-9.21,12.99,15.92
IMG_2536,17/04/2024,Farm 2,section_L,section_l_39,26,19,5,single,93,70.84,5405.59,103.8398496,0.761379111,29.69,-3.1,9.9,43.95,66.03,73.16,1.32,26.42,0.97,1.38,-2.18,0.98,1.38,-0.62,0.99,65.58,-6.46,13.03,14.54
IMG_2537,17/04/2024,Farm 2,section_L,section_l_40,1,19,5,single,81.87,59.46,3825.77,71.15420406,0.755444065,33.44,-2.4,10.25,40.09,61.47,82.25,1.25,26.03,0.97,1.31,-2.17,0.98,1.31,-0.48,0.99,67.73,-5.31,12.91,13.96
IMG_2538,17/04/2024,Farm 2,section_L,section_l_40,2,19,5,single,90.85,64.55,4542.71,97.77010649,0.760430302,29.44,-2.21,10.03,44.48,67.7,73.77,1.26,26.74,0.97,1.33,-2.49,0.98,1.34,-0.59,0.99,63.93,-5.44,12.81,13.92
IMG_2539,17/04/2024,Farm 2,section_L,section_l_40,3,19,5,single,81.82,60.26,3896.96,71.02160815,0.755414893,26.93,-1.3,8.86,40.35,67.66,68.06,1.32,26.29,0.97,1.39,-2.2,0.98,1.38,-0.67,0.99,61.91,-4,11.57,12.24
IMG_2540,17/04/2024,Farm 2,section_L,section_l_40,4,19,5,single,66.06,55.82,3075.51,36.95587275,0.745267208,31.46,-3.94,13.53,42.68,81.74,77.91,1.16,24.7,0.96,1.21,-2.17,0.98,1.21,-0.51,0.99,61.11,-6.92,15.86,17.3
IMG_2541,17/04/2024,Farm 2,section_L,section_l_40,5,19,5,single,63.1,53.34,2716.3,32.12894489,0.743110762,39.74,-4.51,13.35,44.75,68.56,98.13,1.22,25.57,0.96,1.28,-2.35,0.98,1.28,-0.58,0.99,74.03,-8.13,16.52,18.41
IMG_2542,17/04/2024,Farm 2,section_L,section_l_40,6,19,5,single,78.04,68.75,4264.12,61.47107489,0.753159693,31.47,-3.81,12.65,48.03,79.04,79.78,1.23,25.71,0.96,1.3,-2.36,0.98,1.3,-0.56,0.99,64.45,-7.3,15.83,17.43
IMG_2543,17/04/2024,Farm 2,section_L,section_l_40,7,19,5,single,73.66,68.83,3896.91,51.53228106,0.750414837,34.58,-2.34,10.01,39.78,58.6,85.02,1.34,26.56,0.95,1.41,-2.4,0.98,1.4,-0.38,0.99,72.93,-5.71,13.6,14.75
IMG_2544,17/04/2024,Farm 2,section_L,section_l_40,8,19,5,single,76.9,68.87,4097.36,58.77031029,0.752459448,30.95,-4.84,10.6,52.66,68.79,77.07,1.12,23.16,0.98,1.16,-2.51,0.98,1.16,-0.76,0.99,57.85,-8.11,11.51,14.08
IMG_2545,17/04/2024,Farm 2,section_L,section_l_40,9,19,5,single,80.07,58.18,3747.93,66.4847345,0.754383226,31.07,-2.55,9.43,41.18,59.97,76.23,1.18,25.05,0.98,1.22,-2.61,0.98,1.23,-0.74,0.99,61.57,-5.73,10.81,12.24
IMG_2546,17/04/2024,Farm 2,section_L,section_l_40,10,19,5,single,76.39,63.77,3862.79,57.58836207,0.752143026,34.46,0.21,14,29.85,87.64,89.7,1.19,25.43,0.98,1.24,-2.62,0.98,1.24,-0.77,0.99,66.38,-2.36,16.61,16.78
IMG_2547,17/04/2024,Farm 2,section_L,section_l_40,11,19,5,single,83.68,67.86,4510.63,76.0670436,0.756488989,30.01,-3.32,11.68,43.76,77.48,74.77,1.25,26.62,0.98,1.31,-2.56,0.98,1.31,-0.62,0.99,64.17,-6.91,14.73,16.27
IMG_2548,17/04/2024,Farm 2,section_L,section_l_40,12,19,5,single,67.88,51.85,2759.11,40.15330592,0.74654862,28.14,-3.78,8.84,52.3,61.6,70,0.85,31.97,0.72,1.16,-3.17,0.95,1.12,-0.6,0.89,55.92,-7.56,9.27,11.96
IMG_2549,17/04/2024,Farm 2,section_L,section_l_40,13,19,5,single,71.37,62.67,3527.23,46.79521901,0.748918265,31.15,-1.27,8.83,35.34,58.39,77.33,1.26,26.37,0.98,1.32,-2.59,0.98,1.32,-0.53,0.99,65.67,-4.26,11.13,11.92
IMG_2550,17/04/2024,Farm 2,section_L,section_l_40,14,19,5,single,76.08,62.5,3844.77,56.87779335,0.751949723,30.04,-5.06,6.98,63.85,50.29,73.75,1.27,26.11,0.98,1.32,-2.43,0.98,1.33,-0.58,0.99,64.23,-9.1,8.68,12.58
IMG_2551,17/04/2024,Farm 2,section_L,section_l_40,15,19,5,single,70.07,61.85,3382.48,44.2411024,0.748048542,24.44,-5.19,8.93,54.88,68.68,61.07,1.29,26.37,0.98,1.34,-2.49,0.98,1.34,-0.43,0.99,57.78,-9.44,11.56,14.92
IMG_2552,17/04/2024,Farm 2,section_L,section_l_40,16,19,5,single,60.61,55.31,2719.99,28.41259214,0.741222032,30.36,-2.63,12.79,38.62,81.39,75.69,1.29,26.27,0.98,1.34,-2.4,0.98,1.34,-0.53,0.99,65.29,-5.92,16.67,17.69
IMG_2553,17/04/2024,Farm 2,section_L,section_l_40,17,19,5,single,76.82,62.77,3791.13,58.58383795,0.752409943,26.25,-1.8,8.3,43.1,61.11,65.56,1.27,25.89,0.98,1.31,-2.33,0.98,1.32,-0.6,0.99,59.1,-4.7,10.36,11.38
IMG_2554,17/04/2024,Farm 2,section_L,section_l_40,18,19,5,single,79.77,66.25,4191.35,65.72710207,0.754204251,29.04,-5.57,7.64,63.11,54.15,71.39,1.28,25.87,0.98,1.33,-2.33,0.98,1.33,-0.52,0.99,63.08,-9.74,9.66,13.72
IMG_2555,17/04/2024,Farm 2,section_L,section_l_40,19,19,5,single,77.55,61.25,3647.63,60.30021739,0.752859892,28.01,-3.23,14.66,39.46,97.88,70.33,1.18,25.13,0.97,1.23,-1.98,0.98,1.23,-0.67,0.99,58.14,-5.96,17.37,18.37
IMG_2556,17/04/2024,Farm 2,section_L,section_l_40,20,19,5,single,78.12,64.58,4001.81,61.66367529,0.753208472,30.94,-2.29,11.79,41.38,75.35,78,1.26,26.69,0.98,1.31,-2.58,0.98,1.32,-0.6,0.99,65.55,-5.59,14.97,15.98
IMG_2557,17/04/2024,Farm 2,section_L,section_l_40,21,19,5,single,70.25,53.59,3083.22,44.58901315,0.748169862,18.08,-2.91,5.42,54.35,52.47,45.93,1.08,23.24,0.97,1.11,-2.51,0.98,1.12,-1.2,0.99,42.7,-5.75,4.85,7.53
IMG_2558,17/04/2024,Farm 2,section_L,section_l_40,22,19,5,single,65.67,59.49,3180.72,36.29376071,0.744988321,23.43,-9.39,5.2,93.63,85.18,60.37,1.24,26.5,0.98,1.3,-2.58,0.98,1.31,-0.56,0.99,55.64,-14.84,6.24,16.1
IMG_2559,17/04/2024,Farm 2,section_L,section_l_40,23,19,5,single,72.41,52.89,3145.96,48.90850038,0.749603424,28.12,-3.41,10.32,46.71,70.88,70.21,1.27,26.26,0.98,1.34,-2.19,0.99,1.34,-0.87,0.99,62.08,-6.76,13,14.66
IMG_2560,17/04/2024,Farm 2,section_L,section_l_40,24,19,5,single,70.98,66.24,3656.83,46.01884931,0.748658917,31.92,-3.47,8.96,49.54,56,78.26,1.11,23.88,0.98,1.15,-2.42,0.98,1.16,-0.93,0.99,59.42,-6.41,9.42,11.4
IMG_2561,17/04/2024,Farm 2,section_L,section_l_40,25,19,5,single,77.28,67.21,4225.61,59.66150644,0.752693937,21.9,-4.28,6.44,62.59,56.6,55.01,1.27,26.02,0.98,1.32,-2.47,0.98,1.33,-0.58,0.99,53.82,-8.12,7.96,11.37
IMG_2562,17/04/2024,Farm 2,section_L,section_l_40,26,19,5,single,80.79,57.91,3700,68.32696753,0.754810217,22.31,-3.59,4.72,64.13,43.52,55.54,1.25,25.9,0.98,1.3,-2.41,0.98,1.31,-0.61,0.99,53.82,-7.07,5.56,8.99
IMG_2563,17/04/2024,Farm 2,section_L,section_l_40,27,19,5,single,73.17,57.2,3367.68,50.49276467,0.750098311,25.47,-5.55,6.86,68.01,59.71,63.74,1.17,24.52,0.98,1.21,-2.51,0.98,1.21,-0.62,0.99,54.34,-9.2,7.69,11.99
IMG_2564,17/04/2024,Farm 2,section_L,section_l_40,28,19,5,single,73.87,61.15,3651.63,51.9821584,0.750549887,27.16,-4.12,11.33,46.98,80.36,68.17,1.27,26.51,0.98,1.32,-2.62,0.98,1.33,-0.54,0.99,60.96,-8.07,14.5,16.59
IMG_2565,17/04/2024,Farm 2,section_L,section_l_40,29,19,5,single,75.78,59.96,3731.88,56.195783,0.751761952,25.71,-3.67,5.31,64.56,42.71,63.11,1.27,25.8,0.98,1.32,-2.38,0.98,1.32,-0.6,0.99,58.48,-7.24,6.43,9.68
IMG_2567,17/04/2024,Farm 2,section_L,section_l_40,31,19,5,single,80.91,66.3,4267.08,68.63730523,0.754881035,22.4,-6.02,5.61,81.11,68.16,57.31,1.25,26.79,0.98,1.31,-2.76,0.98,1.32,-0.46,0.99,54.88,-10.64,6.93,12.7
IMG_2568,17/04/2024,Farm 2,section_L,section_l_40,32,19,5,single,79.46,60.97,3834.04,64.9503373,0.754018647,21.89,-2.33,4.86,58.13,42.36,54.56,1.22,25.23,0.97,1.28,-2.37,0.98,1.28,-0.52,0.99,52,-5.35,5.67,7.8
IMG_2569,17/04/2024,Farm 2,section_L,section_l_40,33,19,5,single,66.19,59.07,2958.96,37.17836866,0.745359827,25.03,-3.66,5.63,64.86,47.85,62.13,1.17,24.24,0.97,1.22,-2.46,0.98,1.22,-0.64,0.99,53.61,-6.92,6.22,9.3
IMG_2570,17/04/2024,Farm 2,section_L,section_l_40,34,19,5,single,63.7,53.95,2782.77,33.07085171,0.743555429,34.71,-4.98,8.94,54.71,52.18,84.52,1.08,22.91,0.97,1.13,-1.99,0.98,1.12,-0.77,0.99,60.27,-7.61,9.26,11.99
IMG_2571,17/04/2024,Farm 2,section_L,section_l_40,35,19,5,single,59.64,47.57,2274.03,27.04693676,0.740466524,31.93,-4.65,9.04,52.62,56.16,78.07,1.14,24.06,0.97,1.19,-2.15,0.98,1.19,-0.68,0.99,60.54,-7.67,10.07,12.66
IMG_2572,17/04/2024,Farm 2,section_L,section_l_40,36,19,5,single,71.68,57.7,3313.71,47.41857963,0.749123468,31.44,-4.28,6.4,63.32,43.88,77.07,1.16,24.23,0.97,1.21,-2.54,0.98,1.21,-0.91,0.99,60.68,-7.71,6.83,10.3
IMG_2576,17/04/2024,Farm 2,section_L,section_l_41,1,19,5,single,82.89,65.84,4253.42,73.89562751,0.756035547,28,-0.99,13.37,32.95,93.73,72.2,1.21,25.34,0.97,1.27,-2.38,0.98,1.27,-0.74,0.99,59.36,-3.64,16.24,16.65
IMG_2577,17/04/2024,Farm 2,section_L,section_l_41,2,19,5,single,82.52,57.38,3774.05,72.89312977,0.755821782,29.98,-2.79,10.12,46.56,66.69,74.96,1.23,25.3,0.97,1.28,-2.35,0.98,1.28,-0.64,0.99,62.21,-5.91,12.33,13.68
IMG_2580,17/04/2024,Farm 2,section_L,section_l_41,4,19,5,single,75.37,58.46,3514.81,55.27262652,0.751504203,33.06,-6.19,12.29,51.38,73.01,81.2,1.07,21.47,0.97,1.1,-2.05,0.98,1.1,-0.87,0.99,56.85,-8.87,12.59,15.4
IMG_2581,17/04/2024,Farm 2,section_L,section_l_41,5,19,5,single,77.25,57.32,3652.71,59.59082068,0.752675464,30.07,-3.94,7.44,54.19,49.08,73.32,1.13,23.82,0.97,1.18,-2.27,0.98,1.18,-0.68,0.99,57.92,-6.92,8.09,10.65
IMG_2582,17/04/2024,Farm 2,section_L,section_l_41,6,19,5,single,67.54,55.83,2897.64,39.54239193,0.746311699,25.15,-2.7,8.91,43.17,66.22,62.29,1.27,26.09,0.97,1.33,-2.3,0.98,1.32,-0.49,0.99,57.97,-5.9,11.32,12.76
IMG_2583,17/04/2024,Farm 2,section_L,section_l_41,7,19,5,single,72.87,58.46,3495.37,49.86333848,0.749903539,29.15,-3.63,17.49,39.78,112.37,74.19,1.28,26.42,0.97,1.34,-2.29,0.98,1.34,-0.5,0.99,63.69,-7.16,23,24.09
IMG_2584,17/04/2024,Farm 2,section_L,section_l_41,8,19,5,single,78.87,58.7,3780.51,63.48907873,0.753663517,30.49,-8.16,6.49,81.29,57.65,75.77,1.12,23.17,0.97,1.16,-2.41,0.98,1.16,-0.56,0.99,57.33,-11.91,6.98,13.8
IMG_2585,17/04/2024,Farm 2,section_L,section_l_41,9,19,5,single,71.56,54.21,3140.4,47.17662058,0.749044134,30.66,-3.5,10.75,43.57,67.38,75.23,1.24,25.61,0.97,1.3,-2.44,0.98,1.3,-0.47,0.99,63.77,-7,13.51,15.21
IMG_2586,17/04/2024,Farm 2,section_L,section_l_41,10,19,5,single,76.27,60.34,3784.83,57.31259933,0.752068287,27.19,-7.42,7.57,73.54,61.28,67.96,1.21,25.42,0.97,1.28,-2.45,0.98,1.27,-0.27,0.99,58.25,-11.92,9.3,15.12
IMG_2587,17/04/2024,Farm 2,section_L,section_l_41,11,19,5,single,66.43,58.21,3007.33,37.59149371,0.74553037,26.08,-2.84,7.17,50.67,53.5,64.55,1.12,23.38,0.97,1.16,-2.22,0.98,1.16,-0.55,0.99,52.52,-5.53,7.78,9.54
IMG_2588,17/04/2024,Farm 2,section_L,section_l_41,12,19,5,single,71.87,62.2,3489.22,47.80338588,0.749248828,34.36,-3.25,11.58,43.1,67.43,84.7,1.27,26.26,0.96,1.33,-2.25,0.98,1.33,-0.5,0.99,69.83,-6.57,14.92,16.3
IMG_2589,17/04/2024,Farm 2,section_L,section_l_41,13,19,5,single,70.59,62.13,3446.17,45.2511889,0.74839823,28.67,-1.29,7.93,41.09,56.62,71.6,1.21,25.63,0.97,1.28,-2.26,0.98,1.28,-0.57,0.99,60.45,-3.92,9.56,10.33
IMG_2590,17/04/2024,Farm 2,section_L,section_l_41,14,19,5,single,74.68,57.94,3453.11,53.74213961,0.751067448,27,-3.43,6.73,53.08,47.28,65.9,1.27,26.34,0.97,1.33,-2.52,0.98,1.33,-0.41,0.99,60.65,-7.08,8.54,11.09
IMG_2591,17/04/2024,Farm 2,section_L,section_l_41,15,19,5,single,76.51,64.09,3907.39,57.86501568,0.752217656,36.29,-3.98,9.43,51.01,52.85,88.97,1.27,26.28,0.97,1.34,-2.29,0.98,1.34,-0.45,0.99,72.5,-7.62,12.15,14.34
IMG_2592,17/04/2024,Farm 2,section_L,section_l_41,16,19,5,single,69.69,44.53,2472.36,43.51262838,0.747791459,32.43,-3.19,9.5,44.34,56.53,78.91,1.16,24.29,0.97,1.22,-2.24,0.98,1.22,-0.61,0.99,62.07,-6.13,10.93,12.53
IMG_2593,17/04/2024,Farm 2,section_L,section_l_41,17,19,5,single,74.97,60.56,3626.88,54.38186791,0.75125147,32.01,-5.1,9.65,53.6,59.65,78.3,1.26,26.17,0.97,1.33,-2.28,0.98,1.32,-0.43,0.99,66.47,-9.04,12.31,15.28
IMG_2594,17/04/2024,Farm 2,section_L,section_l_41,18,19,5,single,74.53,63,3669.38,53.41324045,0.750972002,28.59,-3.29,9.55,44.34,62.84,69.92,1.27,26.3,0.97,1.34,-2.2,0.98,1.34,-0.47,0.99,62.6,-6.59,12.29,13.94
IMG_2595,17/04/2024,Farm 2,section_L,section_l_41,19,19,5,single,72.81,52.01,3043.04,49.73808974,0.749864494,34.78,-2.58,10.63,40.53,61.59,85.33,1.25,26.19,0.97,1.32,-2.32,0.98,1.32,-0.5,0.99,69.78,-5.71,13.5,14.66
IMG_2596,17/04/2024,Farm 2,section_L,section_l_41,20,19,5,single,76.94,62.58,3769.54,58.86369595,0.752484182,24.79,-7.15,7.46,79.54,80.9,63.9,1.26,26.34,0.97,1.32,-2.29,0.98,1.32,-0.42,0.99,57.49,-11.74,9.44,15.07
IMG_2597,17/04/2024,Farm 2,section_L,section_l_41,21,19,5,single,75.74,53.63,3229.82,56.10526594,0.751736864,29.1,-3.73,7.45,56.38,52.14,71.64,1.11,23.33,0.97,1.16,-2.41,0.98,1.16,-0.57,0.99,55.74,-6.75,8.06,10.51
IMG_2598,17/04/2024,Farm 2,section_L,section_l_41,22,19,5,single,77.96,51.4,3246.15,61.27887945,0.753110866,32.44,-5.18,10.33,58.91,69.89,81.95,1.26,26.24,0.97,1.32,-2.36,0.98,1.32,-0.39,0.99,67.18,-9.21,13.27,16.16
IMG_2599,17/04/2024,Farm 2,section_L,section_l_41,23,19,5,single,70.52,56.79,3309.74,45.11432172,0.748351298,36.05,-0.88,19.5,32.48,109.48,94.17,1.28,26.43,0.97,1.34,-2.37,0.98,1.34,-0.3,0.99,72.59,-3.56,25.78,26.02
IMG_2601,17/04/2024,Farm 2,section_L,section_l_41,25,19,5,single,65.49,55.69,2897.55,35.99088005,0.74485908,31.51,-4.67,11.94,48.07,74.1,78.22,1.13,23.65,0.97,1.18,-2.43,0.98,1.17,-0.46,0.99,59.25,-7.94,13.53,15.69
IMG_2602,17/04/2024,Farm 2,section_L,section_l_41,26,19,5,single,77.58,62.09,3839.4,60.37146782,0.752878298,27.34,-5.86,11.99,51.71,82.14,67.99,1.27,26.4,0.97,1.34,-2.45,0.98,1.33,-0.28,0.99,61.18,-10.31,15.7,18.78
IMG_2603,17/04/2024,Farm 2,section_L,section_l_41,27,19,5,single,69.79,53.67,2912.29,43.70354386,0.747859239,32.86,-3.32,8.86,47.79,53.72,80.13,1.09,22.44,0.97,1.14,-1.94,0.98,1.13,-0.92,0.99,58.41,-5.72,9.13,10.77
IMG_2604,17/04/2024,Farm 2,section_L,section_l_41,28,19,5,single,70.98,57.03,3324.2,46.01884931,0.748658917,28.77,-6.8,6.68,73.8,55.26,71.38,1.13,27.21,0.89,1.25,-2.8,0.97,1.26,-0.43,0.95,59.72,-11.33,7.99,13.86
IMG_2605,17/04/2024,Farm 2,section_L,section_l_41,29,19,5,single,70.85,55.65,3110.87,45.7619973,0.748572171,28.01,-2.53,8.29,43.92,55.62,68.64,1.13,23.59,0.97,1.17,-2.22,0.98,1.17,-0.64,0.99,55.13,-5.19,9.09,10.47
IMG_2606,17/04/2024,Farm 2,section_L,section_l_41,30,19,5,single,78.68,58.76,3620.33,63.02325353,0.753548624,31.32,-5.29,11.06,58.74,71.83,79.31,1.13,23.42,0.97,1.17,-2.11,0.98,1.17,-0.68,0.99,58.72,-8.31,12.26,14.81
IMG_2607,17/04/2024,Farm 2,section_L,section_l_41,31,19,5,single,66.75,48.6,2628.34,38.14711388,0.745756865,28.92,-5.13,6.72,61.86,47.7,70.99,1.17,24.55,0.97,1.22,-2.34,0.98,1.22,-0.47,0.99,58.37,-8.62,7.73,11.58
IMG_2608,17/04/2024,Farm 2,section_L,section_l_41,32,19,5,single,72.87,55.96,3266.78,49.86333848,0.749903539,32.33,-2.33,10.48,43.93,65.58,81.02,1.31,26.01,0.96,1.37,-2.13,0.98,1.36,-0.24,0.99,68.35,-5.33,13.97,14.95
IMG_2609,17/04/2024,Farm 2,section_L,section_l_41,33,19,5,single,74.16,60.36,3507.1,52.60774882,0.750735795,31.4,-2.88,10.12,42.47,63.06,77.1,1.14,23.68,0.97,1.19,-2.26,0.98,1.19,-0.58,0.99,59.5,-5.68,11.42,12.76
IMG_2610,17/04/2024,Farm 2,section_L,section_l_41,34,19,5,single,78.02,53.84,3318.7,61.42298808,0.75314749,32.85,-7.84,4.09,93.04,53.92,81.28,1.14,23.76,0.97,1.19,-2.38,0.98,1.18,-0.5,0.99,61.21,-11.69,4.34,12.47
IMG_2611,17/04/2024,Farm 2,section_L,section_l_41,35,19,5,single,66.01,57.41,3041.82,36.8705364,0.745231539,33.2,-3.2,11.76,44.53,70.88,83.08,1.12,23.3,0.97,1.16,-2.26,0.98,1.16,-0.58,0.99,60.35,-5.98,13.04,14.34
IMG_2612,17/04/2024,Farm 2,section_L,section_l_41,36,19,5,single,71.51,58,3236.89,47.07604985,0.749011041,24.22,-5.65,9.05,58.92,70.96,60.6,1.15,24.14,0.97,1.21,-2.43,0.98,1.2,-0.44,0.99,51.96,-9.24,10.39,13.91
IMG_2613,17/04/2024,Farm 2,section_L,section_l_42,1,19,5,double,76.32,59.89,3685.05,57.4273923,0.752099442,29.27,-2.88,8.07,47.58,54.49,71.93,1.11,23.49,0.97,1.16,-2.21,0.98,1.16,-0.82,0.99,56.08,-5.54,8.54,10.18
IMG_2614,17/04/2024,Farm 2,section_L,section_l_42,2,19,5,double,84.75,68.89,4568,79.07592086,0.757096793,28.17,-4,7.43,57.94,54.71,69.45,1.21,24.91,0.98,1.25,-2.27,0.98,1.26,-0.72,0.99,58.95,-7.28,8.63,11.29
IMG_2615,17/04/2024,Farm 2,section_L,section_l_42,3,19,5,double,73.57,59.19,3392.51,51.34028073,0.750356848,32.72,-2.18,9.05,43.14,55.5,80.79,1.15,23.85,0.97,1.19,-2.29,0.98,1.19,-0.77,0.99,61.57,-4.88,10.03,11.15
IMG_2616,17/04/2024,Farm 2,section_L,section_l_42,4,19,5,double,86.38,61.98,4235.26,83.81176164,0.75800902,30.43,-3.96,6.34,59,42.98,74.14,1.16,24.78,0.97,1.2,-2.66,0.98,1.2,-0.63,0.99,60.01,-7.41,6.99,10.19
IMG_2617,17/04/2024,Farm 2,section_L,section_l_42,5,19,5,double,77.91,63.03,3954.12,61.15896274,0.753080326,27.02,-5.5,7.48,71.83,66,68.35,1.06,21.96,0.97,1.1,-1.96,0.98,1.09,-1.26,0.99,50.68,-7.98,6.93,10.57
IMG_2618,17/04/2024,Farm 2,section_L,section_l_42,6,19,5,double,74.53,50.2,3034.21,53.41324045,0.750972002,34.7,-1.31,9.6,36.74,57.51,86.06,1.3,26.44,0.98,1.36,-2.4,0.98,1.36,-0.49,0.99,71.49,-4.17,12.52,13.2
IMG_2619,17/04/2024,Farm 2,section_L,section_l_42,7,19,5,double,83.1,66.85,4229.62,74.46871596,0.756156476,28.13,-2.21,8.23,44.19,55.73,69.11,1.2,24.8,0.98,1.24,-2.36,0.98,1.25,-0.66,0.99,58.53,-5.1,9.59,10.87
IMG_2620,17/04/2024,Farm 2,section_L,section_l_42,8,19,5,double,67.55,57.55,3042.99,39.56027016,0.746318684,30.78,-1.6,10.55,42.01,67.98,77.08,1.25,25.93,0.97,1.31,-2.27,0.98,1.31,-0.53,0.99,64.42,-4.37,13.32,14.02
IMG_2621,17/04/2024,Farm 2,section_L,section_l_42,9,19,5,double,68.17,55.23,3035.36,40.67936873,0.746749822,37.51,-0.85,10.42,34.27,59.46,93.77,1.16,24.64,0.96,1.22,-2.26,0.98,1.22,-0.68,0.99,68.33,-3.31,12.02,12.47
IMG_2622,17/04/2024,Farm 2,section_L,section_l_42,10,19,5,double,77.44,51.14,3172.18,60.03944964,0.752792346,29.3,-2.29,8.34,42.6,54.71,71.7,1.18,25.01,0.96,1.24,-2.35,0.98,1.23,-0.53,0.99,59.52,-5.19,9.76,11.05
IMG_2623,17/04/2024,Farm 2,section_L,section_l_42,11,19,5,double,67,48.21,2665.44,38.58501488,0.745933108,34.83,-0.71,10.7,31.74,65.5,87.57,1.18,25.02,0.97,1.24,-2.25,0.98,1.24,-0.57,0.99,66.17,-3.13,12.7,13.08
IMG_2624,17/04/2024,Farm 2,section_L,section_l_42,12,19,5,double,74.99,56.63,3454.97,54.4261749,0.751264137,32.17,-2.41,7.42,48.52,46.2,78.84,1.18,25.13,0.97,1.24,-2.17,0.98,1.24,-0.6,0.99,63.08,-5.15,8.59,10.01
IMG_2625,17/04/2024,Farm 2,section_L,section_l_42,13,19,5,double,79.48,61.44,3898.91,65.00026387,0.754030642,40.82,-2.45,11.77,44.73,62.12,102.27,1.09,22.92,0.97,1.15,-2.04,0.98,1.14,-0.74,0.99,67.51,-4.86,12.63,13.53
IMG_2626,17/04/2024,Farm 2,section_L,section_l_42,14,19,5,double,79.42,58.41,3984.54,64.85056153,0.753994648,33.17,-5.28,5,74.64,36.3,80.79,1.3,25.95,0.97,1.36,-1.84,0.98,1.35,-0.51,0.99,69.03,-9.03,6.27,11
IMG_2627,17/04/2024,Farm 2,section_L,section_l_42,15,19,5,double,69.85,53.98,3016.62,43.81836309,0.747899864,35.05,-2.17,10.88,41.42,63.42,87.39,1.18,25.31,0.97,1.24,-2.25,0.98,1.25,-0.56,0.99,66.71,-4.94,13,13.9
IMG_2628,17/04/2024,Farm 2,section_L,section_l_42,16,19,5,double,73.87,63.09,3648.03,51.9821584,0.750549887,38.37,-3.65,9.12,49.32,50.47,93.95,1.19,24.82,0.97,1.25,-2.21,0.98,1.25,-0.55,0.99,70.52,-6.77,10.82,12.77
IMG_2629,17/04/2024,Farm 2,section_L,section_l_42,17,19,5,double,80.13,60.73,3965.19,66.63696234,0.754418946,36.34,-2.51,9.63,42.32,54.25,89.33,1.2,25.25,0.97,1.26,-2.25,0.98,1.26,-0.56,0.99,68.87,-5.41,11.57,12.77
IMG_2630,17/04/2024,Farm 2,section_L,section_l_42,18,19,5,double,69.62,54.48,3037.28,43.37932178,0.747743958,29.62,-5.28,6.23,75.33,52.04,73.69,1.08,22.3,0.97,1.13,-1.6,0.98,1.12,-0.79,0.99,54.32,-7.55,6.2,9.77
IMG_2631,17/04/2024,Farm 2,section_L,section_l_42,19,19,5,double,83.33,59.68,3982.18,75.09980523,0.756288594,34.54,-4.09,7.57,55.13,45.3,83.95,1,31.33,0.73,1.28,-2.8,0.96,1.22,1.41,0.91,65.82,-8.04,10.62,13.32
IMG_2632,17/04/2024,Farm 2,section_L,section_l_42,20,19,5,double,72,60.94,3517.55,48.06788075,0.749334421,33.1,-1.95,9.6,39,57.87,81.43,1.26,25.93,0.97,1.32,-2.24,0.98,1.32,-0.4,0.99,67.63,-4.82,12.26,13.18
IMG_2633,17/04/2024,Farm 2,section_L,section_l_42,21,19,5,double,72.87,51.94,3087.93,49.86333848,0.749903539,34.39,-3.49,8.64,55.95,53.31,85.57,1.18,24.83,0.97,1.23,-2.26,0.98,1.23,-0.55,0.99,65.3,-6.55,10.1,12.04
IMG_2634,17/04/2024,Farm 2,section_L,section_l_42,22,19,5,double,71.12,53.92,3148.33,46.29654144,0.74875217,33.48,-2.95,9.23,44.04,53.61,81.66,1.25,25.79,0.97,1.31,-2.28,0.98,1.31,-0.42,0.99,67.58,-6.15,11.65,13.18
IMG_2635,17/04/2024,Farm 2,section_L,section_l_42,23,19,5,double,79.17,55.71,3379.96,64.22929727,0.753844401,40.62,-0.73,10.23,34.3,55.77,101.62,1.17,24.63,0.97,1.23,-2.23,0.98,1.22,-0.61,0.99,72.12,-3.14,11.92,12.33
IMG_2636,17/04/2024,Farm 2,section_L,section_l_42,24,19,5,double,72.29,58.36,3415.51,48.6614505,0.749524839,29.29,-5.13,7.04,64.54,50.91,72.04,1.18,24.63,0.96,1.23,-2.37,0.98,1.23,-0.41,0.99,59.08,-8.68,8.24,11.97
IMG_2637,17/04/2024,Farm 2,section_L,section_l_42,25,19,5,double,69.56,60.22,3208.83,43.2652778,0.747703208,27.4,-4.25,7.96,56.02,56.74,67.6,1.18,24.51,0.97,1.23,-2.23,0.98,1.23,-0.53,0.99,56.71,-7.45,9.26,11.88
IMG_2638,17/04/2024,Farm 2,section_L,section_l_42,26,19,5,double,79.46,54.85,3555.94,64.9503373,0.754018647,31.42,-1.31,8.57,36.53,55.73,77.84,1.25,25.68,0.97,1.31,-2.41,0.98,1.3,-0.39,0.99,64.82,-4.12,10.74,11.51
IMG_2640,17/04/2024,Farm 2,section_L,section_l_43,1,19,5,double,60,47.98,2368.44,27.5204754,0.740732643,33.94,-2.48,11.62,45.55,71.29,86.2,1.28,26.63,0.98,1.35,-2.64,0.98,1.35,-0.46,0.99,70.22,-5.98,15.19,16.32
IMG_2641,17/04/2024,Farm 2,section_L,section_l_43,2,19,5,double,75,65.9,3903.07,54.02828488,0.751150024,33.88,-1.1,11.45,34.04,70.09,85.13,1.28,25.96,0.98,1.32,-2.48,0.98,1.33,-0.49,0.99,69.24,-3.93,14.69,15.21
IMG_2642,17/04/2024,Farm 2,section_L,section_l_43,3,19,5,double,77,64.45,4081.74,60.0631244,0.75279849,34.61,-1.74,10.82,36.65,63.52,85.79,1.33,25.95,0.97,1.38,-2.17,0.98,1.38,-0.64,0.99,71.87,-4.57,14.27,14.98
IMG_2643,17/04/2024,Farm 2,section_L,section_l_43,4,19,5,double,76,66.75,3992.68,56.15051221,0.75174941,33.38,-2.45,9.65,46.22,59.25,82.81,1.15,23.74,0.97,1.19,-2.21,0.98,1.19,-0.79,0.99,62.12,-5.12,10.72,11.88
IMG_2645,17/04/2024,Farm 2,section_L,section_l_43,5,19,5,double,72,70.76,4064.08,48.29245132,0.749406733,33.84,-4.19,7.95,58.57,49.22,83.26,1.29,26.21,0.98,1.34,-2.4,0.98,1.34,-0.37,0.99,69.86,-8.02,10.29,13.05
IMG_2646,17/04/2024,Farm 2,section_L,section_l_43,6,19,5,double,72,55.55,3111.89,47.17662058,0.749044134,22.53,-5.93,4.77,85.87,54.92,56.94,1.09,22.56,0.97,1.12,-2.44,0.98,1.12,-0.67,0.99,47.18,-9.11,4.69,10.25
IMG_2647,17/04/2024,Farm 2,section_L,section_l_43,7,19,5,double,80,63.85,4053.94,65.82778251,0.754228151,30.68,-2.99,8.57,49.71,56.51,75.57,1.05,21.03,0.97,1.08,-1.87,0.98,1.08,-1.08,0.99,53.39,-5.08,8.17,9.63
IMG_2648,17/04/2024,Farm 2,section_L,section_l_43,8,19,5,double,86,65.42,4406.23,82.4857836,0.757758801,37.54,-0.87,13.07,34.76,74.37,95.16,1.08,21.58,0.97,1.11,-1.98,0.98,1.1,-0.81,0.99,62.19,-2.94,13.61,13.92
IMG_2649,17/04/2024,Farm 2,section_L,section_l_43,9,19,5,double,81,65.44,4157.11,67.76046838,0.754680127,35.01,-2.14,9.73,41.72,58.92,86.8,1.17,24.41,0.97,1.22,-2.23,0.98,1.22,-0.69,0.99,65.35,-4.83,11.14,12.14
IMG_2650,17/04/2024,Farm 2,section_L,section_l_43,10,19,5,double,80,64.16,4045.8,66.56081916,0.754401089,33.98,-2.38,9.44,46.99,57.97,84.7,1.15,24.35,0.97,1.2,-2.34,0.98,1.2,-0.74,0.99,63.55,-5.19,10.61,11.81
IMG_2651,17/04/2024,Farm 2,section_L,section_l_43,11,19,5,double,81,65.83,4243.08,68.01757483,0.7547393,29.35,-4.85,8.23,56.88,55.71,71.91,1.12,23.21,0.97,1.15,-2.37,0.98,1.16,-0.96,0.99,56.09,-7.98,8.59,11.72
IMG_2652,17/04/2024,Farm 2,section_L,section_l_43,12,19,5,double,69,57.31,3145.84,42.99995962,0.747607996,29.08,-4.91,5.74,69.85,43.04,71.31,1.12,23.07,0.97,1.15,-2.5,0.98,1.15,-0.51,0.99,55.6,-8.16,6.1,10.19
IMG_2653,17/04/2024,Farm 2,section_L,section_l_43,13,19,5,double,68,61.45,3293.32,40.47928552,0.746673598,21.66,-3.78,5.08,63.17,45.26,53.86,1.2,25.13,0.97,1.25,-2.41,0.98,1.26,-0.87,0.99,51.19,-7.14,5.53,9.03
IMG_2654,17/04/2024,Farm 2,section_L,section_l_43,14,19,5,double,67,66.78,3458.69,38.2344253,0.745792163,25.43,-5.26,4.94,77.67,45.44,63.08,1.22,25.2,0.98,1.27,-2.44,0.98,1.27,-0.86,0.99,56.13,-9.11,5.41,10.59
IMG_2655,17/04/2024,Farm 2,section_L,section_l_43,15,19,5,double,75,67.47,3981.07,53.87407969,0.751105577,32.37,-2.64,6.37,50.11,40.43,78.49,1.21,25.35,0.97,1.27,-2.47,0.98,1.27,-0.79,0.99,64.61,-5.81,7.32,9.34
IMG_2656,17/04/2024,Farm 2,section_L,section_l_43,16,19,5,double,81,74.49,4718.02,67.78614956,0.754686047,34.31,-2.7,9.22,41.34,54,83.69,1.29,26.13,0.98,1.34,-2.49,0.98,1.34,-0.38,0.99,70.3,-6.09,11.97,13.43
IMG_2657,17/04/2024,Farm 2,section_L,section_l_43,17,19,5,double,75,64.31,3838.23,54.78150505,0.751365356,32.72,0.05,11.45,29.99,75.7,84.02,1.23,25.2,0.98,1.27,-2.41,0.98,1.28,-0.5,0.99,65.29,-2.36,14.12,14.31
IMG_2658,17/04/2024,Farm 2,section_L,section_l_43,18,19,5,double,71,61.31,3528.18,46.67520862,0.748878452,34.59,-1.49,10.04,36.46,59.59,85.64,1.22,25.39,0.97,1.28,-2.37,0.98,1.27,-0.58,0.99,67.6,-4.28,12.2,12.93
IMG_2659,17/04/2024,Farm 2,section_L,section_l_43,19,19,5,double,78,63.28,3912.5,61.54325256,0.75317799,33.78,-1.21,9.03,40.02,56.59,83.83,1.17,24.36,0.97,1.21,-2.33,0.98,1.22,-0.63,0.99,63.84,-3.8,10.34,11.02
IMG_2660,17/04/2024,Farm 2,section_L,section_l_43,20,19,5,double,81,62.24,4015.41,68.43030836,0.754833834,27.98,-4.18,8.57,52.33,59.55,68.87,1.21,25.11,0.97,1.27,-2.42,0.98,1.27,-0.79,0.99,59.03,-7.71,10.06,12.67
IMG_2661,17/04/2024,Farm 2,section_L,section_l_43,21,19,5,double,80,65.09,4195.39,65.37553605,0.754120514,30.71,-2.94,8.86,48.45,59.3,76.43,1.24,25.48,0.97,1.29,-2.45,0.98,1.29,-0.45,0.99,63.41,-6.24,10.95,12.61
IMG_2662,17/04/2024,Farm 2,section_L,section_l_43,22,19,5,double,78,66.48,4110.06,60.30021739,0.752859892,31.27,-3.3,8.16,48.61,51.82,76.34,1.12,23.42,0.97,1.17,-2.4,0.98,1.17,-1.12,0.99,58.58,-6.25,8.43,10.49
IMG_2663,17/04/2024,Farm 2,section_L,section_l_43,23,19,5,double,84,66.87,4391.6,77.54761161,0.756790955,24.74,-3.51,7.82,56.37,60.59,62.37,1.12,23.34,0.97,1.16,-2.54,0.98,1.16,-0.76,0.99,51.17,-6.62,8.34,10.65
IMG_2664,17/04/2024,Farm 2,section_L,section_l_43,24,19,5,double,82,60.64,4048.5,70.57202507,0.755315585,19.96,-2.8,7.57,61.14,76.67,52.79,1.29,26.26,0.98,1.34,-2.43,0.98,1.34,-0.45,0.99,51.96,-6.19,9.69,11.5
IMG_2665,17/04/2024,Farm 2,section_L,section_l_43,25,19,5,double,78,59.3,3746.79,62.24391058,0.75335453,29.47,-5.98,6.14,73.15,47.5,72.58,1.14,23.67,0.97,1.18,-2.57,0.98,1.18,-0.97,0.99,57.29,-9.64,6.29,11.51
IMG_2666,17/04/2024,Farm 2,section_L,section_l_43,26,19,5,double,69,56.35,3020.99,41.32042007,0.746991587,24.3,-3.98,8.49,50.36,64.78,60.44,1.29,26.04,0.98,1.34,-2.55,0.98,1.34,-0.39,0.99,57.39,-7.89,10.96,13.51
IMG_2667,17/04/2024,Farm 2,section_L,section_l_43,27,19,5,double,84,67.36,4548.51,76.8747877,0.756654437,32.37,-2.5,7.88,43.07,48.21,78.53,1.29,26.12,0.98,1.34,-2.43,0.98,1.34,-0.54,0.99,67.85,-5.78,10.03,11.57
IMG_2668,17/04/2024,Farm 2,section_L,section_l_44,1,19,5,double,68,58.07,3132.81,40.84356701,0.746812101,31.94,-3.05,8.4,54.37,55.41,79.58,1.18,24.62,0.97,1.24,-1.82,0.98,1.24,-0.87,0.99,62.47,-5.61,9.58,11.1
IMG_2669,17/04/2024,Farm 2,section_L,section_l_44,2,19,5,double,74,60,3541,52.21885898,0.750620484,33.6,-2.91,7.31,46.33,42.46,80.99,1.2,24.52,0.97,1.25,-2.33,0.98,1.25,-0.83,0.99,64.77,-5.96,8.28,10.2
IMG_2670,17/04/2024,Farm 2,section_L,section_l_44,3,19,5,double,82,65.57,4296.55,70.44015992,0.75528634,29.91,-6.77,3.92,92.3,52.99,74.1,1.18,24.33,0.97,1.24,-2.13,0.98,1.23,-0.68,0.99,59.6,-10.54,4.14,11.33
IMG_2672,17/04/2024,Farm 2,section_L,section_l_44,4,19,5,double,83,78,5131,73.35259342,0.75592011,30.35,-5.17,5.8,69.01,43.26,74.26,1.28,26.07,0.99,1.34,-2.52,0.98,1.34,-0.53,0.99,64.88,-9.47,7.25,11.93
IMG_2675,17/04/2024,Farm 2,section_L,section_l_44,5,19,5,double,0,0,0,0,0,27.14,-7.65,5.13,86.69,61.84,68.05,1.25,25.65,0.97,1.32,-1.97,0.98,1.32,-0.72,0.99,59.64,-12.06,6.05,13.5
IMG_2677,17/04/2024,Farm 2,section_L,section_l_44,6,19,5,double,94,70.08,5369.17,109.6248136,0.762234148,25.35,-2.86,6.35,54.52,50.54,62.95,1.25,25.49,0.99,1.32,-2.51,0.98,1.31,-0.49,0.99,57.29,-6.27,7.85,10.05
IMG_2680,17/04/2024,Farm 2,section_L,section_l_44,7,19,5,double,89,56.87,4144.74,91.3145397,0.759355673,34.55,-2.91,6.6,57.62,41.86,83.91,1.19,24.21,0.98,1.23,-2.52,0.98,1.22,-0.4,0.99,65.15,-6.09,7.68,9.8
IMG_2682,17/04/2024,Farm 2,section_L,section_l_44,8,19,5,double,88,60.8,4235.9,88.67313716,0.75889436,28.01,-5.22,7.1,64.76,55.84,69.21,1.2,24.45,0.98,1.24,-2.78,0.98,1.24,-0.33,0.99,58.03,-9.25,8.45,12.53
IMG_2683,17/04/2024,Farm 2,section_L,section_l_44,9,19,5,double,90,65.77,4758.3,94.55344035,0.759903821,27.5,-3.88,4.91,70,42.95,67.68,1.13,23.1,0.98,1.16,-2.65,0.98,1.15,-0.58,0.99,54.04,-7.14,5.09,8.77
IMG_2685,17/04/2024,Farm 2,section_L,section_l_44,10,19,5,double,74,55.75,3259.95,51.59638831,0.750434152,35.26,-3.13,10.16,45.5,59.24,87.05,1.14,23.98,0.98,1.18,-2.52,0.98,1.18,-0.79,0.99,64.1,-6.21,11.21,12.82
IMG_2686,17/04/2024,Farm 2,section_L,section_l_44,11,19,5,double,105,72.36,5492.21,151.3105198,0.767336701,28.9,-3.83,7.26,57.78,51.11,71.04,1.37,26.93,0.98,1.44,-2.34,0.99,1.43,-0.4,0.99,66.64,-7.84,10,12.7
IMG_2687,17/04/2024,Farm 2,section_L,section_l_44,12,19,5,double,89,66.03,4627.15,91.47154307,0.75938268,31.82,-3.99,7.18,58.16,46.73,77.73,1.12,23.21,0.98,1.15,-2.65,0.98,1.15,-0.63,0.99,58.93,-7.25,7.65,10.53
IMG_2688,17/04/2024,Farm 2,section_L,section_l_44,13,19,5,double,98,69.64,5438.11,123.6367881,0.764134647,34.07,-2.94,8.29,45.29,48.46,82.5,1.27,26.26,0.98,1.33,-2.63,0.98,1.33,-0.59,0.99,69.69,-6.54,10.44,12.32
IMG_2689,17/04/2024,Farm 2,section_L,section_l_44,14,19,5,double,92,63.86,4702.99,101.3622319,0.760998549,35.18,-3.21,7.97,47.84,45.68,85.12,1.04,21.3,0.98,1.07,-2.43,0.98,1.07,-0.93,0.99,58.04,-5.86,7.58,9.58
IMG_2690,17/04/2024,Farm 2,section_L,section_l_44,15,19,5,double,78,56.99,3568.41,62.31669712,0.753372758,31.22,-3.83,8.11,58.41,56.79,77.64,1.13,23.28,0.98,1.17,-2.52,0.98,1.17,-1.04,0.99,58.63,-7.01,8.48,11.01
IMG_2691,17/04/2024,Farm 2,section_L,section_l_44,16,19,5,double,100,74.37,5881.76,130.6538369,0.765008446,31.16,-5.12,8.41,58.47,54.27,76.21,1.25,25.98,0.98,1.31,-2.47,0.98,1.31,-0.57,0.99,64.93,-9.15,10.46,13.89
IMG_2692,17/04/2024,Farm 2,section_L,section_l_44,17,19,5,double,90,65.35,4655.77,93.97634613,0.759807514,29.03,-4.55,6.85,62.17,50.05,71.2,1.26,26.04,0.98,1.31,-2.58,0.98,1.32,-0.55,0.99,62.61,-8.54,8.46,12.03
IMG_2693,17/04/2024,Farm 2,section_L,section_l_44,18,19,5,double,86,72.94,4903.12,81.34807625,0.757540949,26.95,-5.66,5.15,81.99,51.13,66.99,1.25,25.53,0.98,1.3,-2.46,0.98,1.31,-0.53,0.99,59.31,-9.85,6.19,11.63
IMG_2694,17/04/2024,Farm 2,section_L,section_l_44,19,19,5,double,94,70.13,5184.3,108.9519656,0.762137,31.85,-6.14,6.31,74.16,49.07,78.47,1.25,25.73,0.98,1.3,-2.48,0.98,1.31,-0.6,0.99,65.62,-10.48,7.66,12.98
IMG_2695,17/04/2024,Farm 2,section_L,section_l_44,20,19,5,double,85,75.76,4960.03,78.39419573,0.756961091,27.74,-6.36,5.28,80.65,52.82,68.87,1.26,25.95,0.98,1.32,-2.54,0.98,1.32,-0.57,0.99,61,-10.92,6.39,12.65
IMG_2696,17/04/2024,Farm 2,section_L,section_l_44,21,19,5,double,92,74.43,5435.3,101.5643559,0.761029935,29.49,-2.88,7.51,47.23,49.69,71.79,1.19,24.33,0.98,1.23,-2.45,0.98,1.24,-0.63,0.99,59.54,-6,8.65,10.53
IMG_2697,17/04/2024,Farm 2,section_L,section_l_44,22,19,5,double,82,58,3768.38,70.86271251,0.755379865,25.3,-3.34,7.28,52.85,53.75,62.03,1.17,23.93,0.98,1.21,-2.42,0.98,1.21,-0.62,0.99,53.61,-6.46,8.21,10.45
IMG_2698,17/04/2024,Farm 2,section_L,section_l_44,23,19,5,double,80,61.82,3968.25,66.58619371,0.754407042,24.22,-6.31,6.31,79.29,61.77,61.04,1.26,25.84,0.98,1.32,-2.49,0.98,1.32,-0.45,0.99,56.47,-10.78,7.87,13.35
IMG_2699,17/04/2024,Farm 2,section_L,section_l_44,24,19,5,double,82,57.69,3638.41,70.598418,0.755321432,27.31,-4.44,6.4,67.4,52.49,67.75,1.21,24.78,0.98,1.26,-2.5,0.98,1.26,-0.42,0.99,57.94,-8.1,7.63,11.13
IMG_2700,17/04/2024,Farm 2,section_L,section_l_44,25,19,5,double,89,67.02,4829.03,91.126375,0.759323246,33.58,-5.75,8.02,64.07,53.79,82.75,1.19,24.97,0.98,1.23,-2.6,0.98,1.23,-0.61,0.99,64.8,-9.69,9.26,13.4
IMG_2701,17/04/2024,Farm 2,section_L,section_l_44,26,19,5,double,87,66.22,4568.72,86.71857866,0.758544256,23.95,-2.33,6.51,54.61,54.68,59.91,1.11,23.13,0.98,1.14,-2.46,0.98,1.14,-0.73,0.99,49.67,-5.11,6.69,8.42
IMG_2702,17/04/2024,Farm 2,section_L,section_l_45,1,19,5,single,74.61,58.16,3373.2,53.58848437,0.751022929,23.44,-5.09,10.35,54.23,80.72,58.74,1.26,26.41,0.98,1.31,-2.52,0.98,1.32,-0.61,0.99,55.91,-9.19,13.07,15.98
IMG_2703,17/04/2024,Farm 2,section_L,section_l_45,2,19,5,single,68.81,59.94,3290.31,41.8566953,0.747191031,27.66,-2.37,11.76,40.92,80.22,69.79,1.14,23.83,0.98,1.18,-2.61,0.98,1.18,-0.7,0.99,55.47,-5.42,13.21,14.28
IMG_2704,17/04/2024,Farm 2,section_L,section_l_45,3,19,5,single,70.25,68.62,3810.6,44.58901315,0.748169862,25,-5.36,7.83,66.48,67.57,63.27,1.15,24.4,0.98,1.19,-2.42,0.98,1.2,-0.8,0.99,53.21,-8.82,8.57,12.3
IMG_2705,17/04/2024,Farm 2,section_L,section_l_45,4,19,5,single,70.09,63.98,3654.66,44.27966868,0.748062036,25.8,-3.63,11.06,44.39,79.34,64.13,1.29,26.38,0.98,1.36,-2.2,0.99,1.36,-0.7,0.99,59.69,-7.13,14.31,15.99
IMG_2706,17/04/2024,Farm 2,section_L,section_l_45,5,19,5,single,68.85,61.46,3339.38,41.93102959,0.747218479,23.52,-7.93,8.55,72.21,76.35,60.06,1.27,26.99,0.98,1.34,-2.71,0.98,1.34,-0.35,0.99,56.93,-13.3,11.11,17.33
IMG_2707,17/04/2024,Farm 2,section_L,section_l_45,6,19,5,single,68.06,55.32,2990.52,40.47928552,0.746673598,34.53,-4.13,9.43,49.25,54.68,84.24,1.16,23.99,0.98,1.2,-2.28,0.98,1.21,-0.74,0.99,64.18,-7.24,10.63,12.86
IMG_2708,17/04/2024,Farm 2,section_L,section_l_45,7,19,5,single,64.31,55.05,2886.78,34.04731368,0.744003502,25.88,-3.95,10.91,46.62,77.5,64.54,1.28,26.44,0.98,1.34,-2.42,0.98,1.34,-0.44,0.99,59.62,-7.72,14.2,16.16
IMG_2709,17/04/2024,Farm 2,section_L,section_l_45,8,19,5,single,65.61,57.89,3193.73,36.1926108,0.744945278,22.15,-4.92,7.09,63.1,60.37,55.6,1.29,26.49,0.98,1.35,-2.46,0.98,1.35,-0.51,0.99,55.04,-9.08,9.04,12.82
IMG_2710,17/04/2024,Farm 2,section_L,section_l_45,9,19,5,single,77.51,65.93,4279.91,60.20530481,0.75283534,27.1,-3.06,7.52,48.64,53.31,66.46,1.32,25.75,0.97,1.38,-2.01,0.98,1.37,-0.59,0.99,61.64,-6.23,9.71,11.54
IMG_2711,17/04/2024,Farm 2,section_L,section_l_45,10,19,5,single,72.59,55.71,3346.52,49.28065452,0.749721072,27.29,-6.02,8.58,62.81,63,67.98,1.26,25.77,0.97,1.32,-2.56,0.98,1.32,-0.62,0.99,60.22,-10.5,10.68,14.98
IMG_2712,17/04/2024,Farm 2,section_L,section_l_45,11,19,5,single,70.26,61.86,3416.91,44.60839528,0.748176593,18.99,-3.48,2.73,82.72,38.02,47.89,1.16,24.01,0.97,1.2,-2.39,0.98,1.2,-0.48,0.99,45.95,-6.55,2.79,7.12
IMG_2713,17/04/2024,Farm 2,section_L,section_l_45,12,19,5,single,74.96,58.17,3434.31,54.35972352,0.751245136,26.2,-5.16,9.4,54.98,68.7,65.25,1.19,24.41,0.97,1.23,-2.32,0.98,1.23,-0.55,0.99,55.57,-8.69,11.02,14.04
IMG_2714,17/04/2024,Farm 2,section_L,section_l_45,13,19,5,single,66.97,53.55,2829.87,38.5322892,0.745911992,28.6,-4.21,9.42,51.75,62.28,70.37,1.25,25.69,0.98,1.3,-2.44,0.98,1.3,-0.39,0.99,61.41,-7.9,11.87,14.26
IMG_2715,17/04/2024,Farm 2,section_L,section_l_45,14,19,5,single,68.57,46.12,2546.05,41.41254971,0.74702603,33.67,-5.1,6.63,67.88,44.41,82.62,1.12,23.15,0.97,1.17,-2.46,0.98,1.16,-0.48,0.99,60.99,-8.4,7.21,11.07
IMG_2716,17/04/2024,Farm 2,section_L,section_l_45,15,19,5,single,71.81,53.85,3130.32,47.68164213,0.749209274,33.36,-2.33,17.97,35.66,105.26,85.05,1.28,25.95,0.97,1.33,-2.45,0.98,1.33,-0.4,0.99,68.6,-5.55,23.5,24.15
IMG_2717,17/04/2024,Farm 2,section_L,section_l_45,16,19,5,single,66.63,53.51,2877.66,37.93811374,0.745672049,26.39,-4.99,7.68,61.11,58.04,65.42,1.07,21.85,0.97,1.12,-1.78,0.98,1.11,-1.27,0.99,50.17,-7.37,7.28,10.36
IMG_2718,17/04/2024,Farm 2,section_L,section_l_45,17,19,5,single,59.16,53.83,2537.57,26.38778509,0.740088397,29.75,-5.53,8.73,59.49,58.12,73.39,1.25,25.57,0.97,1.31,-2.35,0.98,1.3,-0.54,0.99,62.86,-9.59,10.84,14.48
IMG_2719,17/04/2024,Farm 2,section_L,section_l_45,18,19,5,single,68.98,59.4,3229.92,42.17322906,0.747307582,24.1,-3.42,8.01,51.63,62.61,60.29,1.25,25.56,0.97,1.31,-2.41,0.98,1.3,-0.47,0.99,55.69,-6.88,9.98,12.12
IMG_2720,17/04/2024,Farm 2,section_L,section_l_45,19,19,5,single,75.57,54.47,3235.94,55.7216622,0.751630098,33.64,-4.2,12.08,48.16,72.33,84.28,1.22,25.11,0.97,1.27,-2.27,0.98,1.27,-0.51,0.99,66.12,-7.62,14.85,16.7
IMG_2721,17/04/2024,Farm 2,section_L,section_l_45,20,19,5,single,70.82,54.79,3101.75,45.70286098,0.748552131,30.9,-5.46,10.61,55.67,68.39,76.81,0.92,28.73,0.75,1.17,-2.82,0.96,1.13,-0.68,0.91,57.03,-9.2,11.31,14.58
IMG_2723,17/04/2024,Farm 2,section_L,section_l_46,1,19,4,double,85.3,64.99,4420.44,80.6532208,0.757406423,30.8,-6.31,2.78,104.81,52.92,76.79,1.21,25.12,0.98,1.26,-2.43,0.98,1.27,-0.79,0.99,62.45,-10.39,2.73,10.75
IMG_2724,17/04/2024,Farm 2,section_L,section_l_46,2,19,4,double,75.17,55.7,3386.01,54.8260307,0.751377994,32.05,-2.75,8.19,45.24,50.45,77.74,1.1,22.77,0.98,1.13,-2.46,0.98,1.13,-0.91,0.99,57.87,-5.58,8.37,10.06
IMG_2725,17/04/2024,Farm 2,section_L,section_l_46,3,19,4,double,79.82,58.82,3716.69,65.85296882,0.754234124,32.79,-4.95,4.45,78.19,36.94,79.72,1.21,25.06,0.98,1.25,-2.59,0.98,1.26,-0.6,0.99,64.59,-8.79,5.01,10.12
IMG_2726,17/04/2024,Farm 2,section_L,section_l_46,4,19,4,double,75.73,55.1,3288.85,56.08265201,0.751730589,29.81,-5.3,5.87,71.53,46.12,73.33,1.13,23.27,0.98,1.16,-2.45,0.98,1.17,-0.75,0.99,56.87,-8.62,6.1,10.56
IMG_2727,17/04/2024,Farm 2,section_L,section_l_46,5,19,4,double,78.29,60.38,3731.08,62.0742977,0.753311973,25.62,-6.38,5.79,79.29,55.86,64.08,1.23,25.64,0.98,1.29,-2.63,0.98,1.29,-0.61,0.99,57.14,-10.85,6.85,12.83
IMG_2728,17/04/2024,Farm 2,section_L,section_l_46,6,19,4,double,70.43,58.65,3209.7,44.93875904,0.748290892,28.1,-5.71,4.97,77.77,43.67,69.22,1.08,22.28,0.98,1.11,-2.37,0.98,1.11,-0.94,0.99,52.65,-8.7,4.6,9.84
IMG_2729,17/04/2024,Farm 2,section_L,section_l_46,7,19,4,double,72.82,64.03,3725.33,49.75894982,0.749871004,35.24,-4.45,6.15,63.76,39,85.53,1.18,24.74,0.98,1.23,-2.49,0.98,1.24,-0.74,0.99,66.4,-7.98,6.87,10.53
IMG_2730,17/04/2024,Farm 2,section_L,section_l_46,8,19,4,double,79.5,55.87,3637.66,65.05021624,0.754042634,33.19,-5.34,4.84,77.91,37.82,80.97,1.2,25.13,0.98,1.26,-2.61,0.98,1.26,-0.59,0.99,65.09,-9.31,5.5,10.82
IMG_2731,17/04/2024,Farm 2,section_L,section_l_46,9,19,4,double,74.32,47.84,2874.52,52.95505958,0.750838074,25.6,-7,1.93,115.93,65.83,65.17,1.11,22.95,0.98,1.15,-2.48,0.98,1.15,-0.75,0.99,51.35,-10.5,1.47,10.61
IMG_2732,17/04/2024,Farm 2,section_L,section_l_46,10,19,4,double,73.14,52.11,3058.38,50.42958299,0.750078868,34.3,-2.18,7.32,42.79,43.06,83.01,1.09,22.58,0.98,1.13,-2.51,0.98,1.13,-0.84,0.99,60.11,-4.96,7.42,8.93
IMG_2733,17/04/2024,Farm 2,section_L,section_l_46,11,19,4,double,84.26,55.37,3736.19,77.68827987,0.75681935,32.81,-4.85,4.31,79.15,36.16,80.13,1.21,25.21,0.98,1.26,-2.66,0.98,1.27,-0.55,0.99,64.94,-8.78,4.91,10.06
IMG_2734,17/04/2024,Farm 2,section_L,section_l_46,12,19,4,double,73.14,50.7,3009.88,50.42958299,0.750078868,29.04,-5.21,5.49,73.45,43.86,71.34,1.14,23.82,0.98,1.18,-2.54,0.98,1.19,-0.74,0.99,56.94,-8.68,5.76,10.42
IMG_2735,17/04/2024,Farm 2,section_L,section_l_46,13,19,4,double,86.95,60.99,4189.29,85.5118136,0.758324218,23.85,-4.25,4.61,79.62,48.55,59.64,1.12,23.13,0.97,1.16,-1.93,0.98,1.16,-0.78,0.99,49.75,-6.84,4.55,8.21
IMG_2736,17/04/2024,Farm 2,section_L,section_l_46,14,19,4,double,72.25,70.01,3919,48.57928741,0.749498617,33.24,-4.74,5.16,73.98,39.99,81.16,1.13,23.59,0.97,1.18,-1.69,0.98,1.18,-0.99,0.99,61.16,-7.3,5.12,8.92
IMG_2737,17/04/2024,Farm 2,section_L,section_l_46,15,19,4,double,90.68,61.76,4260.09,97.21259706,0.760340279,28.7,-3.98,4.35,77.38,39.31,70.43,1.11,23.24,0.98,1.16,-2.19,0.98,1.16,-0.58,0.99,55.06,-6.8,4.45,8.13
IMG_2738,17/04/2024,Farm 2,section_L,section_l_46,16,19,4,double,88.06,65.35,4429.86,88.88869714,0.758932508,28.49,-3.43,4.85,64.42,36.46,69.52,1.14,23.74,0.98,1.18,-2.58,0.98,1.19,-0.79,0.99,56.32,-6.63,4.98,8.29
IMG_2739,17/04/2024,Farm 2,section_L,section_l_46,17,19,4,double,85.75,63.62,4350.98,81.95936743,0.757658369,31.94,-4.27,5.1,69.26,36.24,77.72,1.23,25.54,0.98,1.28,-2.64,0.98,1.29,-0.5,0.99,64.91,-8.13,6.09,10.15
IMG_2740,17/04/2024,Farm 2,section_L,section_l_46,18,19,4,double,86.17,61.17,4317.89,83.19120218,0.757892403,26.38,-5.2,4.54,77.33,42.61,65.05,1.1,22.84,0.98,1.13,-2.56,0.98,1.14,-0.85,0.99,51.87,-8.45,4.31,9.48
IMG_2741,17/04/2024,Farm 2,section_L,section_l_46,19,19,4,double,71.77,60.15,3457.77,47.60059557,0.749182888,21.93,-3.33,4.45,74.6,45.43,55.03,1.19,24.52,0.98,1.23,-2.56,0.98,1.23,-0.66,0.99,50.59,-6.65,4.83,8.22
IMG_2742,17/04/2024,Farm 2,section_L,section_l_46,20,19,4,double,79.87,57.7,3584.18,65.97899755,0.754263979,30.93,-5.35,4.31,79.33,38.39,75.57,1.24,25.75,0.98,1.29,-2.68,0.98,1.29,-0.38,0.99,63.98,-9.57,5.19,10.89
IMG_2743,17/04/2024,Farm 2,section_L,section_l_46,21,19,4,double,76.66,58.76,3549.71,58.21208772,0.752310789,31.54,-5.14,8.06,63.44,55.77,78.16,1.11,22.54,0.97,1.15,-1.95,0.98,1.14,-0.86,0.99,57.43,-7.84,8.31,11.43
IMG_2744,17/04/2024,Farm 2,section_L,section_l_46,22,19,4,double,79.51,55.43,3497.59,65.0752021,0.754048629,34.22,-4.19,3.36,81.43,29.02,83.04,1.1,22.99,0.98,1.14,-2.6,0.98,1.14,-0.84,0.99,60.79,-7.37,3,7.96
IMG_2745,17/04/2024,Farm 2,section_L,section_l_46,23,19,4,double,74.38,54.77,3283.64,53.0856976,0.750876375,24.38,-5.02,3.09,91.91,43.5,60.7,1.06,21.82,0.98,1.09,-2.36,0.98,1.09,-0.9,0.99,47.72,-7.82,2.47,8.2
IMG_2746,17/04/2024,Farm 2,section_L,section_l_46,24,19,4,double,78.98,62.16,3869.66,63.75982235,0.753729916,28.89,-3.6,6.44,64.19,48.35,71.14,1.01,20.49,0.97,1.03,-1.84,0.98,1.04,-1.08,0.99,49.71,-5.56,5.62,7.91
IMG_2747,17/04/2024,Farm 2,section_L,section_l_46,25,19,4,double,77.31,56.91,3587.74,59.73224857,0.752712403,32.05,-5.63,5.62,73.71,42.16,78.35,1.06,21.92,0.98,1.09,-2.52,0.98,1.09,-0.9,0.99,56.02,-8.66,5.25,10.12
IMG_2748,17/04/2024,Farm 2,section_L,section_l_47,1,19,4,double,67.18,63.09,3473.46,38.90238814,0.746059622,29.69,-1.91,6,47.23,39.68,71.95,1.29,25.91,0.89,1.31,-2.82,0.98,1.31,-0.95,0.99,64.11,-5.31,6.91,8.72
IMG_2749,17/04/2024,Farm 2,section_L,section_l_47,2,19,4,double,71.22,62.07,3524.38,46.49558138,0.748818673,31.36,-1.76,6.15,44.1,39.03,75.85,1.14,23.61,0.97,1.18,-2.35,0.98,1.18,-0.46,0.99,59.22,-4.42,6.78,8.09
IMG_2750,17/04/2024,Farm 2,section_L,section_l_47,3,19,4,double,70,51.73,2832.67,44.10629831,0.748001283,32.18,-2.51,7.62,44.14,47.82,78.49,1.12,23.44,0.97,1.17,-2.34,0.98,1.17,-0.81,0.99,59.64,-5.28,8.09,9.66
IMG_2751,17/04/2024,Farm 2,section_L,section_l_47,4,19,4,double,74.4,69.52,3973.51,53.12929172,0.750889136,30.68,-6.68,3.84,96.19,48.03,75.85,1.12,23.49,0.97,1.17,-2.31,0.98,1.17,-0.76,0.99,57.9,-10.14,3.72,10.8
IMG_2752,17/04/2024,Farm 2,section_L,section_l_47,5,19,4,double,87.71,57.64,3818.42,87.81441245,0.758741484,38.76,-3.15,5.95,58.13,33.9,94.06,1.14,23.88,0.97,1.19,-2.28,0.98,1.19,-0.78,0.99,68.18,-6.04,6.32,8.74
IMG_2753,17/04/2024,Farm 2,section_L,section_l_47,6,19,4,double,75.51,52.69,3227.01,55.5866949,0.751592362,34.16,-4.91,4.9,75.06,35.43,83.24,1.04,31.03,0.78,1.31,-3.21,0.96,1.28,-0.28,0.92,66.6,-9.65,5.97,11.35
IMG_2754,17/04/2024,Farm 2,section_L,section_l_47,7,19,4,double,71.25,55.75,3143.88,46.55540538,0.748838607,24.55,-8.02,3.93,97.11,67.56,62.17,1.07,22.04,0.97,1.11,-1.93,0.98,1.11,-0.79,0.99,48.33,-10.84,3.57,11.41
IMG_2755,17/04/2024,Farm 2,section_L,section_l_47,8,19,4,double,75.36,66.93,3947.52,55.25023884,0.7514979,30.45,-5.53,4.35,87,45.9,75.2,1.09,21.84,0.97,1.13,-1.94,0.98,1.12,-0.82,0.99,54.99,-8.17,4.04,9.12
IMG_2756,17/04/2024,Farm 2,section_L,section_l_47,9,19,4,double,71.15,58.56,3249.98,46.35619314,0.74877213,29.72,-5.53,4.61,81.93,41.54,73.12,1.16,24.25,0.97,1.21,-2.4,0.98,1.21,-0.57,0.99,58.64,-9.08,4.99,10.36
IMG_2757,17/04/2024,Farm 2,section_L,section_l_47,10,19,4,double,75.99,52.6,3340.22,56.67260916,0.751893465,29.74,-5.34,5.19,78.69,44.99,73.31,1.22,25.33,0.97,1.28,-2.47,0.98,1.28,-0.49,0.99,61.62,-9.32,6.14,11.16
IMG_2758,17/04/2024,Farm 2,section_L,section_l_47,11,19,4,double,88.76,59.36,4221.68,91.06371142,0.759312432,32.03,-5.82,6.25,75.24,46.35,78.68,1.05,21.36,0.97,1.1,-1.85,0.98,1.09,-1.1,0.99,55.14,-8.22,5.68,9.99
IMG_2759,17/04/2024,Farm 2,section_L,section_l_47,12,19,4,double,77.8,61.75,3815.23,60.89570167,0.753013073,27.43,-3.51,5.37,66.22,42.05,67.31,1.1,22.8,0.97,1.15,-1.72,0.98,1.14,-0.92,0.99,52.94,-5.77,5.23,7.79
IMG_2760,17/04/2024,Farm 2,section_L,section_l_47,13,19,4,double,72.64,53.96,3131.3,49.38436757,0.749753704,29.7,-3.99,4.27,79.84,36.95,72.97,1.19,24.63,0.97,1.24,-2.56,0.98,1.23,-0.45,0.99,59.93,-7.51,4.81,8.92
IMG_2761,17/04/2024,Farm 2,section_L,section_l_47,14,19,4,double,71.43,60.44,3382.51,46.91543673,0.748958047,33.17,-5.83,3.16,92.82,42.55,81.34,1.34,26.25,0.97,1.41,-2.34,0.98,1.39,-0.31,0.99,70.74,-10.54,4.07,11.3
IMG_2762,17/04/2024,Farm 2,section_L,section_l_47,15,19,4,double,76.53,53.4,3338.43,57.91121133,0.752230084,31.2,-4.1,5.87,63.05,39.35,75.75,1.33,26.25,0.97,1.4,-1.94,0.98,1.39,-0.55,0.99,67.84,-7.67,7.59,10.79
IMG_2763,17/04/2024,Farm 2,section_L,section_l_47,16,19,4,double,60.02,46.41,2134.91,27.57654964,0.740763858,34.68,-4.07,3.36,80.5,28.13,83.94,1.26,25.96,0.97,1.32,-2.43,0.98,1.31,-0.42,0.99,69.5,-7.8,4,8.77
IMG_2764,17/04/2024,Farm 2,section_L,section_l_47,17,19,4,double,80.57,49.91,3022.38,67.76046838,0.754680127,35.22,-3.33,5.48,59.44,33.11,85.11,1.33,26.05,0.97,1.39,-2.25,0.98,1.37,-0.43,0.99,72.75,-6.89,7.09,9.88
IMG_2765,17/04/2024,Farm 2,section_L,section_l_47,18,19,4,double,82.04,57.91,3616.14,71.60627527,0.755543123,29.66,-3.81,5.01,70.37,37.99,72.53,0.98,32.92,0.73,1.31,-3.5,0.95,1.26,-0.09,0.9,61.93,-8.5,6.23,10.54
IMG_2766,17/04/2024,Farm 2,section_L,section_l_47,19,19,4,double,80.08,55.67,3550.88,66.51008955,0.754389181,25.27,-5.07,4.85,77.81,46.26,62.81,1.16,24.18,0.97,1.2,-2.44,0.98,1.2,-0.64,0.99,53.39,-8.54,5.19,10
IMG_2767,17/04/2024,Farm 2,section_L,section_l_47,20,19,4,double,75.97,58.44,3489.19,56.62708037,0.751880955,28.21,-4.52,5.03,73.63,41.58,69.35,0.98,32.95,0.73,1.31,-3.34,0.95,1.26,-0.27,0.89,60.53,-9.26,6.08,11.08
IMG_2768,17/04/2024,Farm 2,section_L,section_l_47,21,19,4,double,74.21,59.01,3537.21,52.71611836,0.750767779,34.79,-2.76,8.75,43.78,50.5,84.68,1.25,25.96,0.97,1.31,-2.43,0.98,1.31,-0.5,0.99,69.57,-6.06,10.99,12.55
IMG_2769,17/04/2024,Farm 2,section_L,section_l_47,22,19,4,double,72.2,59.55,3475.91,48.47671481,0.749465821,26.98,-5.47,2.15,99.32,41.85,66.42,1.14,23.9,0.97,1.19,-2.52,0.98,1.18,-0.59,0.99,54.58,-9.01,1.96,9.22
IMG_2770,17/04/2024,Farm 2,section_L,section_l_47,23,19,4,double,64.91,49.78,2696.28,35.02650072,0.744440363,31.9,-3.96,4.77,69.45,35.46,77.65,1.15,23.72,0.97,1.19,-2.32,0.98,1.19,-0.73,0.99,60.31,-7.05,4.96,8.61
IMG_2771,17/04/2024,Farm 2,section_L,section_l_47,24,19,4,double,80.52,66.59,4259.92,67.6321606,0.754650515,37.36,-2.8,8.71,43.04,47.23,90.62,1.15,24.04,0.97,1.19,-2.48,0.98,1.19,-0.67,0.99,66.89,-5.82,9.71,11.32
IMG_2772,17/04/2024,Farm 2,section_L,section_l_47,25,19,4,double,80.1,60.12,3936.75,66.56081916,0.754401089,39.15,-1.06,7.6,35.63,42.43,95.93,1.14,23.86,0.97,1.19,-2.46,0.98,1.18,-0.6,0.99,68.47,-3.71,8.39,9.18
IMG_2773,17/04/2024,Farm 2,section_L,section_l_47,26,19,4,double,67.41,66.42,3553.03,39.31046912,0.746220817,33.51,-1.25,8.43,34.91,52.33,82.53,1.14,23.86,0.97,1.19,-2.39,0.98,1.19,-0.67,0.99,62.2,-3.88,9.36,10.13
IMG_2774,17/04/2024,Farm 2,section_L,section_l_47,27,19,4,double,74.18,55.84,3409.4,52.65107864,0.750748591,38.3,-2.19,7.96,41.77,42.88,93.12,1.14,23.92,0.97,1.19,-2.4,0.98,1.19,-0.67,0.99,67.57,-4.99,8.76,10.08
IMG_2775,17/04/2024,Farm 2,section_L,section_l_47,28,19,4,double,73.31,53.95,3217.06,50.78831647,0.750188949,35.44,-3.44,4.55,64.29,27.74,85.35,1.14,24.01,0.97,1.19,-2.45,0.98,1.19,-0.64,0.99,64.35,-6.53,4.75,8.08
IMG_2776,17/04/2024,Farm 2,section_L,section_l_47,29,19,4,double,69.51,50.97,2808.42,43.1703953,0.747669224,34.93,-2.6,7.28,47.43,41.94,84.65,1.15,24.04,0.97,1.19,-2.43,0.98,1.19,-0.61,0.99,64.05,-5.53,8.05,9.76
IMG_2777,17/04/2024,Farm 2,section_L,section_l_47,30,19,4,double,73.8,56.7,3243.76,51.83190706,0.75050491,30.98,-1.8,4.66,51.02,31.37,74.85,1.15,23.83,0.97,1.19,-2.43,0.98,1.19,-0.61,0.99,59.46,-4.57,4.93,6.73
IMG_2778,17/04/2024,Farm 2,section_L,section_l_47,31,19,4,double,81.76,59.68,3870.75,70.86271251,0.755379865,33.27,-3.44,6.31,55.19,39.74,80.71,1.28,26.04,0.97,1.34,-2.32,0.98,1.33,-0.35,0.99,68.58,-6.92,8.03,10.6
IMG_2779,17/04/2024,Farm 2,section_L,section_l_47,32,19,4,double,70.02,60.54,3451.31,44.14478553,0.74801479,37.44,-3.41,8.18,49.75,46.03,91.25,1.19,24.81,0.97,1.24,-2.49,0.98,1.24,-0.64,0.99,69.23,-6.71,9.48,11.61
IMG_2780,17/04/2024,Farm 2,section_L,section_l_47,33,19,4,double,75.53,61.16,3636.66,55.63165955,0.751604944,36.36,-2.31,8.05,44.12,46.62,88.84,1.18,24.69,0.97,1.23,-2.54,0.98,1.23,-0.55,0.99,67.53,-5.38,9.31,10.75
IMG_2781,17/04/2024,Farm 2,section_L,section_l_48,1,19,4,double,99.34,74.08,5530.52,128.4305277,0.764736666,34.5,-4.62,6.58,63.29,41.65,83.83,1.15,25.97,0.99,1.25,-2.86,0.98,1.25,-0.57,0.99,65.78,-8.65,7.67,11.56
IMG_2782,17/04/2024,Farm 2,section_L,section_l_48,2,19,4,double,85.25,60.77,4226.71,80.50896343,0.757378352,33.44,-7.92,10.42,64.57,67.02,82.93,1.08,23.95,0.99,1.15,-2.67,0.98,1.15,-0.85,0.99,59.98,-11.76,11.18,16.23
IMG_2783,17/04/2024,Farm 2,section_L,section_l_48,3,19,4,double,77.03,55.92,3458.7,59.07417843,0.752539789,28.21,-4.18,7.36,56.88,52.25,69.1,1.09,24.06,0.99,1.16,-2.79,0.98,1.16,-0.6,0.99,54.73,-7.64,7.94,11.02
IMG_2784,17/04/2024,Farm 2,section_L,section_l_48,4,19,4,double,85.32,74.63,4936.01,80.71097238,0.757417647,34.92,-4.84,7.26,61.25,45.52,85.1,1.15,25.81,0.99,1.24,-2.62,0.98,1.25,-0.66,0.99,65.95,-8.63,8.39,12.04
IMG_2785,17/04/2024,Farm 2,section_L,section_l_48,5,19,4,double,89.79,71.62,5202.36,94.32873248,0.75986639,31.03,-5.39,6.71,67.91,48.49,76.2,1.14,25.72,0.99,1.24,-2.66,0.98,1.24,-0.8,0.99,61.05,-9.31,7.52,11.97
IMG_2786,17/04/2024,Farm 2,section_L,section_l_48,6,19,4,double,78.15,59.32,3678.89,61.73600493,0.753226752,31.75,-3.33,10.17,43.72,61.92,77.67,0.93,19.08,0.99,0.92,-2.98,0.96,0.94,-0.71,0.99,48.64,-6.05,8.89,10.75
IMG_2787,17/04/2024,Farm 2,section_L,section_l_48,7,19,4,double,93.74,93.35,7085.7,107.5795684,0.761937014,36.7,-5.57,6.7,69.5,45.29,89.89,1.17,26.39,0.99,1.27,-2.52,0.98,1.28,-0.54,0.99,69.4,-9.63,8.02,12.53
IMG_2788,17/04/2024,Farm 2,section_L,section_l_48,8,19,4,double,93.79,79.66,5873.92,107.7548634,0.761962696,34.04,-4.52,7.86,56.14,47.49,82.78,1.2,26.8,0.99,1.31,-2.64,0.98,1.31,-0.83,0.99,67.52,-8.55,9.48,12.77
IMG_2789,17/04/2024,Farm 2,section_L,section_l_48,9,19,4,double,81.96,71.31,4615.38,71.39329604,0.755496531,28.23,-4.39,8.05,57.97,55.46,69.41,1.05,23.3,0.99,1.11,-2.53,0.98,1.12,-1.17,0.99,52.85,-7.42,7.87,10.81
IMG_2790,17/04/2024,Farm 2,section_L,section_l_48,10,19,4,double,88.66,66.49,4701.82,90.75082816,0.759258329,28.39,-7.68,4.79,91.69,58.98,70.92,1,21.42,0.99,1.03,-2.69,0.96,1.04,-0.82,0.99,49.82,-10.58,4.18,11.38
IMG_2791,17/04/2024,Farm 2,section_L,section_l_48,11,19,4,double,88.67,69.73,4825.23,90.7820839,0.759263742,32.05,-3.47,10.23,45.89,63.5,78.84,1.01,21.7,0.99,1.03,-2.7,0.97,1.05,-0.52,0.99,54.03,-6.27,10.24,12.01
IMG_2792,17/04/2024,Farm 2,section_L,section_l_48,12,19,4,double,90.26,73.28,5273.37,95.84439442,0.760117192,31.23,-2.07,8.15,42.99,51.96,76.55,1.17,26.41,0.99,1.27,-2.64,0.98,1.28,-0.77,0.99,62.98,-5.28,9.66,11.01
IMG_2793,17/04/2024,Farm 2,section_L,section_l_48,13,19,4,double,88.34,70.19,4922.99,89.75446105,0.759084816,31.32,-4.73,8.77,57.65,58.23,76.9,1.08,24.24,0.99,1.16,-2.53,0.98,1.17,-1.15,0.99,58.06,-8.01,9.1,12.12
IMG_2794,17/04/2024,Farm 2,section_L,section_l_48,14,19,4,double,84.92,69.97,4740.13,79.56121404,0.757192697,25.01,-3.71,6.5,60.12,55.4,62.38,1.08,24.09,0.99,1.16,-2.71,0.98,1.16,-0.7,0.99,51.18,-7.01,6.84,9.8
IMG_2795,17/04/2024,Farm 2,section_L,section_l_48,15,19,4,double,99.06,76.41,6049.23,127.328477,0.764600237,31.38,-7.93,5.61,84.32,56.51,77.8,1.02,22.51,0.99,1.09,-2.78,0.98,1.09,-1.12,0.99,54.63,-11.41,4.99,12.46
IMG_2796,17/04/2024,Farm 2,section_L,section_l_48,16,19,4,double,85.47,76.82,5319.35,81.14499592,0.757501749,34.47,-2.4,9.71,41.22,57.95,84.89,1.22,27.85,0.99,1.35,-2.6,0.98,1.35,-0.52,0.99,70.02,-5.85,12.63,13.91
IMG_2797,17/04/2024,Farm 2,section_L,section_l_48,17,19,4,double,95.93,75.1,5796.48,115.4388397,0.763050069,34.77,-1.99,10.27,40.41,61.56,86.37,1.16,26.26,0.99,1.26,-2.7,0.98,1.26,-0.53,0.99,66.62,-5.21,12.43,13.48
IMG_2798,17/04/2024,Farm 2,section_L,section_l_48,18,19,4,double,82.45,72.9,4548.42,72.70450277,0.755781239,28.31,-7.45,4.33,88.68,56.66,70.37,1.18,26.75,0.99,1.29,-2.67,0.98,1.29,-0.54,0.99,60.18,-12.27,5.05,13.27
IMG_2799,17/04/2024,Farm 2,section_L,section_l_48,19,19,4,double,83.7,65.64,4248.13,76.12256598,0.756500417,32.37,-8.09,5.04,87.32,54.81,80,1.16,26.17,0.99,1.26,-2.87,0.98,1.26,-0.38,0.99,63.8,-13.08,5.96,14.38
IMG_2800,17/04/2024,Farm 2,section_L,section_l_48,20,19,4,double,88.24,68.78,4734.5,89.44461174,0.759030472,30.56,-3.73,9.85,51.48,64.75,75.38,1.11,25.65,0.98,1.22,-1.85,0.98,1.23,-1.08,0.99,59.58,-6.4,11.05,12.77
IMG_2801,17/04/2024,Farm 2,section_L,section_l_48,21,19,4,double,96.96,75.37,6013.08,119.2650616,0.763565353,32.14,-7.47,5.72,84.12,51.32,79.48,1.13,25.31,0.99,1.22,-2.82,0.98,1.22,-0.5,0.99,61.61,-11.91,6.48,13.56
IMG_2802,17/04/2024,Farm 2,section_L,section_l_48,22,19,4,double,98.86,75.05,5875.37,126.5452035,0.764502567,34.65,-4.32,7.05,58.74,43.66,84.14,1.15,26.01,0.99,1.25,-2.62,0.98,1.25,-0.48,0.99,65.93,-8.04,8.35,11.59
IMG_2803,17/04/2024,Farm 2,section_L,section_l_48,23,19,4,double,93.61,77.99,5708.27,107.1246994,0.761870178,36.15,-2.68,7.84,45.91,43.75,87.48,1.16,26.25,0.99,1.26,-2.69,0.98,1.26,-0.56,0.99,68.12,-6.07,9.33,11.13
IMG_2804,17/04/2024,Farm 2,section_L,section_l_48,24,19,4,double,75.4,65.62,3987.84,55.33982617,0.751523107,31.45,-3.88,6.77,57.59,44.92,76.6,1.08,23.83,0.99,1.15,-2.68,0.98,1.15,-0.62,0.99,57.66,-7.14,7.2,10.14
IMG_2805,17/04/2024,Farm 2,section_L,section_l_48,25,19,4,double,83.41,72.7,4703.48,75.32015473,0.756334468,34.35,-2.98,8.11,48.65,47.35,83.57,1.13,25.6,0.99,1.23,-2.65,0.98,1.23,-0.61,0.99,64.51,-6.33,9.37,11.31
IMG_2806,17/04/2024,Farm 2,section_L,section_l_48,26,19,4,double,91.29,84.68,6138.73,99.22304798,0.76066257,25.35,-9.29,1.71,107.83,82.22,64.48,1.16,26.26,0.99,1.26,-2.64,0.98,1.26,-0.6,0.99,55.64,-14.37,1.56,14.45
IMG_2807,17/04/2024,Farm 2,section_L,section_l_48,27,19,4,double,91.5,67.34,4806.88,99.92158682,0.760773056,29.01,-4.49,6.71,63.33,49.6,71.11,1.08,24.24,0.99,1.16,-2.64,0.98,1.16,-0.76,0.99,55.54,-7.84,7.03,10.53
IMG_2808,17/04/2024,Farm 2,section_L,section_l_49,1,19,4,double,72.42,62.62,3759.08,48.92912586,0.749609967,33.62,-2.6,6.42,48.02,37.63,80.83,1.06,23.71,0.98,1.14,-2.65,0.98,1.14,-0.88,0.99,59.37,-5.6,6.43,8.53
IMG_2809,17/04/2024,Farm 2,section_L,section_l_49,2,19,4,double,75.56,57.02,3548.03,55.69915236,0.75162381,26.96,-4.13,5.14,65.9,39.29,65.88,1.07,23.91,0.99,1.14,-2.67,0.98,1.15,-0.77,0.99,52.74,-7.39,5.12,8.99
IMG_2810,17/04/2024,Farm 2,section_L,section_l_49,3,19,4,double,68.2,63.27,3506.16,40.73405207,0.74677059,28.25,-8.96,4.86,92.33,63.99,70.72,1.16,26.11,0.99,1.26,-2.57,0.98,1.27,-0.64,0.99,58.9,-13.9,5.51,14.96
IMG_2811,17/04/2024,Farm 2,section_L,section_l_49,4,19,4,double,73.65,56.3,3257.58,51.51092388,0.750408397,26.96,-2.97,5.14,57.93,38.73,65.58,1.06,23.78,0.99,1.14,-2.55,0.98,1.14,-0.89,0.99,52.35,-5.92,4.96,7.73
IMG_2812,17/04/2024,Farm 2,section_L,section_l_49,5,19,4,double,69.87,58.32,3178.17,43.8566812,0.747913398,34.88,-4.37,5.89,62.66,38,84.6,1.17,26.27,0.99,1.28,-2.72,0.98,1.27,-0.55,0.99,66.99,-8.29,6.93,10.8
IMG_2813,17/04/2024,Farm 2,section_L,section_l_49,6,19,4,double,66.56,56.4,2947.26,37.81655333,0.745622507,28.69,-3.66,7.95,55.19,55.24,70.8,1.02,22.34,0.99,1.04,-2.73,0.96,1.07,-0.54,0.99,51.67,-6.53,7.96,10.3
IMG_2814,17/04/2024,Farm 2,section_L,section_l_49,7,19,4,double,66.68,50.66,2726.23,38.0251033,0.745707407,27.14,-6.11,4.58,82.34,45.6,67.01,1.07,23.77,0.99,1.14,-2.63,0.98,1.14,-0.79,0.99,52.76,-9.59,4.44,10.57
IMG_2815,17/04/2024,Farm 2,section_L,section_l_49,8,19,4,double,83.66,57.31,3759.71,76.01154845,0.756477559,31.13,-2.56,4.56,55.76,30.74,75.03,1.06,23.52,0.99,1.13,-2.75,0.98,1.13,-0.84,0.99,56.51,-5.64,4.32,7.1
IMG_2816,17/04/2024,Farm 2,section_L,section_l_49,9,19,4,double,66.85,62.21,3339.81,38.321871,0.745827437,34.4,-1.92,9.84,39.91,59.38,85.29,1.11,24.95,0.99,1.2,-2.71,0.98,1.2,-0.72,0.99,63.24,-5.01,11.11,12.19
IMG_2817,17/04/2024,Farm 2,section_L,section_l_49,10,19,4,double,75.37,64.19,3749.21,55.27262652,0.751504203,22.52,-5.06,3.28,88.97,42.43,56.25,1.1,24.71,0.99,1.19,-2.7,0.98,1.19,-0.7,0.99,49.5,-8.7,3.2,9.27
IMG_2818,17/04/2024,Farm 2,section_L,section_l_49,11,19,4,double,68.73,47.78,2671.33,41.70829267,0.747136091,26.46,-6.21,5.79,77.85,55.93,66.13,1.11,24.82,0.99,1.19,-2.66,0.98,1.2,-1.06,0.99,54.2,-10.08,5.9,11.67
IMG_2819,17/04/2024,Farm 2,section_L,section_l_49,12,19,4,double,74.35,51.23,3077.72,53.02035153,0.750857228,26.85,-5.6,2.79,96.16,44.36,66.43,1.16,26.17,0.99,1.26,-2.54,0.98,1.26,-0.61,0.99,57.3,-9.6,2.92,10.03
IMG_2820,17/04/2024,Farm 2,section_L,section_l_49,13,19,4,double,72.76,60.44,3485.32,49.63387755,0.749831934,27.59,-7.07,4.22,88.78,54.46,68.6,1.02,22.25,0.99,1.04,-2.93,0.96,1.07,-0.65,0.99,50.35,-10.31,3.84,11
IMG_2821,17/04/2024,Farm 2,section_L,section_l_49,14,19,4,double,73.32,59.11,3502.12,50.80947172,0.750195417,34.07,-2.8,7.72,48.57,45.89,82.73,1.02,21.96,0.99,1.04,-2.79,0.97,1.06,-0.86,0.99,56.72,-5.71,7.35,9.31
IMG_2822,17/04/2024,Farm 2,section_L,section_l_49,15,19,4,double,67.94,61.17,3316.85,40.26176887,0.746590314,31.66,-3.46,7.27,52.83,46.06,76.99,1.18,26.83,0.99,1.3,-2.6,0.98,1.3,-0.59,0.99,64.3,-7.08,8.85,11.34
IMG_2823,17/04/2024,Farm 2,section_L,section_l_49,16,19,4,double,67.53,54.04,2899.08,39.52451913,0.746304714,29.52,-1.16,6.1,43.59,42.8,72.41,1.08,24.26,0.99,1.16,-2.48,0.98,1.17,-0.85,0.99,56.23,-3.83,6.27,7.35
IMG_2824,17/04/2024,Farm 2,section_L,section_l_49,17,19,4,double,69.3,52.99,2985.13,42.77341673,0.747526242,32.38,-4.47,6.63,62.47,43.26,78.97,1.17,26.32,0.99,1.27,-2.51,0.98,1.28,-0.62,0.99,64.23,-8.19,7.84,11.34
IMG_2825,17/04/2024,Farm 2,section_L,section_l_49,18,19,4,double,69.95,57.36,3102.77,44.01017897,0.747967499,22.58,-4.57,3.64,81.01,41.27,56.17,1.15,26.11,0.99,1.25,-2.7,0.98,1.25,-0.58,0.99,52.09,-8.43,3.98,9.32
IMG_2826,17/04/2024,Farm 2,section_L,section_l_49,19,19,4,double,68.13,66.19,3476.49,40.60653443,0.746722117,26.56,-3.93,5.72,64.52,47.87,65.3,1.08,23.95,0.99,1.15,-2.71,0.98,1.16,-1.13,0.99,52.5,-7.22,5.5,9.08
IMG_2827,17/04/2024,Farm 2,section_L,section_l_49,20,19,4,double,71.49,64.82,3832.93,47.03586196,0.748997798,26.73,-2.97,5.75,54.48,42.67,65.22,1.15,25.97,0.99,1.26,-2.6,0.98,1.26,-0.64,0.99,56.8,-6.33,6.59,9.14
IMG_2828,17/04/2024,Farm 2,section_L,section_l_49,21,19,4,double,63.93,40.88,2005.31,33.43678282,0.743724845,30.32,-3.13,5.99,55.71,39.75,73.55,1.07,23.77,0.99,1.14,-2.79,0.98,1.15,-1.01,0.99,56.2,-6.37,5.85,8.65
IMG_2829,17/04/2024,Farm 2,section_L,section_l_49,22,19,4,double,65.95,50.56,2652.7,36.76830782,0.745188704,34.65,-0.06,11.8,32.72,73.72,88.59,1.07,23.83,0.99,1.15,-2.71,0.98,1.15,-1.03,0.99,60.96,-2.78,12.57,12.87
IMG_2830,17/04/2024,Farm 2,section_L,section_l_49,23,19,4,double,57.78,51.21,2482.02,24.55305965,0.738985052,28.79,-4.88,4.51,76.98,39.71,70.46,1.24,28.29,0.99,1.37,-2.68,0.98,1.37,-0.19,0.99,64.02,-9.36,5.99,11.11
IMG_2831,17/04/2024,Farm 2,section_L,section_l_49,24,19,4,double,76.55,68.6,4191.93,57.95743177,0.752242508,29.54,-4.63,5.1,70.14,38.32,72,1.1,24.56,0.99,1.18,-2.71,0.98,1.19,-0.96,0.99,57.01,-8.16,5.09,9.62
IMG_2832,17/04/2024,Farm 2,section_L,section_l_49,25,19,4,double,61.02,47.73,2292.38,29.0035,0.741537969,30.96,-3.46,6.77,56.98,43.8,75.09,1.1,24.84,0.99,1.19,-2.74,0.98,1.19,-0.97,0.99,59.03,-6.84,7.11,9.86
IMG_2833,17/04/2024,Farm 2,section_L,section_l_49,26,19,4,double,66.04,58.65,3242.52,36.92172229,0.745252943,29.11,-9.36,4.93,94.31,72.26,73.32,1.03,23.3,0.98,1.12,-2.26,0.98,1.12,-1.15,0.99,53.42,-12.76,4.39,13.49
IMG_2834,17/04/2024,Farm 2,section_L,section_l_49,27,19,4,double,55.11,47.47,2086.05,21.2505868,0.736778374,29.19,-4.12,4.82,72.03,38.1,71.42,1.05,23.16,0.99,1.11,-2.73,0.98,1.12,-1.08,0.99,53.68,-7.3,4.31,8.48
IMG_2835,17/04/2024,Farm 2,section_L,section_l_49,28,19,4,double,69.91,61.11,3355.99,43.93338501,0.747940456,25.38,-7.91,4.47,92.37,67.74,64.19,1.03,22.65,0.99,1.09,-2.71,0.98,1.1,-1.07,0.99,48.8,-11.35,3.83,11.98
IMG_2836,17/04/2024,Farm 2,section_L,section_l_49,29,19,4,double,66.14,52.64,2734.67,37.09268701,0.745324225,29.77,-3.43,10.46,49.81,69.5,74.77,1.03,23.28,0.98,1.11,-2.33,0.98,1.12,-1,0.99,54.03,-6.13,10.69,12.32
IMG_2837,17/04/2024,Farm 2,section_L,section_l_49,30,19,4,double,67.44,56.99,3003.32,39.36390835,0.746241804,31.05,-3.2,8.31,49.01,52.27,75.87,1.16,26.16,0.99,1.26,-2.59,0.98,1.26,-0.61,0.99,62.13,-6.62,9.86,11.88
IMG_2838,17/04/2024,Farm 2,section_L,section_l_49,31,19,4,double,65.52,58.68,3075.8,36.04124167,0.744880644,27.25,-3.94,6.7,59.65,49.6,66.88,1.16,26.12,0.99,1.26,-2.59,0.98,1.26,-0.62,0.99,57.67,-7.54,7.82,10.87
IMG_2839,17/04/2024,Farm 2,section_L,section_l_49,32,19,4,double,62.63,54.38,2695.3,31.40384686,0.742759665,30.03,-3.82,5.96,60.95,42.04,73.42,1.1,24.79,0.99,1.19,-2.54,0.98,1.19,-0.77,0.99,57.86,-7.07,6.34,9.5
IMG_2840,17/04/2024,Farm 2,section_L,section_l_49,33,19,4,double,71.6,62.36,3472.08,47.25718112,0.749070592,34.1,-1.73,6.44,40.73,38.28,82.45,1.04,23.23,0.99,1.12,-2.64,0.98,1.12,-1.2,0.99,58.77,-4.57,6.01,7.55
IMG_2841,17/04/2024,Farm 2,section_L,section_l_49,34,19,4,double,59.41,46.95,2244.17,26.7297285,0.740285696,27.72,-5.95,5.42,77.93,50.23,68.58,1.01,21.81,0.98,1.03,-2.84,0.96,1.05,-0.64,0.99,49.83,-8.95,5.05,10.28
IMG_2842,17/04/2024,Farm 2,section_L,section_l_49,35,19,4,double,66.92,56.17,2951.89,38.44452078,0.745876778,28.33,-3.45,7.9,49.16,55.05,69.47,1.19,26.83,0.99,1.3,-2.56,0.98,1.3,-0.63,0.99,60.4,-7.04,9.64,11.94
IMG_2843,17/04/2024,Farm 2,section_L,section_l_49,36,19,4,double,57.53,54.35,2471.8,24.23014011,0.738782533,32.03,-2.67,5.28,51.56,33.53,77.16,1.08,24.05,0.99,1.15,-2.8,0.98,1.15,-0.59,0.99,58.5,-5.87,5.48,8.03
IMG_2845,17/04/2024,Farm 2,section_B2,section_b2_50,1,19,4,single,100.15,88.25,6970.7,131.6546861,0.765129316,35.39,-5.95,11.66,51.55,66.61,86.88,1.07,24.81,0.98,1.17,-2.41,0.98,1.19,-1.05,0.99,62.72,-9.34,12.81,15.85
IMG_2846,17/04/2024,Farm 2,section_B2,section_b2_50,2,19,4,single,120.74,75.79,6950.52,233.0009217,0.774225566,34.67,-3.15,13.78,49.19,81.17,86.58,1.16,27.22,0.98,1.3,-2.52,0.98,1.31,-0.85,0.99,67.43,-6.61,17.18,18.41
IMG_2847,17/04/2024,Farm 2,section_B2,section_b2_50,3,19,4,single,122.54,97.91,9449.54,243.769697,0.774950102,37.43,-2.53,9.46,48.44,54.08,91.66,1.17,27.42,0.98,1.32,-2.75,0.98,1.32,-0.68,0.99,71.13,-6.07,11.78,13.26
IMG_2848,17/04/2024,Farm 2,section_B2,section_b2_50,4,19,4,single,108.09,81.74,6974.98,166.1893165,0.768828153,24.36,-2.39,6.06,50.74,48.73,60.36,1.17,27.53,0.98,1.31,-2.47,0.98,1.33,-1.14,0.99,55.97,-5.61,6.89,8.89
IMG_2849,17/04/2024,Farm 2,section_B2,section_b2_50,5,19,4,single,112.87,91.47,7954.33,189.6627757,0.770933972,36.03,-6.64,8.3,70.91,56.38,89.19,1.13,26.74,0.98,1.27,-2.67,0.98,1.28,-0.74,0.99,67.61,-11.1,9.86,14.85
IMG_2850,17/04/2024,Farm 2,section_B2,section_b2_50,6,19,4,single,105.53,81.16,7002.74,154.4615796,0.767664201,33.49,-6.69,15.41,51.89,90.14,83.7,1.17,27.49,0.98,1.32,-2.52,0.98,1.33,-0.73,0.99,66.82,-11.34,19.72,22.74
IMG_2853,17/04/2024,Farm 2,section_B2,section_b2_50,7,19,4,single,106.05,79.44,6708.78,156.7971863,0.767902754,29.39,-3.59,10.87,46.1,70.36,72.48,1.14,26.92,0.98,1.28,-2.87,0.98,1.28,-0.54,0.99,60.56,-7.46,13.4,15.33
IMG_2854,17/04/2024,Farm 2,section_B2,section_b2_50,8,19,4,single,115.7,89.83,7966.18,204.5591303,0.772141681,26.47,-5.02,9.43,62.28,74.92,67.01,1.19,27.84,0.98,1.34,-2.67,0.98,1.35,-0.72,0.99,59.32,-9.41,12,15.25
IMG_2855,17/04/2024,Farm 2,section_B2,section_b2_50,9,19,4,single,114.89,82.01,7387.37,200.2180049,0.771798864,34.41,-3.25,14.29,41.55,82.44,85.86,1.18,27.74,0.98,1.32,-2.56,0.98,1.33,-0.77,0.99,68.18,-6.86,18.25,19.5
IMG_2856,17/04/2024,Farm 2,section_B2,section_b2_50,10,19,4,single,117.94,79.23,7077.09,216.8928734,0.773078143,32.66,-5.41,9.28,58.71,58.51,80.25,1.16,27.42,0.97,1.31,-2.69,0.98,1.32,-0.66,0.99,65.44,-9.75,11.57,15.13
IMG_2857,17/04/2024,Farm 2,section_B2,section_b2_50,11,19,4,single,101.63,89.35,7213.09,137.6855098,0.765839128,35.19,-5.56,10.55,56.05,62.47,86.47,1.17,27.47,0.98,1.31,-2.57,0.98,1.32,-0.86,0.99,68.47,-9.86,13.05,16.35
IMG_2858,17/04/2024,Farm 2,section_B2,section_b2_50,12,19,4,single,99.89,73.77,5833.79,130.6139097,0.765003605,26.49,-3.35,7.23,53.94,54.05,65.69,1.09,25.99,0.98,1.22,-2.54,0.98,1.22,-0.81,0.99,54.8,-6.62,8.04,10.41
IMG_2859,17/04/2024,Farm 2,section_B2,section_b2_50,13,19,4,single,96.38,75.2,5773.98,117.1001722,0.763275828,26.62,-5.57,8.37,68.16,71.99,67.24,1.04,23.83,0.98,1.15,-2.08,0.98,1.15,-0.96,0.99,51.48,-8.48,8.65,12.11
IMG_2860,17/04/2024,Farm 2,section_B2,section_b2_50,14,19,4,single,114.13,81.66,7630.28,196.2015887,0.771475143,28.38,-5.91,11.05,55.76,76.1,70.87,1.15,26.89,0.98,1.28,-2.71,0.98,1.29,-0.78,0.99,59.41,-10.31,13.48,16.97
IMG_2861,17/04/2024,Farm 2,section_B2,section_b2_50,15,19,4,single,103.75,84.07,6926.24,146.6438543,0.766839197,29.53,-8.57,4.95,92.22,61.44,73.88,1.03,22.96,0.98,1.06,-3.31,0.96,1.09,-0.5,0.99,53.23,-12.44,4.88,13.36
IMG_2862,17/04/2024,Farm 2,section_B2,section_b2_50,16,19,4,single,102.52,78.52,6258.77,141.4001082,0.766261326,33.42,-1.73,15.76,37.49,94.54,86.12,1.13,26.58,0.98,1.26,-2.61,0.98,1.26,-0.54,0.99,64.29,-4.79,19.38,19.96
IMG_2863,17/04/2024,Farm 2,section_B2,section_b2_50,17,19,4,single,94.36,72.65,5511.18,109.7668209,0.762254577,25.81,-8.65,9.9,76.29,89.83,66.03,1.03,23.41,0.98,1.13,-1.86,0.99,1.15,-1.3,0.99,50.1,-11.65,10.06,15.39
IMG_2864,17/04/2024,Farm 2,section_B2,section_b2_50,18,19,4,single,99.58,77.43,5966.49,129.3802328,0.764853318,32.68,-5.96,7.84,67.45,56.76,80.76,1.03,22.36,0.98,1.06,-2.57,0.97,1.09,-0.63,0.99,55.95,-8.91,7.89,11.9
IMG_2865,17/04/2024,Farm 2,section_B2,section_b2_50,19,19,4,single,106.16,91.73,7706.44,157.2942813,0.767953076,34.02,-7.77,14.08,57.62,81.71,84.49,1.09,26.03,0.97,1.22,-3.1,0.98,1.22,-0.46,0.99,63.02,-12.58,16.67,20.88
IMG_2866,17/04/2024,Farm 2,section_B2,section_b2_50,20,19,4,single,105.18,86.6,7249.02,152.9027819,0.767503016,22.4,-8.11,6.06,84.45,84.95,57.86,1.09,25.95,0.98,1.22,-2.95,0.98,1.22,-0.66,0.99,50.35,-12.85,6.74,14.51
IMG_2867,17/04/2024,Farm 2,section_B2,section_b2_50,21,19,4,single,93.29,89.41,6518.37,106.0105355,0.76170529,16.58,-2.21,4.04,76.98,49.69,43.46,1.15,27.25,0.98,1.3,-2.88,0.98,1.3,-0.58,0.99,46.35,-5.75,4.66,7.41
IMG_2868,17/04/2024,Farm 2,section_B2,section_b2_50,22,19,4,single,101.8,87.18,7000.06,138.3899068,0.765920039,32.62,-6.4,12.39,56.25,76.52,81.5,1.15,27.16,0.98,1.29,-2.58,0.98,1.29,-0.52,0.99,64.73,-10.85,15.48,18.9
IMG_2869,17/04/2024,Farm 2,section_B2,section_b2_50,23,19,4,single,93.7,67.19,4846.99,107.4394707,0.761916458,32.49,-2.77,13.44,42.39,82.93,82.47,1.2,28.32,0.97,1.36,-2.58,0.98,1.37,-0.74,0.99,67.18,-6.34,17.61,18.72
IMG_2870,17/04/2024,Farm 2,section_B2,section_b2_50,24,19,4,single,105.41,94.44,7844.35,153.9259366,0.767608994,24.78,-4.21,6.17,67.7,51.6,61.62,1.11,26.25,0.98,1.24,-2.58,0.98,1.25,-0.91,0.99,53.76,-7.79,6.79,10.34
IMG_2871,17/04/2024,Farm 2,section_B2,section_b2_50,25,19,4,single,124.01,88.6,8791.38,252.8085616,0.775534449,28.58,-9.02,8.34,85.76,72.62,72.64,1.14,27.1,0.98,1.29,-3.16,0.98,1.28,-0.43,0.99,59.74,-14.75,10.27,17.98
IMG_2872,17/04/2024,Farm 2,section_B2,section_b2_50,26,19,4,single,85.17,78.74,5281.08,80.27851272,0.757333407,31.54,-6.84,16.11,56.12,105.55,80.79,1.05,22.83,0.98,1.09,-2.52,0.96,1.11,-0.23,0.99,55.86,-9.95,17.58,20.2
IMG_2873,17/04/2024,Farm 2,section_B2,section_b2_50,27,19,4,single,80.19,76.93,5050.25,66.7894244,0.75445464,31.42,-1.78,12.53,37.64,79.59,79.49,1.07,25.61,0.98,1.18,-2.86,0.98,1.19,-0.77,0.99,59.18,-4.96,14.16,15
IMG_2874,17/04/2024,Farm 2,section_B2,section_b2_50,28,19,4,single,97.69,83.37,6468.63,122.027883,0.763927459,31.64,-3.58,11.17,51.63,70.13,78.44,1.07,25.47,0.98,1.19,-2.91,0.98,1.19,-0.71,0.99,59.29,-7.16,12.61,14.5
IMG_2875,17/04/2024,Farm 2,section_B2,section_b2_50,29,19,4,single,105.61,84.7,7203.31,154.8193704,0.767700973,28.07,-7.66,8.44,74.72,69.22,70.63,1.09,25.12,0.98,1.21,-1.99,0.98,1.2,-0.51,0.99,55.59,-11.26,9.64,14.83
IMG_2876,17/04/2024,Farm 2,section_B2,section_b2_50,30,19,4,single,98.12,81.06,6504.46,123.6752682,0.76413957,28.8,-3.21,11.37,45.5,75.5,71.82,1.09,25.98,0.98,1.22,-2.77,0.98,1.22,-0.48,0.99,57.34,-6.69,13.37,14.95
IMG_2877,17/04/2024,Farm 2,section_B2,section_b2_51,1,19,4,single,106.82,99.47,8477.81,160.2991236,0.76825399,30.56,-5.83,10.87,54.63,71.75,76.01,1.09,25.9,0.97,1.22,-2.98,0.98,1.21,-0.39,0.99,59.2,-10.07,12.77,16.26
IMG_2878,17/04/2024,Farm 2,section_B2,section_b2_51,2,19,4,single,112.8,99.1,9038.91,189.3038688,0.770903742,33.98,-5.56,10.28,57.12,61.15,83.46,1.07,25.41,0.98,1.18,-3.05,0.98,1.19,-0.32,0.99,61.76,-9.63,11.9,15.31
IMG_2879,17/04/2024,Farm 2,section_B2,section_b2_51,3,19,4,single,112.9,98.88,8993.55,189.8167329,0.770946923,33.71,-5.53,10.5,57.14,62.83,82.86,1.06,24.97,0.98,1.17,-2.96,0.98,1.17,-0.45,0.99,60.78,-9.44,11.85,15.15
IMG_2880,17/04/2024,Farm 2,section_B2,section_b2_51,4,19,4,single,99.52,76.37,6194.41,129.1423653,0.76482418,36.17,-3.77,15.58,41.23,85.79,90.71,1.12,26.45,0.98,1.25,-2.69,0.98,1.25,-0.56,0.99,66.99,-7.41,18.92,20.32
IMG_2881,17/04/2024,Farm 2,section_B2,section_b2_51,5,19,4,single,108.59,91.24,7883.73,168.5476494,0.769052469,29.26,-7.07,10.74,65.36,76.32,73.29,1.03,21.94,0.98,1.05,-2.58,0.96,1.07,-0.63,0.99,52.07,-10.01,10.87,14.78
IMG_2882,17/04/2024,Farm 2,section_B2,section_b2_51,6,19,4,single,103.34,80.62,6725.69,144.8816622,0.76664729,30.3,-4.06,9.88,58.65,68.53,75.52,1.08,25.59,0.98,1.2,-2.9,0.98,1.2,-0.33,0.99,58.21,-7.78,11.51,13.89
IMG_2883,17/04/2024,Farm 2,section_B2,section_b2_51,7,19,4,single,104.81,100.79,8448.73,151.2664502,0.767332073,33.95,-3.94,12.88,44.81,74.82,83.99,1.16,26.91,0.98,1.29,-2.73,0.98,1.29,-0.49,0.99,66.32,-7.83,16.16,17.95
IMG_2884,17/04/2024,Farm 2,section_B2,section_b2_51,8,19,4,single,103.87,89.53,7445.76,147.1623311,0.76689523,32.48,-6.93,11.97,55.76,73.17,80.49,1.06,25.02,0.98,1.18,-2.83,0.98,1.17,-0.13,0.99,59.5,-10.98,13.89,17.7
IMG_2885,17/04/2024,Farm 2,section_B2,section_b2_51,9,19,4,single,106.64,98.94,8334.81,159.4758271,0.768172096,28.51,-3.66,12.98,44.29,85.5,70.93,1.06,25.06,0.98,1.18,-2.88,0.98,1.17,-0.2,0.99,55.25,-7.18,14.98,16.62
IMG_2886,17/04/2024,Farm 2,section_B2,section_b2_51,10,19,4,single,89.92,82.53,6009.96,94.74633337,0.759935884,30.76,-4.41,9.39,53.05,62.16,75.96,1.05,24.97,0.98,1.17,-2.89,0.98,1.16,-0.48,0.99,57.41,-8.03,10.44,13.18
IMG_2887,17/04/2024,Farm 2,section_B2,section_b2_51,11,19,4,single,102.71,80.14,6638.89,142.2017446,0.766351013,27.19,-9.53,9.16,75.9,77.48,68.99,1.02,21.35,0.99,1.04,-2.2,0.96,1.06,-0.57,0.99,49.03,-12.09,9.12,15.15
IMG_2888,17/04/2024,Farm 2,section_B2,section_b2_51,12,19,4,single,104.78,96.44,8268.39,151.1342932,0.767318188,28.58,-3.04,10.02,44.33,65.56,70.74,1.14,26.7,0.98,1.27,-2.88,0.98,1.26,-0.01,0.99,59.17,-6.73,12.63,14.31
IMG_2889,17/04/2024,Farm 2,section_B2,section_b2_51,13,19,4,single,111.35,94.05,8248.55,181.9717093,0.770273549,29.29,-10.54,7.03,85.77,74.89,73.99,1.03,22.94,0.98,1.07,-3.36,0.96,1.09,-0.12,0.99,53.21,-14.64,7.54,16.46
IMG_2890,17/04/2024,Farm 2,section_B2,section_b2_51,14,19,4,single,99.82,80.08,6353.14,130.3346491,0.764969708,28.74,-5.27,10.88,51.12,72.03,70.77,1.02,23.85,0.98,1.12,-3,0.98,1.12,-0.49,0.99,53.31,-8.93,11.7,14.71
IMG_2891,17/04/2024,Farm 2,section_B2,section_b2_51,15,19,4,single,91.55,86.86,6270.76,100.0883916,0.760799327,34.75,-1.35,13.36,34.91,79.01,87.73,1.09,25.7,0.98,1.21,-2.84,0.98,1.21,-0.06,0.99,63.69,-4.49,16.13,16.74
IMG_2892,17/04/2024,Farm 2,section_B2,section_b2_51,16,19,4,single,100.58,91.93,7496.8,133.3881845,0.765336552,27.79,-6.07,6.13,75.21,56.37,69.21,1.09,25.64,0.98,1.21,-3,0.98,1.21,-0.28,0.99,55.89,-10.36,7.13,12.57
IMG_2893,17/04/2024,Farm 2,section_B2,section_b2_51,17,19,4,single,104.95,92.54,7967.35,151.8842106,0.767396821,34.92,-6.88,7.6,73.65,52.43,86.29,1.04,24.3,0.98,1.15,-2.82,0.98,1.14,-0.53,0.99,60.78,-10.71,8.16,13.46
IMG_2894,17/04/2024,Farm 2,section_B2,section_b2_51,18,19,4,single,110.12,94.53,8493.19,175.903764,0.769732915,31.02,-6.25,9.22,63.75,64.53,77.17,1.14,26.7,0.98,1.27,-2.94,0.98,1.26,-0.03,0.99,61.96,-10.87,11.6,15.89
IMG_2895,17/04/2024,Farm 2,section_B2,section_b2_51,19,19,4,single,98.63,87.05,6814.24,125.6484524,0.764390017,28.83,-5.85,8.63,62.75,63.59,71.65,1.05,24.41,0.98,1.15,-2.97,0.98,1.15,-0.46,0.99,54.63,-9.71,9.44,13.55
IMG_2896,17/04/2024,Farm 2,section_B2,section_b2_51,20,19,4,single,118.5,99.29,9280.62,220.0525614,0.773309655,32.46,-3.58,10.38,46.87,63.37,80.1,1.14,26.9,0.98,1.27,-2.91,0.98,1.27,-0.14,0.99,63.8,-7.45,13.04,15.02
IMG_2897,17/04/2024,Farm 2,section_B2,section_b2_51,21,19,4,single,103.05,86.54,7095.78,143.6438696,0.766511119,33.86,-9.01,12.34,62.08,80.78,84.38,1.03,23.86,0.98,1.12,-2.74,0.98,1.12,-0.41,0.99,58.62,-12.87,13.42,18.59
IMG_2898,17/04/2024,Farm 2,section_B2,section_b2_51,22,19,4,single,114.64,94.01,8618.65,198.8907722,0.771692599,30.77,-6.6,7.33,71.09,54.84,76.04,1.13,26.73,0.98,1.26,-2.96,0.98,1.26,-0.11,0.99,61.48,-11.28,9.09,14.49
IMG_2899,17/04/2024,Farm 2,section_B2,section_b2_51,23,19,4,single,117.76,93.23,8983.49,215.8837769,0.77300351,29.2,-9.24,10.06,72.6,76.69,73.72,1.14,27.12,0.98,1.27,-2.89,0.98,1.27,-0.05,0.99,60.32,-14.65,12.71,19.4
IMG_2900,17/04/2024,Farm 2,section_B2,section_b2_51,24,19,4,single,113.26,91.57,8215.26,191.6707795,0.77110208,21.18,-8.83,5.8,88.23,85.08,55.36,1.13,26.71,0.98,1.27,-2.96,0.98,1.26,-0.08,0.99,50.65,-14.14,7.21,15.87
IMG_2901,17/04/2024,Farm 2,section_B2,section_b2_51,25,19,4,single,105.57,84.56,7134.85,154.6404054,0.76768259,30.29,-10.3,9.46,77.57,76,76.21,1.05,24.83,0.98,1.16,-2.78,0.98,1.16,-0.27,0.99,56.72,-14.74,10.69,18.21
IMG_2902,17/04/2024,Farm 2,section_B2,section_b2_51,26,19,4,single,129.82,90.06,9110.03,290.7398385,0.777782233,21.06,-9.47,7.29,85.55,95.69,55.22,1.14,26.87,0.98,1.27,-2.95,0.98,1.27,0.02,0.99,50.94,-15.02,9.27,17.65
IMG_2903,17/04/2024,Farm 2,section_B2,section_b2_51,27,19,4,single,107.29,97.51,8295.3,162.4623074,0.768467217,27.5,-7.39,8.97,69.36,68.04,68.8,1.13,26.52,0.98,1.26,-2.9,0.98,1.25,-0.08,0.99,57.62,-12.22,11.15,16.54
IMG_2904,17/04/2024,Farm 2,section_B2,section_b2_51,28,19,4,single,107.83,96.9,8423.13,164.9718003,0.768711124,29.24,-2.28,10.46,39.75,70.03,73.11,1.06,25.23,0.98,1.18,-2.69,0.98,1.17,0.07,0.99,56.32,-5.38,12.32,13.45
IMG_2905,17/04/2024,Farm 2,section_B2,section_b2_51,29,19,4,single,95.56,69.99,5192.03,114.0847882,0.762863701,31.45,-3.29,12.17,42.33,74.73,77.97,1.07,25.5,0.98,1.18,-2.77,0.98,1.18,-0.2,0.99,59.08,-6.65,14.2,15.68
IMG_2906,17/04/2024,Farm 2,section_B2,section_b2_51,30,19,4,single,114.29,87.49,8046.02,197.0426047,0.771543463,27.97,-5.51,7.55,67.1,56.04,69.19,1.15,27.18,0.98,1.29,-2.93,0.98,1.28,-0.09,0.99,59.31,-10.03,9.59,13.88
IMG_2907,17/04/2024,Farm 2,section_B2,section_b2_51,31,19,4,single,123.32,88.09,8659.49,248.5382667,0.775260977,26.06,-6.03,11.31,58.71,86.33,65.94,1.13,26.66,0.98,1.26,-2.9,0.98,1.26,-0.13,0.99,56.18,-10.52,14.11,17.6
IMG_2908,17/04/2024,Farm 2,section_B2,section_b2_51,32,19,4,single,128.58,97.12,9443.28,282.3437676,0.777310524,28.41,-5.98,12.85,53.15,88.3,71.82,1.13,26.68,0.98,1.27,-2.92,0.98,1.26,-0.07,0.99,58.89,-10.49,16.12,19.23
IMG_2910,17/04/2024,Farm 2,section_B2,section_b2_52,1,31,1,single,118.8,83.2,7789.54,221.7579144,0.773433257,32.76,-6.95,11.52,58.42,71.68,81.07,1.06,24.66,0.98,1.16,-2.87,0.98,1.16,-0.84,0.99,59.34,-10.93,12.57,16.66
IMG_2911,17/04/2024,Farm 2,section_B2,section_b2_52,2,31,1,single,103.36,89.36,7210.8,144.9672906,0.766656667,31.26,-3.32,17.68,38.78,108.2,79.25,1.19,27.11,0.98,1.32,-2.57,0.98,1.32,-0.49,0.99,64.26,-6.95,22.83,23.86
IMG_2912,17/04/2024,Farm 2,section_B2,section_b2_52,3,31,1,single,121.01,97.9,9219.03,234.5954182,0.774334888,31.56,-2.64,16.26,43.43,101.29,81.07,1.07,24.71,0.98,1.17,-2.82,0.98,1.16,-0.49,0.99,58.39,-5.9,18.45,19.37
IMG_2913,17/04/2024,Farm 2,section_B2,section_b2_52,4,31,1,single,109.78,104.85,9447.71,174.2507853,0.769582474,31.13,-5.91,12.65,52.36,79.74,77.47,1.15,26.71,0.98,1.27,-2.81,0.98,1.27,-0.55,0.99,62.45,-10.34,15.55,18.67
IMG_2914,17/04/2024,Farm 2,section_B2,section_b2_52,5,31,1,single,131.38,97.29,10095.31,301.5390332,0.778369715,30.71,-8.67,17.26,55.56,108.51,77.47,1.15,26.42,0.98,1.27,-2.92,0.98,1.26,-0.31,0.99,61.61,-13.89,21.48,25.58
IMG_2915,17/04/2024,Farm 2,section_B2,section_b2_52,6,31,1,single,109.03,94.03,8232.9,170.6415091,0.769249068,31.43,-4.87,16.88,43.95,100.52,78.01,1.14,26.4,0.98,1.27,-2.7,0.98,1.26,-0.46,0.99,62.37,-8.86,20.87,22.67
IMG_2916,17/04/2024,Farm 2,section_B2,section_b2_52,7,31,1,single,111.13,87.36,7591.45,180.8762106,0.770177262,21.39,-5.42,10.04,65.18,86.65,54.47,1.13,26.32,0.98,1.25,-2.86,0.98,1.25,-0.71,0.99,50.4,-9.63,11.84,15.27
IMG_2917,17/04/2024,Farm 2,section_B2,section_b2_52,8,31,1,single,97.22,94.9,7266.2,120.2442036,0.763694614,32.75,-4.96,14.54,46.4,85.84,81.03,1.04,23.63,0.98,1.13,-2.83,0.98,1.13,-0.8,0.99,57.53,-8.42,15.57,17.7
IMG_2918,17/04/2024,Farm 2,section_B2,section_b2_52,9,31,1,single,100.32,89.07,7063.73,132.3382003,0.765211346,24.61,-7.3,13.3,60.55,97.79,61.96,1.04,23.79,0.98,1.13,-2.84,0.98,1.13,-0.81,0.99,49.31,-11.08,14.21,18.02
IMG_2919,17/04/2024,Farm 2,section_B2,section_b2_52,10,31,1,single,129.97,99.62,10164.83,291.7667333,0.777839008,30.68,-6.3,16,50.42,100.6,77.18,1.04,22.61,0.98,1.08,-2.36,0.96,1.09,-0.38,0.99,54.65,-9.13,17.1,19.38
IMG_2920,17/04/2024,Farm 2,section_B2,section_b2_52,11,31,1,single,105.89,91.42,7516.07,156.0760267,0.76782947,33.77,-7.89,14.51,55.22,85.47,84.03,1.06,24.64,0.98,1.17,-2.9,0.98,1.16,-0.77,0.99,60.55,-12.11,16.12,20.17
IMG_2921,17/04/2024,Farm 2,section_B2,section_b2_52,12,31,1,single,98.24,95.72,7220.25,124.1376582,0.764198608,34.82,-3.47,9.45,47.77,55.62,85.09,1.08,24.62,0.98,1.18,-2.59,0.98,1.18,-0.54,0.99,62.28,-6.68,10.58,12.51
IMG_2922,17/04/2024,Farm 2,section_B2,section_b2_52,13,31,1,single,102.44,89.53,7278.78,141.0634882,0.766223516,37.6,-1.94,16.99,36.66,93.46,96.5,1.08,24.69,0.98,1.18,-2.81,0.98,1.18,-0.44,0.99,65.4,-5.1,19.56,20.21
IMG_2923,17/04/2024,Farm 2,section_B2,section_b2_52,14,31,1,single,110.68,94.34,8422.33,178.6492489,0.769979755,25.18,-9.7,8.97,82.26,86.48,64.89,1.07,24.7,0.98,1.18,-2.81,0.98,1.17,-0.76,0.99,51.67,-14.22,9.76,17.25
IMG_2924,17/04/2024,Farm 2,section_B2,section_b2_52,15,31,1,single,110.88,86.65,7911.46,179.6367194,0.770067629,33.19,-4.25,20.29,40.21,118.46,84.81,1.08,24.93,0.98,1.18,-2.8,0.98,1.19,-0.68,0.99,60.86,-7.83,23.39,24.67
IMG_2925,17/04/2024,Farm 2,section_B2,section_b2_52,16,31,1,single,118.69,84.44,7853.76,221.1315902,0.77338797,31.78,-3.63,15.3,44.1,91.9,79.52,1.16,26.84,0.98,1.29,-2.55,0.98,1.29,-0.53,0.99,63.84,-7.24,19.23,20.54
IMG_2926,17/04/2024,Farm 2,section_B2,section_b2_52,17,31,1,single,89.95,79.55,5930.22,94.84287903,0.759951907,29.33,-10.76,10.19,75.51,78.88,74.2,1.04,23.9,0.98,1.13,-2.83,0.98,1.13,-0.69,0.99,54.45,-15.04,10.86,18.55
IMG_2927,17/04/2024,Farm 2,section_B2,section_b2_52,18,31,1,single,96.67,87.87,6941.3,118.1792833,0.763420794,30.08,-7.95,14.86,55.34,95.01,75.47,1.08,24.74,0.98,1.18,-2.75,0.98,1.18,-0.74,0.99,57.14,-12.09,16.8,20.7
IMG_2928,17/04/2024,Farm 2,section_B2,section_b2_52,19,31,1,single,102.58,82.91,6724.14,141.6529273,0.766289665,31,-3.61,12.09,43.1,75.54,76.55,1.04,23.73,0.98,1.14,-2.89,0.98,1.13,-0.67,0.99,56.05,-6.98,13.02,14.78
IMG_2929,17/04/2024,Farm 2,section_B2,section_b2_52,20,31,1,single,102.44,80.65,6611.49,141.0634882,0.766223516,33.97,-3.48,10.78,44.04,62.75,83.14,1.04,23.64,0.98,1.13,-2.83,0.98,1.12,-0.7,0.99,58.9,-6.75,11.43,13.27
IMG_2930,17/04/2024,Farm 2,section_B2,section_b2_52,21,31,1,single,107.02,89.88,7726.89,161.2172443,0.768344832,30.53,-6.34,11.5,54.68,73.06,75.46,1.04,23.56,0.98,1.13,-2.85,0.98,1.12,-0.75,0.99,55.18,-9.99,12.17,15.75
IMG_2931,17/04/2024,Farm 2,section_B2,section_b2_52,22,31,1,single,112.43,90.78,8253.96,187.4143746,0.770743658,32.73,-6.62,15.01,52.34,89.87,82.23,1.08,33.19,0.82,1.38,-3.04,0.96,1.41,0.91,0.95,68.43,-12.16,22.06,25.19
IMG_2932,17/04/2024,Farm 2,section_B2,section_b2_52,23,31,1,single,115.23,88.47,7990.8,202.0325814,0.771943038,32.3,-4.03,17.4,41.65,103.45,81.42,1.09,25.17,0.98,1.2,-2.46,0.98,1.2,-0.7,0.99,60.41,-7.28,20.22,21.49
IMG_2933,17/04/2024,Farm 2,section_B2,section_b2_52,24,31,1,single,108.88,88.88,7721.22,169.9257398,0.769182129,39.65,-3.65,15.42,42.87,79.48,100.12,1.06,24.56,0.98,1.17,-2,0.98,1.16,-0.65,0.99,66.52,-6.27,17.28,18.38
IMG_2934,17/04/2024,Farm 2,section_B2,section_b2_52,25,31,1,single,87.32,78.9,5564.35,86.62767653,0.758527786,36.48,-1.19,15.45,34.92,88.06,93.56,1.06,24.34,0.98,1.17,-2.09,0.98,1.16,-0.39,0.99,63.03,-3.47,17.49,17.83
IMG_2935,17/04/2024,Farm 2,section_B2,section_b2_52,26,31,1,single,107.65,96.93,8556,164.1324276,0.768629949,24.31,-2.29,12.78,41.11,97.4,62.31,1.09,25.32,0.98,1.2,-2.58,0.98,1.2,-0.59,0.99,51.87,-5.33,14.75,15.68
IMG_2936,17/04/2024,Farm 2,section_B2,section_b2_52,27,31,1,single,92.53,79.56,6015.28,103.3956827,0.761311546,23.88,-3.49,11.86,50.52,90.65,60.55,1.1,25.29,0.98,1.21,-2.92,0.98,1.2,-0.64,0.99,51.48,-7.13,13.63,15.38
IMG_2937,17/04/2024,Farm 2,section_B2,section_b2_52,28,31,1,single,104.13,83.91,6950.66,148.2899234,0.767016428,26.86,-10.59,9.41,78.91,84.34,68.45,1.01,29.72,0.88,1.24,-3.33,0.97,1.24,0.17,0.97,56.72,-16.42,11.84,20.24
IMG_2938,17/04/2024,Farm 2,section_B2,section_b2_52,29,31,1,single,124.27,90.49,8825.75,254.43037,0.775637127,29.47,-7.07,13.29,59.64,91.63,74.46,1.18,26.97,0.98,1.3,-2.67,0.98,1.3,-0.37,0.99,61.65,-11.9,16.9,20.67
IMG_2939,17/04/2024,Farm 2,section_B2,section_b2_52,30,31,1,single,92.98,81.89,6140.95,104.9386461,0.761545048,31.14,-5.86,17.75,45.07,108.09,78.06,0.74,37.84,0.61,1.24,-2.3,0.9,1.17,1.93,0.87,60.97,-9.58,22.64,24.58
IMG_2941,17/04/2024,Farm 2,section_B4,section_b4_53,1,31,3,single,131.09,108.38,11220.12,299.511423,0.778261,38.12,0.59,17.54,30.87,100.39,100.91,1.05,23.32,0.98,1.14,-2.1,0.99,1.13,-1,0.99,63.18,-1.43,18.89,18.95
IMG_2942,17/04/2024,Farm 2,section_B4,section_b4_53,2,31,3,single,155.04,114.06,13677.16,499.9350839,0.786559617,33.98,-3.73,14.47,40.15,84.27,83.97,1.21,27.95,0.98,1.35,-2.72,0.98,1.36,-0.51,0.99,69.04,-7.77,19.15,20.66
IMG_2943,17/04/2024,Farm 2,section_B4,section_b4_53,3,31,3,single,122.41,118.65,11288.56,242.9809662,0.77489811,26.61,-2.88,13.16,41.47,93.68,67.22,1.13,27.02,0.98,1.26,-2.85,0.98,1.26,-0.51,0.99,56.96,-6.48,16.07,17.33
IMG_2944,17/04/2024,Farm 2,section_B4,section_b4_53,4,31,3,single,121.27,119.85,11251.16,236.1377787,0.774439947,30.85,-4.74,18.3,43.11,113.82,78.32,1.22,28.93,0.98,1.39,-2.81,0.98,1.38,-0.36,0.99,66.67,-9.38,24.97,26.67
IMG_2945,17/04/2024,Farm 2,section_B4,section_b4_53,5,31,3,single,133.29,95.58,10121.69,315.1243814,0.779080169,30.93,-3.51,14.51,41.85,90.39,77.31,1.2,28.54,0.98,1.35,-3.12,0.98,1.35,-0.26,0.99,65.6,-7.87,19.31,20.86
IMG_2946,17/04/2024,Farm 2,section_B4,section_b4_53,6,31,3,single,123.72,90.03,8736.85,251.0078394,0.775419686,34.7,-2.92,14.78,39.46,85.59,87.15,1.16,26.53,0.98,1.29,-2.38,0.98,1.29,-0.84,0.99,66.78,-6.15,18.25,19.26
IMG_2947,17/04/2024,Farm 2,section_B4,section_b4_53,7,31,3,single,125.09,97.03,9581.66,259.59111,0.775959645,32.86,-0.7,14.62,33.3,91.89,85.34,1.2,27.93,0.98,1.35,-2.78,0.98,1.35,-0.37,0.99,67.21,-3.72,19.32,19.67
IMG_2948,17/04/2024,Farm 2,section_B4,section_b4_53,8,31,3,single,116.34,94.99,8650.56,208.0335812,0.772410963,28.79,-5.33,15.15,44.87,98.55,71.62,1.22,28.54,0.98,1.37,-2.78,0.98,1.38,-0.34,0.99,63.57,-10.08,20.49,22.84
IMG_2949,17/04/2024,Farm 2,section_B4,section_b4_53,9,31,3,single,119.82,91.73,8804.81,227.6225657,0.77385133,27.82,-7.2,14.64,54.95,101.37,70.2,1.09,25.63,0.98,1.21,-2.69,0.98,1.21,-0.53,0.99,55.98,-11.41,17.2,20.63
IMG_2950,17/04/2024,Farm 2,section_B4,section_b4_53,10,31,3,single,121.64,111.59,11098.8,238.3444118,0.774589089,30.42,-3.67,16.41,40.13,103.01,76.27,1.22,27.72,0.98,1.36,-2.71,0.98,1.36,-0.51,0.99,64.79,-7.7,21.84,23.16
IMG_2951,17/04/2024,Farm 2,section_B4,section_b4_53,11,31,3,single,122.01,113.46,10807.7,240.5648693,0.774737808,28.28,-2.23,12.78,37.2,87.54,71.3,1.2,28.58,0.98,1.36,-2.64,0.98,1.36,-0.06,0.99,62.64,-5.68,17.34,18.24
IMG_2952,17/04/2024,Farm 2,section_B4,section_b4_53,12,31,3,single,123.64,122.89,11930.63,250.5126108,0.775387982,34.49,-5.03,16.47,43.36,93.04,85.45,1.14,27.06,0.98,1.27,-2.73,0.98,1.28,-0.51,0.99,66.35,-9.14,20.56,22.5
IMG_2953,17/04/2024,Farm 2,section_B4,section_b4_53,13,31,3,single,127.49,96.89,9594.81,275.0993546,0.776892343,32.95,-4.95,15.9,43.01,91.89,81.05,1.13,27.11,0.98,1.27,-3.09,0.98,1.27,-0.26,0.99,64.32,-9.36,19.9,21.99
IMG_2954,17/04/2024,Farm 2,section_B4,section_b4_53,14,31,3,single,118.26,96.82,9202.36,218.694646,0.773210561,26.14,-3.19,9.42,47.78,67.87,64.6,1.1,26.32,0.98,1.23,-3.01,0.98,1.23,-0.43,0.99,55.08,-6.94,11.16,13.14
IMG_2955,17/04/2024,Farm 2,section_B4,section_b4_53,15,31,3,single,137.39,103.48,10721.07,345.6645055,0.780573564,34.23,-3.79,16.17,40.54,93.41,85.56,1.21,28.06,0.98,1.36,-2.64,0.98,1.36,-0.53,0.99,69.34,-7.79,21.43,22.8
IMG_2956,17/04/2024,Farm 2,section_B4,section_b4_53,16,31,3,single,115.19,96.09,9186.25,201.8185302,0.771926097,32.6,-5.73,11.38,53.45,69.23,80.22,1.03,24,0.98,1.13,-3.1,0.98,1.12,-0.45,0.99,57.56,-9.57,12.31,15.59
IMG_2957,17/04/2024,Farm 2,section_B4,section_b4_53,17,31,3,single,137.35,100.85,10600.73,345.3573301,0.780559197,35.81,-6.19,12.2,52.93,70,88.36,1.21,28.66,0.98,1.38,-2.79,0.98,1.37,-0.14,0.99,71.98,-11.3,16.57,20.05
IMG_2958,17/04/2024,Farm 2,section_B4,section_b4_53,18,31,3,single,115.42,89.2,8423.05,203.0514099,0.772023432,29.39,-6.29,15.15,49.41,97.67,73.29,1.06,25.11,0.98,1.17,-2.65,0.98,1.17,-0.84,0.99,56.16,-9.99,16.91,19.64
IMG_2959,17/04/2024,Farm 2,section_B4,section_b4_53,19,31,3,single,119.95,98.62,9573.67,228.3774314,0.773904374,36.72,-3.32,15.15,39.67,82.91,91.57,1.05,25.11,0.98,1.16,-2.67,0.98,1.17,-0.83,0.99,63.77,-6.54,16.89,18.11
IMG_2960,17/04/2024,Farm 2,section_B4,section_b4_53,20,31,3,single,117.18,87.67,8205.25,212.6537272,0.772762297,32.74,-0.92,15.56,32.65,96.99,84.58,1.2,28.6,0.98,1.36,-2.53,0.98,1.36,-0.12,0.99,67.96,-3.77,21.01,21.35
IMG_2961,17/04/2024,Farm 2,section_B4,section_b4_53,21,31,3,single,126.24,103.84,10160,266.9466486,0.776408635,29.72,-6.09,14.65,48.16,93.66,73.98,1.22,28.87,0.98,1.38,-2.93,0.98,1.38,-0.39,0.99,65.02,-11.35,19.82,22.84
IMG_2962,17/04/2024,Farm 2,section_B4,section_b4_53,22,31,3,single,112.01,93.09,8518.35,185.2849606,0.770561343,25.79,-2.54,15.62,37.56,112.69,65.99,1.15,26.76,0.98,1.27,-2.74,0.98,1.28,-0.59,0.99,56.32,-5.97,19.33,20.23
IMG_2963,17/04/2024,Farm 2,section_B4,section_b4_53,23,31,3,single,125.37,109.34,10556.8,261.3693056,0.776069319,37.64,-3.52,19.88,38.65,104.73,95.97,1.15,26.63,0.98,1.28,-2.67,0.98,1.28,-0.31,0.99,70.02,-7.17,25.13,26.13
IMG_2964,17/04/2024,Farm 2,section_B4,section_b4_53,24,31,3,single,118.31,110.9,10479.6,218.977079,0.773231221,32.36,-6.41,19.52,45.75,116.01,81.72,1.13,26.61,0.98,1.26,-2.72,0.98,1.27,-0.7,0.99,63.17,-10.83,23.99,26.32
IMG_2965,17/04/2024,Farm 2,section_B4,section_b4_53,25,31,3,single,118.58,98.61,9436.31,220.5064567,0.773342644,30.04,-6.42,14.59,49.93,92.35,74.75,1.14,26.72,0.98,1.27,-2.64,0.98,1.27,-0.69,0.99,60.94,-10.79,17.86,20.87
IMG_2966,17/04/2024,Farm 2,section_B4,section_b4_53,26,31,3,single,128.86,97.85,10066.01,284.2252062,0.77741741,23.07,-4.41,15.18,55.57,117.51,59.26,1.19,27.47,0.98,1.33,-2.59,0.98,1.34,-0.56,0.99,55.01,-8.45,19.7,21.44
IMG_2967,17/04/2024,Farm 2,section_B4,section_b4_53,27,31,3,single,126.18,91.9,8992.01,266.5594592,0.776385304,33.3,-3.88,14.57,44.33,87.09,84.05,1.21,27.81,0.98,1.35,-2.62,0.98,1.36,-0.56,0.99,68.26,-7.87,19.21,20.76
IMG_2968,17/04/2024,Farm 2,section_B4,section_b4_53,28,31,3,single,113.21,98.08,8538.41,191.4125481,0.771080558,34.49,-4.49,16.46,42.61,92.43,86.24,1.07,25.45,0.98,1.19,-2.76,0.98,1.19,-0.28,0.99,62.37,-8.09,19.24,20.87
IMG_2969,17/04/2024,Farm 2,section_B4,section_b4_53,29,31,3,single,108.63,85.65,7647.53,168.7372823,0.769070372,30.22,-8.41,12.53,62.61,83.3,75.45,1.14,26.82,0.98,1.27,-3.13,0.98,1.27,-0.35,0.99,61.24,-13.81,15.51,20.77
IMG_2970,17/04/2024,Farm 2,section_B4,section_b4_54,1,31,3,single,115.71,91.82,8577.82,204.6131162,0.7721459,31.74,-3.77,21.1,38.12,125.59,80.94,1.07,24.41,0.98,1.17,-2.54,0.98,1.17,-0.91,0.99,58.48,-6.95,23.85,24.84
IMG_2971,17/04/2024,Farm 2,section_B4,section_b4_54,2,31,3,single,118.65,96.73,9235.68,220.9041313,0.773371493,32.07,-5.8,19.01,43.36,111.45,79.84,1.06,24.37,0.98,1.15,-2.85,0.98,1.15,-0.73,0.99,58.38,-9.53,21.22,23.26
IMG_2972,17/04/2024,Farm 2,section_B4,section_b4_54,4,31,3,single,115.31,97,8843.33,202.4611418,0.771976903,31.07,-6.23,18.82,45.06,113.83,78.09,1.06,23.56,0.98,1.14,-2.42,0.98,1.15,-1.02,0.99,56.41,-9.5,20.57,22.65
IMG_2973,17/04/2024,Farm 2,section_B4,section_b4_54,5,31,3,single,124.74,97.78,9740.17,257.3798291,0.775822228,34.97,-1.55,19.62,34.4,112.67,91.13,1.04,22.29,0.99,1.06,-3.07,0.97,1.09,-0.23,0.99,58.76,-4.72,21.1,21.62
IMG_2974,17/04/2024,Farm 2,section_B4,section_b4_54,6,31,3,single,97.69,75.13,5768.14,122.027883,0.763927459,31.51,-3.54,13.41,43.59,85.42,79.69,1.04,23.2,0.98,1.12,-2.71,0.98,1.12,-0.79,0.99,56.05,-6.68,14.29,15.77
IMG_2975,17/04/2024,Farm 2,section_B4,section_b4_54,7,31,3,single,127.18,93.21,9453.89,273.0620907,0.776772799,24.92,-2.7,12.04,39.74,89.38,63.02,1.04,22.51,0.98,1.07,-2.92,0.97,1.09,-0.72,0.99,48.36,-5.82,12.46,13.75
IMG_2976,17/04/2024,Farm 2,section_B4,section_b4_54,8,31,3,single,127.09,100.07,9926.8,272.4725331,0.776738042,32.71,-1.77,22.51,34.26,134.56,86.19,1.06,23.95,0.98,1.15,-2.43,0.98,1.15,-0.72,0.99,58.7,-4.46,25.23,25.62
IMG_2977,17/04/2024,Farm 2,section_B4,section_b4_54,9,31,3,single,119.13,95.97,9303.25,223.6440426,0.773568883,24.63,-3.02,13.93,39.91,104.45,62.67,1.06,23.81,0.98,1.15,-2.93,0.98,1.14,-0.62,0.99,49.82,-6.38,15.3,16.58
IMG_2978,17/04/2024,Farm 2,section_B4,section_b4_54,10,31,3,single,111.07,93.27,8227.41,180.5782099,0.770150971,29.58,-6.02,12.94,52.73,85.67,73.72,1.03,22.16,0.99,1.06,-3.28,0.97,1.08,-0.41,0.99,52.76,-9.65,13.56,16.65
IMG_2979,17/04/2024,Farm 2,section_B4,section_b4_54,11,31,3,single,102.93,101.48,8174.64,143.1337667,0.766454668,30.52,-1.23,15.48,34.41,102.18,78.98,1.03,22.1,0.98,1.06,-3,0.97,1.08,-0.32,0.99,53.62,-4.3,16.35,16.91
IMG_2980,17/04/2024,Farm 2,section_B4,section_b4_54,12,31,3,single,117.07,86.51,8515.8,212.0448212,0.772716424,32.88,-4.24,18.14,39.89,105.83,82.55,1.05,23.41,0.98,1.13,-2.92,0.98,1.13,-0.76,0.99,57.77,-7.72,19.73,21.19
IMG_2981,17/04/2024,Farm 2,section_B4,section_b4_54,13,31,3,single,118.33,93.75,9097.9,219.0901209,0.773239483,29.02,-6.19,15.47,48.64,100.68,72.82,1.2,26.92,0.98,1.32,-2.79,0.98,1.32,-0.56,0.99,61.73,-10.98,19.9,22.72
IMG_2982,17/04/2024,Farm 2,section_B4,section_b4_54,14,31,3,single,111.85,88.34,7731.36,184.4780545,0.77049172,32.19,-3.73,17.99,38.53,105.7,80.51,1.07,24.43,0.98,1.17,-2.81,0.98,1.17,-0.73,0.99,59.01,-7.17,20.33,21.56
IMG_2983,17/04/2024,Farm 2,section_B4,section_b4_54,15,31,3,single,112.95,90.18,8118.57,190.073515,0.7709685,27.65,-4.08,13.39,45,90.16,68.84,1.14,25.54,0.98,1.24,-2.92,0.98,1.25,-0.54,0.99,57.13,-7.99,16.15,18.02
IMG_2984,17/04/2024,Farm 2,section_B4,section_b4_54,16,31,3,single,111.46,95.83,8712.35,182.5211279,0.770321625,33.49,-2.26,17.81,37.19,106.09,86.1,1.18,26.25,0.98,1.29,-2.59,0.98,1.3,-0.47,0.99,65.85,-5.52,22.61,23.28
IMG_2985,17/04/2024,Farm 2,section_B4,section_b4_54,17,31,3,single,115.2,88.8,7996.43,201.8720287,0.771930333,33.03,-2.8,17.23,37.11,102.82,83.99,1.03,23.06,0.98,1.11,-2.75,0.98,1.11,-0.93,0.99,57.13,-5.85,18.25,19.17
IMG_2986,17/04/2024,Farm 2,section_B4,section_b4_54,18,31,3,single,118.39,92.67,8751.88,219.4294819,0.77326426,31.28,-2.44,17.59,36.9,110.09,80.49,1.15,26.09,0.98,1.26,-2.55,0.98,1.27,-0.84,0.99,62.02,-5.63,21.45,22.18
IMG_2987,17/04/2024,Farm 2,section_B4,section_b4_54,19,31,3,single,83.92,69.44,4712.07,76.73511197,0.75662595,32.13,-0.78,17.34,33.38,109.03,84.17,1.07,24,0.98,1.16,-2.77,0.98,1.16,-0.77,0.99,58.35,-3.67,19.37,19.72
IMG_2988,17/04/2024,Farm 2,section_B4,section_b4_54,20,31,3,single,118.34,93.34,8890.86,219.1466565,0.773243613,33.55,-3.22,18.73,37.53,109.44,85.35,1.13,25.44,0.98,1.23,-2.49,0.98,1.23,-0.55,0.99,63.28,-6.46,22.54,23.45
IMG_2989,17/04/2024,Farm 2,section_B4,section_b4_54,21,31,3,single,111.34,87.99,7798.08,181.9218174,0.770269176,33.04,-5.13,10.08,54.3,61.36,81.12,1.08,24.11,0.98,1.16,-2.81,0.98,1.17,-0.74,0.99,59.63,-8.77,11.02,14.08
IMG_2990,17/04/2024,Farm 2,section_B4,section_b4_54,22,31,3,single,121.53,100.69,9720.96,237.6869437,0.774544794,32.34,-5.69,13.79,48.14,82.88,79.89,1.04,22.63,0.98,1.08,-3.17,0.97,1.1,-0.46,0.99,56.35,-9.29,14.68,17.38
IMG_2991,17/04/2024,Farm 2,section_B4,section_b4_54,23,31,3,single,127.87,93.6,9657.33,277.6105585,0.77703851,30.44,-6.46,12.8,54.76,81.21,75.4,1.02,22.37,0.98,1.09,-2.84,0.98,1.09,-0.71,0.99,53.55,-9.9,13.26,16.55
IMG_2992,17/04/2024,Farm 2,section_B4,section_b4_54,24,31,3,single,102.46,89.75,7294.47,141.1475926,0.766232971,29.27,-7.25,11.7,58.49,78.1,72.73,1.03,23.07,0.98,1.1,-2.87,0.98,1.1,-0.82,0.99,53.15,-10.87,12.08,16.25
IMG_2993,17/04/2024,Farm 2,section_B4,section_b4_54,25,31,3,single,109.25,94.08,8231.38,171.6949674,0.769347089,31.21,-5.79,14.58,48.42,90.03,77.43,1.02,22.89,0.98,1.1,-2.81,0.98,1.1,-0.74,0.99,54.84,-9.18,15.32,17.86
IMG_2994,17/04/2024,Farm 2,section_B4,section_b4_54,26,31,3,single,114.11,96.42,8784.3,196.0966318,0.771466597,32.24,-3.11,20.6,36.29,123.45,82.41,1.17,26.33,0.98,1.29,-2.73,0.98,1.29,-0.44,0.99,64.11,-6.74,26.06,26.92
IMG_2995,17/04/2024,Farm 2,section_B4,section_b4_54,27,31,3,single,113.43,93.67,8602.42,192.5505188,0.771175188,31.21,-4.94,17.22,41.87,103.67,77.49,1.04,23.13,0.98,1.12,-2.79,0.98,1.12,-0.83,0.99,55.53,-8.31,18.5,20.28
IMG_2996,17/04/2024,Farm 2,section_B4,section_b4_54,28,31,3,single,113.98,93.07,8493.48,195.4153317,0.771411013,31,-3.85,13.79,42.32,86.02,77.01,1.12,25.32,0.98,1.22,-2.81,0.98,1.23,-0.71,0.99,60.08,-7.52,16.2,17.86
IMG_2998,16/04/2024,Farm 2,section_B4,section_b4_55,1,31,3,double,117.86,85.67,7828.01,216.4439954,0.773044986,27.26,-5.82,10.97,54.15,77.87,67.71,1.22,30.31,0.97,1.47,-2.51,0.99,1.46,-0.32,0.99,63.62,-11.04,15.67,19.17
IMG_2999,16/04/2024,Farm 2,section_B4,section_b4_55,2,31,3,double,102.41,89.28,7149.72,140.9373948,0.766209331,39.72,-4.3,11.04,49.23,58,97.65,1.19,29.57,0.97,1.39,-3.01,0.98,1.38,0.2,0.99,76.82,-8.99,15.46,17.88
IMG_3000,16/04/2024,Farm 2,section_B4,section_b4_55,3,31,3,double,99.9,73.78,5849.05,130.6538369,0.765008446,30.21,-3.04,11.09,42.16,72.71,74.98,1.13,27.33,0.97,1.29,-2.7,0.98,1.29,-0.34,0.99,61.54,-6.64,13.95,15.45
IMG_3001,16/04/2024,Farm 2,section_B4,section_b4_55,4,31,3,double,98.87,82.29,6494.65,126.58429,0.764507455,30.71,-4.58,10.2,60.26,68.7,76.11,1.12,27.25,0.97,1.27,-3.01,0.98,1.27,-0.47,0.99,61.6,-8.85,12.47,15.3
IMG_3002,16/04/2024,Farm 2,section_B4,section_b4_55,5,31,3,double,97.46,91.99,6984.46,121.1528118,0.763813645,40.47,-2.07,8.04,45.03,44,99.1,1.1,26,0.98,1.23,-2.7,0.98,1.23,-0.44,0.99,70.64,-5.26,9.45,10.81
IMG_3003,16/04/2024,Farm 2,section_B4,section_b4_55,6,31,3,double,93.54,78.7,6142.73,106.8803064,0.761834154,40.72,-2.91,8.56,48.12,44.27,99.1,1.13,26.73,0.97,1.27,-2.42,0.98,1.27,-0.36,0.99,72.74,-6.12,10.5,12.15
IMG_3004,16/04/2024,Farm 2,section_B4,section_b4_55,7,31,3,double,94.07,73.46,5504.38,108.7400657,0.762106283,38.08,-4.48,12.25,46.24,64.46,93.63,1.05,24.32,0.98,1.15,-2.8,0.98,1.15,-0.5,0.99,64.32,-7.97,13.58,15.75
IMG_3005,16/04/2024,Farm 2,section_B4,section_b4_55,8,31,3,double,91.95,80.06,5787.67,101.4295765,0.761009013,37.21,-4.38,13.71,44.32,73.47,91.85,1.09,25.3,0.98,1.22,-2.17,0.98,1.21,-0.7,0.99,66.01,-7.51,15.86,17.54
IMG_3006,16/04/2024,Farm 2,section_B4,section_b4_55,9,31,3,double,96.72,80.82,6145.33,118.3660102,0.763445747,34.6,-2.49,14.1,39.8,82.69,86.91,1.14,27.11,0.98,1.3,-2.15,0.98,1.29,-0.55,0.99,66.68,-5.37,17.66,18.46
IMG_3007,16/04/2024,Farm 2,section_B4,section_b4_55,10,31,3,double,113.36,101.81,9196.55,192.1879451,0.771145097,36.47,-3.34,8.65,48.53,47.51,88.3,1.17,27.05,0.98,1.3,-2.86,0.98,1.3,-0.28,0.99,69.66,-7.21,10.94,13.1
IMG_3008,16/04/2024,Farm 2,section_B4,section_b4_55,11,31,3,double,90.45,86.11,5934.15,96.46172796,0.760218233,35.14,-3.44,11.44,42.72,65.76,86.5,1.15,26.83,0.98,1.28,-2.89,0.98,1.27,-0.24,0.99,67.1,-7.3,14.34,16.09
IMG_3009,16/04/2024,Farm 2,section_B4,section_b4_55,12,31,3,double,105.48,88.92,7540.93,154.238243,0.767641205,35.89,-1.72,12.05,39.12,70.67,89.93,1.03,21.96,0.98,1.06,-2.41,0.97,1.08,-0.41,0.99,58.97,-4.24,12.61,13.31
IMG_3010,16/04/2024,Farm 2,section_B4,section_b4_55,13,31,3,double,97.16,94.36,7227.73,120.0177698,0.763664814,37.28,-4.2,8.52,52.13,46.41,90.27,1.03,23.6,0.98,1.12,-2.79,0.98,1.12,-0.81,0.99,61.91,-7.51,8.76,11.54
IMG_3011,16/04/2024,Farm 2,section_B4,section_b4_55,14,31,3,double,122.87,97.47,9411.23,245.7795884,0.775081852,37.07,-3.3,8.28,49.7,45.1,89.79,1.21,28.51,0.98,1.37,-3,0.98,1.36,-0.12,0.99,73.39,-7.54,11.15,13.46
IMG_3012,16/04/2024,Farm 2,section_B4,section_b4_55,15,31,3,double,99.81,81.83,6460.84,130.2947875,0.764964863,37.24,-1.5,13.86,34.25,77.3,93.91,1.17,26.85,0.98,1.3,-2.89,0.98,1.29,-0.26,0.99,70.45,-4.83,17.69,18.34
IMG_3013,16/04/2024,Farm 2,section_B4,section_b4_55,16,31,3,double,98.33,79.63,6272.87,124.4852126,0.764242842,34.5,-3.53,10.2,44.2,60.09,84.62,1.2,27.77,0.98,1.34,-2.66,0.98,1.34,-0.29,0.99,69.04,-7.39,13.35,15.26
IMG_3014,16/04/2024,Farm 2,section_B4,section_b4_55,17,31,3,double,97.55,84.3,6644.3,121.4947266,0.763858211,40.26,-1.83,14.92,35.39,78.1,101.95,1.2,28.42,0.97,1.36,-2.92,0.98,1.35,0.26,0.99,76.79,-5.42,20.39,21.09
IMG_3015,16/04/2024,Farm 2,section_B4,section_b4_55,18,31,3,double,101.57,74.08,6043.98,137.437476,0.765810541,34.67,-4.22,8.97,54.11,52.72,84.58,1.06,24.77,0.98,1.17,-2.89,0.98,1.17,-0.37,0.99,61.67,-7.84,10.08,12.77
IMG_3016,16/04/2024,Farm 2,section_B4,section_b4_55,19,31,3,double,94.23,89.68,6562.98,109.3057488,0.762188153,38.29,0.77,13.28,31.78,78.43,99.63,1.08,25.41,0.98,1.2,-2.83,0.98,1.19,-0.1,0.99,66.9,-1.91,15.73,15.85
IMG_3017,16/04/2024,Farm 2,section_B4,section_b4_55,20,31,3,double,96.79,69.22,5104.09,118.627761,0.763480661,36.28,-3.54,8.7,49.81,47.86,87.98,1.07,24.83,0.98,1.18,-2.86,0.98,1.17,-0.43,0.99,63.63,-7.04,9.76,12.03
IMG_3018,16/04/2024,Farm 2,section_B4,section_b4_55,21,31,3,double,109.54,77.45,6585.51,173.0902873,0.769476017,35.28,-5.71,9.71,59.19,59.22,86.87,1.09,25.65,0.98,1.21,-2.93,0.98,1.2,-0.44,0.99,63.96,-9.83,11.26,14.95
IMG_3019,16/04/2024,Farm 2,section_B4,section_b4_55,22,31,3,double,98.99,74.05,5794.72,127.0539615,0.764566074,30.43,-5.55,8.55,59.09,57.33,74.79,1.09,25.56,0.98,1.21,-2.93,0.98,1.21,-0.63,0.99,58.64,-9.63,9.69,13.67
IMG_3020,16/04/2024,Farm 2,section_B4,section_b4_55,23,31,3,double,99.02,88.31,6952.47,127.1715622,0.764580718,35.24,1.68,19.25,30.27,115.3,95.77,1.06,24.82,0.98,1.17,-2.78,0.98,1.16,-0.19,0.99,62.21,-0.83,22.19,22.2
IMG_3021,16/04/2024,Farm 2,section_B4,section_b4_55,24,31,3,double,88.41,69.89,5033.42,89.97178451,0.759122822,38.81,-0.43,10.58,31.05,60.94,97.66,1.07,25.04,0.98,1.18,-2.83,0.98,1.18,-0.36,0.99,66.59,-3.33,12.1,12.55
IMG_3022,16/04/2024,Farm 2,section_B4,section_b4_55,25,31,3,double,94.25,79.22,6069.28,109.3765981,0.762198378,38.3,-1.15,19.82,32.86,107.11,99.77,1.12,26.37,0.98,1.25,-2.99,0.98,1.24,-0.3,0.99,69.28,-4.43,24.34,24.74
IMG_3023,16/04/2024,Farm 2,section_B4,section_b4_55,26,31,3,double,109.59,81.35,6995.42,173.3316278,0.769498213,35.46,-4.07,8.22,51.97,47.07,85.85,1.16,27.2,0.98,1.3,-2.99,0.98,1.29,-0.2,0.99,68.22,-8.29,10.41,13.31
IMG_3024,16/04/2024,Farm 2,section_B4,section_b4_55,27,31,3,double,100.35,78.42,6361.72,132.4590676,0.765225808,35.26,-2.14,13.18,36.39,75.91,88.02,1.24,29.02,0.98,1.41,-2.99,0.98,1.4,0.26,0.99,72.9,-6.01,18.68,19.63
IMG_3025,16/04/2024,Farm 2,section_B4,section_b4_55,28,31,3,double,104.96,82.95,7029.9,151.9284011,0.767401442,36.32,-2.06,13.39,37.25,75.4,91.14,1.1,26.27,0.98,1.24,-2.83,0.98,1.23,-0.23,0.99,66.35,-5.37,16.21,17.07
IMG_3026,16/04/2024,Farm 2,section_B4,section_b4_55,29,31,3,double,102.59,78.55,6427.16,141.6950934,0.766294387,39.29,-2.8,12.51,40.29,67.15,98.15,1.11,26.06,0.98,1.24,-2.93,0.98,1.23,-0.36,0.99,69.6,-6.39,15.03,16.33
IMG_3027,16/04/2024,Farm 2,section_B4,section_b4_55,30,31,3,double,105.98,82.41,7064.36,156.4814039,0.767870705,31.91,-1.67,16.04,34.98,100.46,81.89,1.07,24.08,0.98,1.17,-2.23,0.98,1.16,-0.55,0.99,58.15,-4.18,18.11,18.59
IMG_3028,16/04/2024,Farm 2,section_B4,section_b4_55,31,31,3,double,91.87,78.37,5743.04,101.1603786,0.760967144,33.42,-1.29,13.03,36.09,79.88,84.9,1.09,25.96,0.98,1.22,-2.63,0.98,1.22,-0.27,0.99,62.55,-4.21,15.64,16.2
IMG_3029,16/04/2024,Farm 2,section_B4,section_b4_55,32,31,3,double,84.34,74.69,5127.26,77.91370585,0.75686475,35.09,-2.13,11.3,37.28,65.67,86.7,1.11,26.33,0.97,1.24,-2.89,0.98,1.24,-0.3,0.99,65.18,-5.54,13.68,14.76
