image_id,status,quality,rotation,orientation,n_patches,L_slope,L_intercept,L_r2,a_slope,a_intercept,a_r2,b_slope,b_intercept,b_r2,dE_before,dE_after,note
IMG_1909,calibrated,good,0°,4x6,24,0.94345,11.82568,0.9772,0.8319,-0.14661,0.9805,0.94759,-1.31789,0.9921,11.759,4.455,
IMG_2201,calibrated,good,0°,4x6,22,1.04188,20.8865,0.9775,1.07377,-1.19984,0.9824,1.07006,2.26354,0.9929,22.845,4.549,
IMG_2230,calibrated,good,0°,4x6,21,1.11257,22.2377,0.9841,1.14784,-2.17073,0.9824,1.13927,2.25314,0.9923,26.345,4.551,
IMG_2191,calibrated,good,0°,4x6,22,1.04975,20.53337,0.9815,1.06766,-1.99133,0.9813,1.06518,1.89629,0.9921,22.82,4.585,
IMG_2243,calibrated,good,0°,4x6,22,1.05156,20.89786,0.9837,1.07941,-2.06199,0.9811,1.07004,2.13039,0.9923,23.245,4.585,
IMG_2259,calibrated,good,0°,4x6,21,1.10042,22.15476,0.9837,1.13128,-1.81275,0.9814,1.12819,2.14634,0.9923,25.9,4.589,
IMG_2429,calibrated,good,0°,4x6,21,1.15403,23.99339,0.9866,1.20003,-1.84243,0.9821,1.20479,2.08615,0.9917,29.067,4.597,
IMG_1973,calibrated,good,0°,4x6,21,1.12492,23.42554,0.9824,1.16459,-1.85667,0.9816,1.16689,2.19598,0.9922,27.75,4.6,
IMG_2188,calibrated,good,0°,4x6,21,1.08952,21.31083,0.9795,1.1066,-1.98639,0.9816,1.10177,2.51299,0.9925,24.812,4.603,
IMG_2236,calibrated,good,0°,4x6,22,1.01448,19.9233,0.9785,1.03792,-1.35847,0.9817,1.02978,1.80818,0.992,21.049,4.607,
IMG_2269,calibrated,good,0°,4x6,21,1.11634,22.50962,0.9842,1.15157,-1.80219,0.9816,1.14603,2.24188,0.9919,26.702,4.607,
IMG_1992,calibrated,good,0°,4x6,22,1.04835,21.38348,0.9823,1.07688,-1.90988,0.9814,1.07692,1.69222,0.9915,23.572,4.616,
IMG_1974,calibrated,good,0°,4x6,21,1.10619,22.95074,0.9817,1.14387,-1.5848,0.9813,1.14536,2.18986,0.9922,26.793,4.619,
IMG_2195,calibrated,good,0°,4x6,21,1.08808,21.44592,0.9803,1.11503,-2.13964,0.9809,1.1008,2.51758,0.9927,24.914,4.62,
IMG_2194,calibrated,good,0°,4x6,21,1.09845,21.4,0.9814,1.11634,-2.21609,0.9811,1.10701,2.56606,0.9926,25.184,4.622,
IMG_2255,calibrated,good,0°,4x6,21,1.08633,22.06118,0.9836,1.1148,-2.14755,0.9808,1.10989,2.20156,0.9915,25.423,4.622,
IMG_2176,calibrated,good,0°,4x6,21,1.1085,21.83228,0.9808,1.13385,-2.15355,0.9812,1.12194,2.51479,0.9924,25.865,4.623,
IMG_2190,calibrated,good,0°,4x6,22,1.05681,20.92549,0.9811,1.07906,-2.01839,0.981,1.07271,2.25069,0.9922,23.425,4.629,
IMG_2248,calibrated,good,0°,4x6,21,1.14123,23.17203,0.9837,1.18052,-2.25808,0.9805,1.1739,2.2777,0.9921,27.987,4.629,
IMG_2449,calibrated,good,0°,4x6,21,1.11798,22.40797,0.9739,1.16008,-1.63603,0.9827,1.1556,1.96528,0.9926,26.621,4.629,
IMG_1968,calibrated,good,0°,4x6,21,1.13548,23.6049,0.9825,1.17183,-1.86367,0.9805,1.17789,2.19725,0.9921,28.208,4.637,
IMG_2197,calibrated,good,0°,4x6,21,1.10177,21.83998,0.9828,1.12547,-2.09203,0.9801,1.11681,2.51277,0.9923,25.683,4.638,
IMG_2437,calibrated,good,0°,4x6,21,1.13364,22.75236,0.9808,1.16643,-2.07391,0.9828,1.16517,1.98654,0.9921,27.369,4.638,
IMG_2262,calibrated,good,0°,4x6,21,1.07558,21.9792,0.9818,1.1071,-2.10671,0.9807,1.10149,2.15065,0.9919,25.001,4.64,
IMG_1960,calibrated,good,0°,4x6,21,1.09315,22.4926,0.9803,1.12306,-2.00638,0.9811,1.12603,1.936,0.9915,25.984,4.641,
IMG_2177,calibrated,good,0°,4x6,21,1.12267,22.32954,0.982,1.1507,-2.03509,0.9815,1.14285,2.49284,0.9922,26.704,4.642,
IMG_2180,calibrated,good,0°,4x6,21,1.10174,21.79287,0.9821,1.12716,-2.12846,0.9818,1.12102,2.10691,0.992,25.613,4.644,
IMG_2234,calibrated,good,0°,4x6,21,1.08431,21.33344,0.9805,1.10539,-2.06533,0.9818,1.0983,2.08716,0.992,24.68,4.648,
IMG_2257,calibrated,good,0°,4x6,21,1.10544,22.50505,0.9852,1.13608,-2.11839,0.9802,1.13347,2.21476,0.9917,26.393,4.648,
IMG_2178,calibrated,good,0°,4x6,21,1.14036,22.69013,0.9833,1.16959,-2.21616,0.9808,1.16071,2.58977,0.9923,27.545,4.65,
IMG_2435,calibrated,good,0°,4x6,21,1.09804,21.97623,0.9769,1.12451,-2.06455,0.9821,1.12253,2.0631,0.9927,25.638,4.651,
IMG_2184,calibrated,good,0°,4x6,21,1.11345,22.41338,0.9808,1.14661,-2.21608,0.9818,1.13915,2.29424,0.9921,26.512,4.652,
IMG_2263,calibrated,good,0°,4x6,21,1.14313,23.22488,0.9852,1.18163,-2.17687,0.9806,1.17986,2.26135,0.9924,28.106,4.653,
IMG_2436,calibrated,good,0°,4x6,21,1.17683,23.92853,0.9821,1.21855,-2.20516,0.9814,1.2162,2.22204,0.9924,29.593,4.657,
IMG_1972,calibrated,good,0°,4x6,21,1.05738,21.56935,0.9793,1.08093,-1.77374,0.9813,1.08111,2.02585,0.9913,24.053,4.659,
IMG_2261,calibrated,good,0°,4x6,21,1.13771,23.36955,0.9852,1.17441,-2.18762,0.9799,1.17091,2.51069,0.9921,28.087,4.661,
IMG_1967,calibrated,good,0°,4x6,21,1.13476,23.80072,0.9822,1.1761,-1.90356,0.9806,1.17987,2.23067,0.9919,28.357,4.663,
IMG_2196,calibrated,good,0°,4x6,21,1.18449,23.68401,0.9845,1.2228,-2.18768,0.9809,1.211,2.68147,0.9926,29.604,4.663,
IMG_2240,calibrated,good,0°,4x6,21,1.10909,22.59335,0.9846,1.14193,-2.14932,0.9805,1.13682,2.30634,0.9918,26.591,4.663,
IMG_1902,calibrated,good,0°,4x6,21,1.07615,22.25245,0.9717,1.13192,-1.38307,0.9828,1.12262,1.84027,0.9933,25.235,4.667,
IMG_2829,calibrated,good,0°,4x6,21,1.07161,23.82808,0.9871,1.14766,-2.33382,0.9827,1.14813,1.99905,0.99,26.671,4.667,
IMG_2198,calibrated,good,0°,4x6,21,1.16872,23.16996,0.9853,1.19762,-2.18349,0.9801,1.19349,2.62816,0.9924,28.767,4.668,
IMG_2444,calibrated,good,0°,4x6,21,1.09673,21.87757,0.9786,1.12156,-2.18897,0.9826,1.12077,1.99675,0.9922,25.515,4.669,
IMG_2823,calibrated,good,0°,4x6,21,1.08325,24.25713,0.9875,1.15991,-2.09116,0.9822,1.16369,2.18845,0.9901,27.396,4.67,
IMG_2238,calibrated,good,0°,4x6,21,1.10389,22.58986,0.9836,1.13914,-2.12326,0.9803,1.13345,2.23326,0.9917,26.408,4.673,
IMG_2235,calibrated,good,0°,4x6,22,1.04767,21.29692,0.9831,1.07619,-2.11934,0.9803,1.07068,2.06768,0.9915,23.518,4.674,
IMG_2227,calibrated,good,0°,4x6,21,1.15071,23.59891,0.9855,1.19004,-2.16093,0.9807,1.19007,2.33137,0.992,28.649,4.675,
IMG_2443,calibrated,good,0°,4x6,21,1.09784,21.86998,0.9777,1.12003,-2.11446,0.9812,1.11931,2.03094,0.9922,25.538,4.677,
IMG_2225,calibrated,good,0°,4x6,21,1.1525,23.27445,0.9854,1.18663,-2.09106,0.9807,1.18471,2.24153,0.9919,28.397,4.678,
IMG_2441,calibrated,good,0°,4x6,21,1.14202,23.02245,0.9799,1.17572,-2.10229,0.9824,1.17694,2.05825,0.9923,27.851,4.678,
IMG_2187,calibrated,good,0°,4x6,21,1.08707,21.40787,0.98,1.11066,-2.14067,0.9805,1.0986,2.50651,0.9923,24.834,4.679,
IMG_2226,calibrated,good,0°,4x6,21,1.08731,21.90798,0.9839,1.11602,-2.28682,0.9803,1.10621,2.33139,0.9913,25.325,4.684,
IMG_2239,calibrated,good,0°,4x6,21,1.10826,22.56355,0.9844,1.14108,-2.21994,0.9804,1.13566,2.31955,0.9916,26.545,4.691,
IMG_2840,calibrated,good,0°,4x6,21,1.04217,23.22746,0.9861,1.11748,-2.26868,0.9835,1.11495,1.82551,0.9894,25.228,4.692,
IMG_2684,calibrated,good,0°,4x6,21,1.16682,23.40522,0.9801,1.19968,-1.98395,0.9808,1.19776,2.43221,0.9925,28.872,4.693,
IMG_2183,calibrated,good,0°,4x6,21,1.17392,23.42438,0.984,1.20988,-2.31562,0.981,1.19892,2.63163,0.9922,29.1,4.699,
IMG_2205,calibrated,good,0°,4x6,21,1.15493,23.25641,0.9822,1.18868,-2.1128,0.9806,1.18397,2.50532,0.9924,28.435,4.701,
IMG_1959,calibrated,good,0°,4x6,21,1.12789,23.20755,0.9812,1.16585,-2.08624,0.9807,1.16331,2.20262,0.992,27.654,4.703,
IMG_2203,calibrated,good,0°,4x6,22,1.05702,20.90966,0.9784,1.08089,-1.95382,0.9808,1.0709,2.21341,0.9921,23.42,4.704,
IMG_2242,calibrated,good,0°,4x6,21,1.13533,23.24829,0.9842,1.17607,-2.19767,0.9801,1.16754,2.29344,0.9917,27.905,4.704,
IMG_2250,calibrated,good,0°,4x6,21,1.19449,24.17166,0.9864,1.23486,-1.85971,0.9798,1.23466,2.45484,0.9919,30.318,4.705,
IMG_2447,calibrated,good,0°,4x6,21,1.14909,23.17396,0.9797,1.18162,-2.20264,0.9822,1.18189,2.32571,0.9923,28.188,4.706,
IMG_1963,calibrated,good,0°,4x6,21,1.12741,23.32482,0.982,1.16138,-1.89127,0.9805,1.16307,2.25213,0.9915,27.742,4.707,
IMG_2445,calibrated,good,0°,4x6,21,1.12867,22.78748,0.9797,1.16291,-2.12738,0.982,1.15771,2.40343,0.9922,27.288,4.707,
IMG_2834,calibrated,good,0°,4x6,21,1.04562,23.15969,0.9878,1.11237,-2.34445,0.9827,1.11345,1.95697,0.9894,25.265,4.708,
IMG_2233,calibrated,good,0°,4x6,21,1.10283,22.62026,0.9846,1.13777,-2.09406,0.9798,1.13265,2.21632,0.9918,26.422,4.71,
IMG_1986,calibrated,good,0°,4x6,21,1.08891,22.42811,0.9821,1.11906,-2.11024,0.9792,1.11508,2.23713,0.9914,25.844,4.711,
IMG_2804,calibrated,good,0°,4x6,21,1.07568,23.83415,0.9857,1.15079,-2.29661,0.9832,1.14957,2.38019,0.9896,26.797,4.712,
IMG_1958,calibrated,good,0°,4x6,21,1.14012,23.60088,0.9817,1.17784,-2.08978,0.9805,1.18218,2.0237,0.9914,28.341,4.713,
IMG_2440,calibrated,good,0°,4x6,21,1.16677,23.49589,0.9796,1.19757,-2.20776,0.981,1.19605,2.49461,0.9926,28.954,4.713,
IMG_1982,calibrated,good,0°,4x6,21,1.1219,23.25052,0.9819,1.16063,-2.01816,0.9807,1.16185,1.92897,0.9916,27.52,4.714,
IMG_1988,calibrated,good,0°,4x6,21,1.07421,22.2524,0.9815,1.10484,-2.105,0.9803,1.10511,1.96355,0.9911,25.22,4.714,
IMG_2826,calibrated,good,0°,4x6,21,1.075,23.94753,0.9873,1.15096,-2.32447,0.9825,1.15394,1.90871,0.9899,26.875,4.714,
IMG_2991,calibrated,good,0°,4x6,21,1.02455,22.3651,0.9834,1.09251,-2.47431,0.984,1.08777,2.22057,0.9896,23.862,4.714,
IMG_2266,calibrated,good,0°,4x6,21,1.12029,23.01782,0.9846,1.15596,-1.87573,0.9797,1.15175,2.3556,0.9916,27.272,4.716,
IMG_2206,calibrated,good,0°,4x6,21,1.1707,23.51121,0.9827,1.20213,-2.09628,0.9796,1.19701,2.60802,0.9924,29.09,4.721,
IMG_2185,calibrated,good,0°,4x6,21,1.21105,24.27948,0.9851,1.25575,-2.28887,0.9804,1.24782,2.40208,0.9921,30.809,4.722,
IMG_2689,calibrated,good,0°,4x6,22,1.04437,21.29941,0.9793,1.07128,-2.04746,0.9804,1.06453,2.15654,0.9916,23.389,4.722,
IMG_2228,calibrated,good,0°,4x6,21,1.1199,22.89986,0.9853,1.15449,-2.13672,0.9803,1.15089,2.29564,0.9913,27.168,4.725,
IMG_2728,calibrated,good,0°,4x6,21,1.08071,22.2832,0.9773,1.11102,-1.97827,0.9804,1.11013,2.16606,0.992,25.403,4.725,
IMG_2795,calibrated,good,0°,4x6,21,1.02375,22.50583,0.9857,1.08866,-2.40871,0.9833,1.08471,1.90321,0.989,23.972,4.725,
IMG_1629,calibrated,good,0°,4x6,21,1.06229,23.76584,0.9861,1.13472,-2.37819,0.9828,1.13396,2.13989,0.9894,26.334,4.726,
IMG_2186,calibrated,good,0°,4x6,21,1.13011,22.13238,0.9773,1.16381,-1.26592,0.9811,1.15657,1.78176,0.9921,26.748,4.726,
IMG_2193,calibrated,good,0°,4x6,21,1.19731,23.98709,0.9848,1.23304,-2.1991,0.9797,1.22709,2.67337,0.9923,30.199,4.727,
IMG_2438,calibrated,good,0°,4x6,21,1.16061,23.51983,0.9812,1.19551,-2.12189,0.9806,1.1967,2.13173,0.9923,28.806,4.727,
IMG_2835,calibrated,good,0°,4x6,21,1.03045,22.65319,0.9865,1.093,-2.33583,0.9827,1.09256,1.95574,0.9891,24.334,4.727,
IMG_1953,calibrated,good,0°,4x6,21,1.05543,21.80089,0.9749,1.08723,-2.03506,0.981,1.08629,1.81552,0.9918,24.195,4.728,
IMG_2433,calibrated,good,0°,4x6,21,1.16175,23.19465,0.9806,1.19252,-2.14881,0.9814,1.1925,2.14826,0.9921,28.555,4.728,
IMG_1957,calibrated,good,0°,4x6,21,1.14826,23.82642,0.9821,1.18997,-2.03314,0.9808,1.18931,2.2702,0.9916,28.773,4.729,
IMG_2274,calibrated,good,0°,4x6,21,1.1761,23.89887,0.9856,1.21915,-2.22532,0.9796,1.21457,2.24598,0.9918,29.583,4.731,
IMG_2690,calibrated,good,0°,4x6,21,1.13238,23.28123,0.9809,1.17396,-2.14073,0.9815,1.16847,2.08335,0.9917,27.818,4.731,
IMG_2224,calibrated,good,0°,4x6,21,1.19006,24.22369,0.9867,1.23639,-2.19197,0.9793,1.23103,2.45834,0.9923,30.253,4.732,
IMG_2252,calibrated,good,0°,4x6,21,1.12777,23.09157,0.9851,1.17034,-2.15634,0.9803,1.16384,2.25166,0.9917,27.568,4.732,
IMG_2817,calibrated,good,0°,4x6,21,1.10088,24.7079,0.9883,1.18788,-2.31571,0.9815,1.18471,2.34393,0.9906,28.34,4.732,
IMG_2273,calibrated,good,0°,4x6,21,1.12903,23.39039,0.9844,1.1733,-2.33343,0.9803,1.16492,2.31086,0.9915,27.867,4.733,
IMG_2746,calibrated,good,0°,4x6,22,1.0117,20.48757,0.9721,1.03488,-1.45541,0.9808,1.03587,1.93009,0.9923,21.463,4.733,
IMG_2724,calibrated,good,0°,4x6,21,1.09543,22.76609,0.9787,1.13323,-2.07434,0.9807,1.12932,2.20275,0.9919,26.304,4.734,
IMG_2793,calibrated,good,0°,4x6,21,1.07968,24.23632,0.9871,1.16012,-2.14702,0.9825,1.16407,1.88793,0.9895,27.278,4.735,
IMG_1956,calibrated,good,0°,4x6,21,1.11063,22.95717,0.9798,1.14796,-2.02974,0.9806,1.14479,2.19366,0.9918,26.945,4.738,
IMG_2843,calibrated,good,0°,4x6,21,1.07562,24.04741,0.988,1.15366,-2.4207,0.9821,1.14688,2.46794,0.9896,27.025,4.739,
IMG_2726,calibrated,good,0°,4x6,21,1.12724,23.26893,0.9789,1.16464,-2.06551,0.9808,1.16105,2.37464,0.9921,27.669,4.74,
IMG_2738,calibrated,good,0°,4x6,21,1.14362,23.7378,0.9783,1.18169,-2.18946,0.9806,1.18322,2.34287,0.9923,28.538,4.74,
IMG_2794,calibrated,good,0°,4x6,21,1.08318,24.09261,0.9876,1.15885,-2.33238,0.9812,1.15732,2.33516,0.9897,27.266,4.74,
IMG_2453,calibrated,good,0°,4x6,21,1.13735,22.98997,0.9779,1.17102,-2.06768,0.9819,1.17111,2.03658,0.9923,27.692,4.741,
IMG_1980,calibrated,good,0°,4x6,21,1.10994,23.01226,0.9812,1.14442,-2.07287,0.9801,1.14284,2.32295,0.9915,26.974,4.744,
IMG_2231,calibrated,good,0°,4x6,21,1.16134,23.54005,0.9853,1.19828,-2.13135,0.9796,1.19559,2.47335,0.9918,28.887,4.744,
IMG_1987,calibrated,good,0°,4x6,21,1.08415,22.28454,0.9809,1.11133,-2.07863,0.98,1.10959,2.21338,0.9913,25.559,4.745,
IMG_2732,calibrated,good,0°,4x6,21,1.09427,22.57919,0.9774,1.12646,-2.11868,0.9808,1.12509,2.2624,0.9919,26.1,4.748,
IMG_2740,calibrated,good,0°,4x6,21,1.10053,22.84136,0.9786,1.13424,-2.16636,0.9801,1.13224,2.2746,0.9919,26.521,4.749,
IMG_1951,calibrated,good,0°,4x6,21,1.09185,22.61625,0.9755,1.12338,-1.89624,0.9806,1.1253,2.0105,0.992,26.054,4.75,
IMG_1979,calibrated,good,0°,4x6,21,1.10894,23.01678,0.9824,1.1433,-2.05453,0.9797,1.14324,2.27068,0.9914,26.967,4.75,
IMG_2816,calibrated,good,0°,4x6,21,1.11325,24.95116,0.9888,1.19829,-2.32476,0.9813,1.19857,2.3321,0.9905,28.903,4.75,
IMG_1981,calibrated,good,0°,4x6,21,1.10533,23.05512,0.9804,1.14035,-1.97001,0.9803,1.14173,2.14586,0.9912,26.868,4.755,
IMG_2697,calibrated,good,0°,4x6,21,1.17307,23.92711,0.9834,1.21394,-2.03248,0.9803,1.20807,2.49845,0.992,29.522,4.755,
IMG_1878,calibrated,good,0°,4x6,21,1.0899,22.11007,0.9673,1.14022,-1.46903,0.9842,1.12519,1.95697,0.9924,25.529,4.756,
IMG_2828,calibrated,good,0°,4x6,21,1.06967,23.77362,0.9873,1.14505,-2.40952,0.9827,1.14218,2.04046,0.9892,26.571,4.757,
IMG_1962,calibrated,good,0°,4x6,21,1.12167,23.35378,0.9807,1.16195,-1.99374,0.981,1.15978,2.27916,0.9912,27.613,4.76,
IMG_2782,calibrated,good,0°,4x6,21,1.07733,23.9527,0.9871,1.14881,-2.28729,0.982,1.15039,2.20085,0.9893,26.954,4.762,
IMG_2200,calibrated,good,0°,4x6,21,1.19953,24.02149,0.9852,1.23989,-2.20301,0.9789,1.23019,2.67583,0.9921,30.308,4.763,
IMG_2731,calibrated,good,0°,4x6,21,1.10898,22.95415,0.978,1.14728,-2.09523,0.9807,1.14318,2.35391,0.9921,26.88,4.763,
IMG_2818,calibrated,good,0°,4x6,21,1.11004,24.82397,0.9888,1.19526,-2.27559,0.9833,1.19818,1.98781,0.9898,28.681,4.763,
IMG_2204,calibrated,good,0°,4x6,21,1.16692,23.5438,0.9829,1.20173,-2.26429,0.9786,1.19322,2.64681,0.9919,29.035,4.765,
IMG_2431,calibrated,good,0°,4x6,21,1.15773,23.25822,0.9792,1.18743,-2.12995,0.9806,1.18852,2.13545,0.992,28.496,4.765,
IMG_2814,calibrated,good,0°,4x6,21,1.06865,23.76573,0.9871,1.14089,-2.25049,0.9819,1.14031,2.24183,0.9893,26.553,4.765,
IMG_2974,calibrated,good,0°,4x6,21,1.04263,23.20051,0.9825,1.12216,-2.33499,0.9845,1.12074,2.1387,0.9898,25.191,4.765,
IMG_1628,calibrated,good,0°,4x6,21,1.04669,23.29084,0.9858,1.11597,-2.48752,0.9825,1.11361,2.13135,0.9892,25.426,4.766,
IMG_2189,calibrated,good,0°,4x6,23,0.99798,19.43516,0.9791,0.99382,-1.55899,0.9698,1.01239,1.68464,0.9929,19.915,4.767,
IMG_2241,calibrated,good,0°,4x6,21,1.1253,23.12077,0.9835,1.1647,-2.24357,0.979,1.15511,2.42908,0.9919,27.515,4.769,
IMG_1954,calibrated,good,0°,4x6,21,1.15228,23.86086,0.9811,1.18982,-2.09898,0.9804,1.19568,2.00747,0.9915,28.898,4.774,
IMG_2381,calibrated,good,0°,4x6,21,1.06164,23.77603,0.984,1.15868,-1.72319,0.986,1.1558,1.70142,0.9888,26.325,4.774,
IMG_1984,calibrated,good,0°,4x6,21,1.17829,24.36119,0.9834,1.219,-2.03728,0.9789,1.22141,2.37219,0.9918,30.051,4.776,
IMG_2789,calibrated,good,0°,4x6,21,1.04672,23.30253,0.9857,1.11347,-2.14925,0.9822,1.11865,1.86506,0.9891,25.407,4.776,
IMG_2737,calibrated,good,0°,4x6,21,1.1088,23.23681,0.9767,1.16082,-1.80773,0.9793,1.15275,2.48374,0.9928,27.149,4.779,
IMG_2745,calibrated,good,0°,4x6,21,1.06221,21.82227,0.9757,1.08878,-1.97135,0.981,1.08755,2.18817,0.9921,24.428,4.78,
IMG_1641,calibrated,good,0°,4x6,21,1.09899,24.67878,0.9867,1.18106,-2.39088,0.9834,1.18705,1.94538,0.9893,28.237,4.781,
IMG_1989,calibrated,good,0°,4x6,21,1.14744,23.9555,0.9836,1.19371,-2.1277,0.9799,1.19054,2.30433,0.9917,28.877,4.783,
IMG_2747,calibrated,good,0°,4x6,21,1.06382,21.91689,0.9753,1.09154,-2.13075,0.9806,1.08894,2.20657,0.992,24.564,4.783,
IMG_1978,calibrated,good,0°,4x6,21,1.17391,24.33191,0.9835,1.22218,-2.18776,0.9794,1.22148,2.14474,0.9914,29.923,4.784,
IMG_1991,calibrated,good,0°,4x6,22,1.00801,20.06629,0.975,1.03493,-1.58325,0.9813,1.02617,1.77357,0.9915,20.979,4.785,
IMG_2831,calibrated,good,0°,4x6,21,1.09841,24.55616,0.9878,1.17992,-2.32383,0.9819,1.18345,2.07698,0.9899,28.128,4.786,
IMG_1970,calibrated,good,0°,4x6,21,1.17891,24.73488,0.9826,1.23095,-2.03923,0.9807,1.23123,2.21797,0.9915,30.383,4.787,
IMG_1976,calibrated,good,0°,4x6,21,1.15396,23.84854,0.9837,1.19541,-2.05413,0.9799,1.19232,2.30289,0.9914,28.953,4.795,
IMG_2260,calibrated,good,0°,4x6,21,1.14565,23.65379,0.9842,1.18452,-2.21424,0.9788,1.17891,2.54387,0.992,28.561,4.795,
IMG_2815,calibrated,good,0°,4x6,21,1.05981,23.51563,0.9868,1.12807,-2.37019,0.9817,1.12581,2.21814,0.9895,26.038,4.796,
IMG_1634,calibrated,good,0°,4x6,21,1.06209,23.86414,0.9859,1.13224,-2.10187,0.9823,1.1367,1.96509,0.9887,26.408,4.797,
IMG_2839,calibrated,good,0°,4x6,21,1.1012,24.79202,0.9879,1.18766,-2.15665,0.9819,1.18905,2.26718,0.9904,28.428,4.798,
IMG_2993,calibrated,good,0°,4x6,21,1.024,22.88645,0.9828,1.1014,-2.43826,0.984,1.09748,2.20594,0.9893,24.332,4.798,
IMG_2446,calibrated,good,0°,4x6,21,1.21535,24.64869,0.9831,1.25938,-1.99035,0.9811,1.26786,2.06022,0.9916,31.234,4.8,
IMG_2807,calibrated,good,0°,4x6,21,1.0787,24.24032,0.9873,1.15843,-2.25947,0.9819,1.15727,2.28458,0.9893,27.272,4.801,
IMG_1990,calibrated,good,0°,4x6,21,1.16862,24.3259,0.984,1.21287,-2.10745,0.9795,1.21016,2.43716,0.9914,29.764,4.802,
IMG_2264,calibrated,good,0°,4x6,21,1.1625,24.0397,0.9847,1.20763,-2.23899,0.9797,1.20339,2.3437,0.9915,29.351,4.802,
IMG_2157,calibrated,good,0°,4x6,21,1.19127,24.00365,0.9818,1.23573,-2.1733,0.9801,1.22811,2.34919,0.9923,30.078,4.806,
IMG_2832,calibrated,good,0°,4x6,21,1.10435,24.83534,0.9881,1.18649,-2.35113,0.9813,1.18945,2.1053,0.9896,28.544,4.809,
IMG_2809,calibrated,good,0°,4x6,21,1.0691,23.91331,0.9858,1.14344,-2.28323,0.982,1.1425,2.272,0.9894,26.679,4.811,
IMG_1763,calibrated,good,0°,4x6,21,1.03975,23.46566,0.9843,1.12271,-2.46413,0.9829,1.11574,1.96277,0.9891,25.381,4.816,
IMG_2454,calibrated,good,0°,4x6,21,1.08608,21.63781,0.9746,1.11999,-1.50923,0.9812,1.1117,2.11305,0.9922,24.981,4.816,
IMG_1769,calibrated,good,0°,4x6,21,1.03827,23.35268,0.984,1.11462,-2.41351,0.983,1.11075,2.11031,0.9889,25.225,4.818,
IMG_2182,calibrated,good,0°,4x6,21,1.19093,24.01149,0.9853,1.23169,-2.21833,0.9793,1.2224,2.71323,0.992,30.079,4.818,
IMG_2647,calibrated,good,0°,4x6,21,1.05471,21.03293,0.9721,1.07802,-1.48639,0.9809,1.07601,1.96083,0.9915,23.487,4.819,
IMG_2683,calibrated,good,0°,4x6,21,1.12527,23.10208,0.9821,1.16007,-2.25979,0.9799,1.15063,2.56194,0.9915,27.506,4.819,
IMG_1975,calibrated,good,0°,4x6,21,1.15906,24.154,0.9839,1.20203,-2.12095,0.9784,1.20186,2.37917,0.9915,29.379,4.821,
IMG_1971,calibrated,good,0°,4x6,22,1.04318,21.02679,0.9744,1.07037,-1.62426,0.9806,1.06409,2.15327,0.9916,23.097,4.823,
IMG_2247,calibrated,good,0°,4x6,21,1.22481,25.13292,0.9877,1.2825,-2.23031,0.9797,1.27095,2.83055,0.9915,31.907,4.823,
IMG_2680,calibrated,good,0°,4x6,21,1.18506,24.21167,0.9826,1.23007,-2.13192,0.9797,1.21924,2.72956,0.9921,30.1,4.823,
IMG_2791,calibrated,good,0°,4x6,22,1.00863,21.69978,0.9877,1.03127,-2.29052,0.965,1.04901,2.51341,0.9895,22.746,4.825,
IMG_2972,calibrated,good,0°,4x6,21,1.05759,23.55743,0.9816,1.13617,-2.04555,0.984,1.14246,1.9209,0.9893,25.96,4.825,
IMG_2504,calibrated,good,0°,4x6,21,1.09387,22.66623,0.9742,1.12572,-2.09906,0.9791,1.11857,2.464,0.9917,26.172,4.827,
IMG_1630,calibrated,good,0°,4x6,21,1.08915,24.71911,0.9866,1.17156,-2.09012,0.982,1.17782,1.93274,0.9894,27.989,4.828,
IMG_1985,calibrated,good,0°,4x6,21,1.1725,24.58559,0.9845,1.21611,-1.88035,0.9777,1.22005,2.36388,0.9912,30.101,4.828,
IMG_2685,calibrated,good,0°,4x6,21,1.13791,23.98382,0.9831,1.18039,-2.12544,0.9793,1.17696,2.40475,0.9911,28.622,4.828,
IMG_2783,calibrated,good,0°,4x6,21,1.08711,24.06,0.9873,1.15952,-2.40681,0.9817,1.1579,2.43775,0.9894,27.36,4.83,
IMG_2156,calibrated,good,0°,4x6,21,1.21399,24.43604,0.9822,1.26309,-2.16242,0.9794,1.24958,2.62459,0.9927,31.023,4.831,
IMG_2744,calibrated,good,0°,4x6,21,1.10483,22.98676,0.9778,1.14104,-2.20819,0.9797,1.13614,2.3069,0.9917,26.781,4.831,
IMG_2703,calibrated,good,0°,4x6,21,1.14381,23.83119,0.9807,1.18465,-2.223,0.9788,1.17807,2.4779,0.9915,28.64,4.832,
IMG_2199,calibrated,good,0°,4x6,21,1.21407,24.37239,0.9859,1.25991,-2.24415,0.9796,1.24791,2.66899,0.9917,30.984,4.833,
IMG_2687,calibrated,good,0°,4x6,21,1.12279,23.20788,0.9808,1.15417,-2.25669,0.9789,1.14887,2.5305,0.9914,27.515,4.834,
IMG_2249,calibrated,good,0°,4x6,21,1.22045,24.91654,0.987,1.27246,-2.14277,0.98,1.26878,2.47808,0.9914,31.597,4.837,
IMG_2448,calibrated,good,0°,4x6,22,1.07224,21.16843,0.9746,1.10579,-1.62563,0.9826,1.09684,1.86405,0.9914,24.094,4.837,
IMG_2811,calibrated,good,0°,4x6,21,1.05979,23.78202,0.9854,1.13573,-2.1724,0.9822,1.1347,2.15325,0.9892,26.287,4.837,
IMG_2741,calibrated,good,0°,4x6,21,1.18883,24.52049,0.9811,1.2295,-2.16672,0.9796,1.23042,2.50369,0.992,30.437,4.839,
IMG_1736,calibrated,good,0°,4x6,21,1.11514,25.11087,0.9866,1.20763,-2.36695,0.9809,1.20119,2.52238,0.9905,29.112,4.845,
IMG_2992,calibrated,good,0°,4x6,21,1.02797,23.06519,0.9831,1.10279,-2.49791,0.9833,1.09889,2.1819,0.9889,24.646,4.845,
IMG_2202,calibrated,good,0°,4x6,23,0.98758,19.39664,0.9777,0.98833,-1.81045,0.9671,0.99731,2.13248,0.993,19.603,4.848,
IMG_2985,calibrated,good,0°,4x6,21,1.03149,23.06248,0.9826,1.10813,-2.37686,0.9842,1.10928,2.0176,0.9893,24.735,4.851,
IMG_2253,calibrated,good,0°,4x6,21,1.22729,25.35921,0.9858,1.28353,-1.99758,0.9795,1.28109,2.65411,0.9912,32.154,4.853,
IMG_2734,calibrated,good,0°,4x6,21,1.14048,23.81502,0.9781,1.18042,-2.14716,0.9793,1.18133,2.40037,0.9921,28.545,4.857,
IMG_2833,calibrated,good,0°,4x6,21,1.03472,23.29547,0.9836,1.12281,-1.89054,0.9831,1.11894,1.81017,0.9885,25.08,4.86,
IMG_2181,calibrated,good,0°,4x6,21,1.21089,24.55315,0.9855,1.2587,-2.31998,0.9798,1.25186,2.47366,0.9916,31.054,4.861,
IMG_2359,calibrated,good,0°,4x6,21,1.19494,26.40531,0.9875,1.3083,-2.3501,0.9827,1.30163,2.41089,0.9907,32.343,4.861,
IMG_2173,calibrated,good,0°,4x6,21,1.10965,22.41307,0.9745,1.14707,-2.1949,0.9791,1.13008,2.72221,0.9929,26.449,4.864,
IMG_1627,calibrated,good,0°,4x6,21,1.12875,25.32643,0.9873,1.22285,-2.40754,0.9825,1.21922,2.2448,0.9898,29.662,4.865,
IMG_2432,calibrated,good,0°,4x6,21,1.20936,24.68994,0.9834,1.25906,-2.1706,0.9798,1.25591,2.35698,0.9918,31.116,4.865,
IMG_2941,calibrated,good,0°,4x6,21,1.04555,23.32498,0.9831,1.1366,-1.7367,0.9862,1.13181,1.90329,0.9883,25.423,4.866,
IMG_2707,calibrated,good,0°,4x6,21,1.16394,23.99009,0.9801,1.20027,-1.889,0.9794,1.20102,2.40413,0.9917,29.319,4.868,
IMG_2701,calibrated,good,0°,4x6,21,1.10806,23.12723,0.9778,1.13973,-2.0656,0.9789,1.13601,2.45643,0.9912,27.033,4.87,
IMG_2580,calibrated,good,0°,4x6,21,1.07042,21.46853,0.9688,1.10226,-1.67937,0.9819,1.09206,2.17099,0.9916,24.334,4.872,
IMG_1624,calibrated,good,0°,4x6,21,1.12052,25.41113,0.9874,1.21316,-2.17028,0.9816,1.215,2.01008,0.9892,29.517,4.875,
IMG_2995,calibrated,good,0°,4x6,21,1.03817,23.12941,0.9809,1.12042,-2.41895,0.9846,1.11859,2.08077,0.9895,24.995,4.875,
IMG_2544,calibrated,good,0°,4x6,21,1.12097,23.16159,0.9766,1.15804,-2.12501,0.9805,1.15261,2.3699,0.9917,27.39,4.877,
IMG_2232,calibrated,good,0°,4x6,21,1.23231,25.40692,0.9878,1.29243,-2.31404,0.9787,1.28394,2.58515,0.9913,32.32,4.878,
IMG_1751,calibrated,good,0°,4x6,21,1.02942,23.38851,0.9814,1.11506,-1.79431,0.9836,1.11746,1.76854,0.988,24.949,4.881,
IMG_1824,calibrated,good,0°,4x6,22,1.04854,21.13273,0.9719,1.07859,-1.22767,0.9787,1.07421,1.92056,0.9913,23.336,4.881,
IMG_2988,calibrated,good,0°,4x6,21,1.12781,25.44183,0.9836,1.23206,-2.11857,0.9833,1.22918,2.43802,0.9904,29.758,4.881,
IMG_1760,calibrated,good,0°,4x6,21,1.03791,23.57515,0.9829,1.11489,-2.27605,0.9822,1.11466,1.96501,0.9884,25.43,4.882,
IMG_2434,calibrated,good,0°,4x6,21,1.22696,24.88324,0.9833,1.27745,-2.24564,0.9814,1.276,2.21204,0.9913,31.709,4.882,
IMG_2677,calibrated,good,0°,4x6,21,1.25455,25.49053,0.9876,1.31687,-2.14027,0.9806,1.30869,2.61594,0.9912,32.911,4.882,
IMG_1759,calibrated,good,0°,4x6,21,1.0401,23.53652,0.983,1.11748,-2.36475,0.9831,1.11384,2.07157,0.9885,25.476,4.883,
IMG_2743,calibrated,good,0°,4x6,21,1.1063,22.54033,0.9741,1.14731,-1.57014,0.9804,1.13383,2.23325,0.9922,26.414,4.884,
IMG_2265,calibrated,good,0°,4x6,21,1.21475,25.24161,0.9866,1.27495,-2.29157,0.9789,1.26869,2.54567,0.9913,31.758,4.885,
IMG_2696,calibrated,good,0°,4x6,21,1.19398,24.33074,0.9826,1.23453,-2.06388,0.9792,1.23086,2.50945,0.9914,30.417,4.885,
IMG_2808,calibrated,good,0°,4x6,21,1.06074,23.71496,0.9843,1.13563,-2.26786,0.9828,1.13478,2.15184,0.9891,26.261,4.885,
IMG_1828,calibrated,good,0°,4x6,21,1.13013,23.19611,0.9748,1.16552,-1.97016,0.9801,1.16085,2.35511,0.9918,27.713,4.886,
IMG_2254,calibrated,good,0°,4x6,21,1.19889,24.88759,0.9857,1.24941,-2.25718,0.9784,1.24621,2.42455,0.9914,31.038,4.886,
IMG_2699,calibrated,good,0°,4x6,21,1.2144,24.78428,0.9832,1.26115,-2.11484,0.9799,1.25494,2.71981,0.9915,31.337,4.887,
IMG_2980,calibrated,good,0°,4x6,21,1.04525,23.41107,0.9812,1.13065,-2.55683,0.984,1.12559,2.18409,0.9895,25.494,4.887,
IMG_2672,calibrated,good,0°,4x6,21,1.27874,26.0661,0.9875,1.3445,-2.13914,0.9801,1.3392,2.60403,0.991,33.929,4.888,
IMG_1952,calibrated,good,0°,4x6,21,1.19372,25.02987,0.9821,1.24481,-1.88783,0.9797,1.24662,2.35375,0.9912,31.027,4.896,
IMG_2192,calibrated,good,0°,4x6,23,0.99191,19.18934,0.9803,0.98147,-1.52238,0.9675,0.99908,1.81238,0.992,19.528,4.896,
IMG_1753,calibrated,good,0°,4x6,21,1.06297,24.32412,0.983,1.1517,-2.29197,0.9823,1.15386,1.88107,0.9886,26.872,4.898,
IMG_1761,calibrated,good,0°,4x6,21,1.04986,23.79715,0.9834,1.12722,-2.28481,0.9822,1.12841,2.01641,0.9884,25.986,4.899,
IMG_2755,calibrated,good,0°,4x6,21,1.08881,21.83544,0.9694,1.1287,-1.56694,0.982,1.11578,2.19691,0.9916,25.258,4.9,
IMG_2268,calibrated,good,0°,4x6,21,1.22496,25.423,0.9866,1.28102,-2.09134,0.9789,1.28267,2.33525,0.9909,32.15,4.902,
IMG_1642,calibrated,good,0°,4x6,21,1.11287,25.27193,0.9858,1.20528,-2.50207,0.9822,1.20477,2.12461,0.9893,29.181,4.905,
IMG_1823,calibrated,good,0°,4x6,22,1.04807,21.07571,0.9718,1.08161,-1.24374,0.9813,1.07496,1.73531,0.9916,23.244,4.906,
IMG_2510,calibrated,good,0°,4x6,21,1.13556,23.48835,0.9735,1.17214,-1.93984,0.9797,1.16814,2.441,0.992,28.093,4.906,
IMG_2827,calibrated,good,0°,4x6,21,1.15334,25.97117,0.9878,1.25813,-2.22249,0.9819,1.25306,2.42971,0.9902,30.9,4.907,
IMG_1905,calibrated,good,0°,4x6,21,1.116,23.57738,0.9718,1.17143,-1.88412,0.9792,1.159,2.66608,0.9931,27.652,4.908,
IMG_2989,calibrated,good,0°,4x6,21,1.07517,24.10667,0.9814,1.16237,-2.43786,0.9838,1.16281,2.20832,0.9893,27.037,4.908,
IMG_1625,calibrated,good,0°,4x6,21,1.12734,25.62109,0.9871,1.22168,-2.28777,0.9818,1.22294,2.05911,0.9889,29.883,4.91,
IMG_2245,calibrated,good,0°,4x6,21,1.24666,25.52443,0.9869,1.30475,-1.9757,0.9801,1.30442,2.33156,0.9911,32.762,4.911,
IMG_2366,calibrated,good,0°,4x6,21,1.22269,26.88436,0.9874,1.33853,-2.23716,0.9833,1.33582,2.38457,0.9903,33.414,4.911,
IMG_2603,calibrated,good,0°,4x6,21,1.09463,22.44249,0.9653,1.14011,-1.56794,0.9783,1.12873,2.14343,0.9921,25.976,4.911,
IMG_1758,calibrated,good,0°,4x6,22,1.01202,21.64175,0.9846,1.03719,-2.12367,0.9661,1.05341,2.15031,0.9886,22.78,4.912,
IMG_2174,calibrated,good,0°,4x6,21,1.15032,22.64829,0.9744,1.17925,-1.30523,0.9806,1.18142,2.03859,0.9922,27.791,4.912,
IMG_2270,calibrated,good,0°,4x6,21,1.23676,25.44619,0.9875,1.29397,-2.24219,0.9789,1.29256,2.4628,0.991,32.451,4.913,
IMG_2376,calibrated,good,0°,4x6,21,1.13426,25.04992,0.9856,1.23156,-2.35352,0.983,1.22462,2.21073,0.9898,29.578,4.913,
IMG_2729,calibrated,good,0°,4x6,21,1.18228,24.74046,0.9774,1.23396,-2.09924,0.9788,1.23289,2.43019,0.9924,30.484,4.914,
IMG_2267,calibrated,good,0°,4x6,21,1.24549,25.15698,0.9864,1.29692,-2.2902,0.9795,1.29188,2.4393,0.9912,32.398,4.915,
IMG_2489,calibrated,good,0°,4x6,21,1.12584,23.60496,0.9736,1.16248,-1.88559,0.9798,1.1633,2.33692,0.9917,27.927,4.916,
IMG_1966,calibrated,good,0°,4x6,21,1.2343,25.52121,0.9828,1.28562,-2.01202,0.9808,1.29317,2.263,0.9911,32.455,4.917,
IMG_2648,calibrated,good,0°,4x6,21,1.08189,21.57734,0.9738,1.11313,-1.60257,0.9785,1.10006,2.24725,0.9911,24.842,4.917,
IMG_1969,calibrated,good,0°,4x6,21,1.07713,22.26518,0.9703,1.12035,-1.25992,0.98,1.11046,1.7421,0.9917,25.26,4.918,
IMG_2375,calibrated,good,0°,4x6,21,1.13134,25.32171,0.9865,1.21929,-2.30985,0.9811,1.21857,2.49053,0.9895,29.748,4.918,
IMG_2717,calibrated,good,0°,4x6,22,1.07292,21.8466,0.9696,1.12234,-1.41053,0.9824,1.10886,1.75459,0.9921,24.735,4.918,
IMG_2733,calibrated,good,0°,4x6,21,1.21104,25.21103,0.982,1.26366,-2.26949,0.9805,1.26275,2.61815,0.992,31.614,4.919,
IMG_2682,calibrated,good,0°,4x6,21,1.19903,24.44582,0.9846,1.24036,-2.39366,0.9786,1.23155,2.82017,0.9911,30.658,4.922,
IMG_2179,calibrated,good,0°,4x6,21,1.10041,21.66035,0.9758,1.13568,-1.33569,0.9803,1.12515,1.82032,0.9915,25.462,4.923,
IMG_2736,calibrated,good,0°,4x6,21,1.13035,23.59317,0.9748,1.18522,-1.31345,0.9805,1.1794,2.09703,0.9923,28.064,4.923,
IMG_2399,calibrated,good,0°,4x6,21,1.12589,25.41851,0.9882,1.21872,-2.28976,0.9796,1.21284,2.54462,0.9899,29.707,4.924,
IMG_1757,calibrated,good,0°,4x6,21,1.11839,25.38175,0.9843,1.21932,-2.34141,0.9824,1.21511,2.16314,0.9894,29.429,4.925,
IMG_2380,calibrated,good,0°,4x6,21,1.13767,25.46339,0.9876,1.23418,-2.37078,0.981,1.22792,2.50013,0.9902,30.059,4.925,
IMG_1965,calibrated,good,0°,4x6,21,1.17459,24.68814,0.9823,1.22211,-1.98238,0.9783,1.22254,2.42946,0.9914,30.251,4.926,
IMG_2377,calibrated,good,0°,4x6,21,1.14913,25.7982,0.9877,1.25033,-2.38483,0.9811,1.24288,2.63905,0.9905,30.656,4.926,
IMG_2982,calibrated,good,0°,4x6,21,1.07431,24.42821,0.9825,1.16915,-2.43506,0.9822,1.16643,2.25088,0.9896,27.324,4.928,
IMG_1837,calibrated,good,0°,4x6,22,1.06173,21.22876,0.9719,1.09068,-1.41353,0.98,1.08397,1.86465,0.9915,23.853,4.929,
IMG_1826,calibrated,good,0°,4x6,21,1.10647,22.95866,0.9713,1.14537,-2.05774,0.9797,1.13993,2.2179,0.992,26.826,4.93,
IMG_2271,calibrated,good,0°,4x6,21,1.23382,25.54444,0.987,1.29341,-2.13944,0.9799,1.29176,2.43134,0.9909,32.475,4.932,
IMG_1765,calibrated,good,0°,4x6,21,1.03002,23.28849,0.9831,1.10629,-2.28339,0.9821,1.10377,2.01876,0.9886,24.916,4.933,
IMG_2244,calibrated,good,0°,4x6,21,1.25186,25.47682,0.9868,1.30344,-2.03661,0.979,1.30118,2.71088,0.9914,32.849,4.933,
IMG_2976,calibrated,good,0°,4x6,21,1.06227,23.95231,0.9816,1.14627,-2.05324,0.9834,1.14918,2.23203,0.9889,26.508,4.933,
IMG_2613,calibrated,good,0°,4x6,21,1.11343,23.48791,0.9744,1.15761,-1.81975,0.9788,1.15418,2.3276,0.992,27.487,4.934,
IMG_1636,calibrated,good,0°,4x6,21,1.12316,25.53149,0.9868,1.22183,-2.56988,0.9822,1.21686,2.20015,0.9892,29.701,4.937,
IMG_1768,calibrated,good,0°,4x6,21,1.08463,24.86192,0.9828,1.17654,-2.36493,0.9815,1.1776,2.18646,0.9891,28.03,4.938,
IMG_2170,calibrated,good,0°,4x6,21,1.12931,23.00364,0.9736,1.17002,-2.00604,0.9796,1.15725,2.61325,0.9928,27.512,4.938,
IMG_2751,calibrated,good,0°,4x6,21,1.12168,23.49059,0.9678,1.1722,-1.92861,0.9798,1.16449,2.34547,0.9924,27.716,4.941,
IMG_1637,calibrated,good,0°,4x6,21,1.13096,25.82743,0.9868,1.23311,-2.47122,0.9823,1.22979,2.2113,0.9897,30.18,4.942,
IMG_1639,calibrated,good,0°,4x6,21,1.17324,26.45181,0.9869,1.28118,-2.41587,0.9832,1.28294,2.1795,0.9895,31.829,4.942,
IMG_2651,calibrated,good,0°,4x6,21,1.12067,23.20727,0.9728,1.15588,-1.98135,0.9789,1.15521,2.18092,0.9917,27.418,4.944,
IMG_1964,calibrated,good,0°,4x6,21,1.20118,25.15555,0.9837,1.25292,-2.02219,0.9786,1.25158,2.58435,0.9913,31.337,4.945,
IMG_2496,calibrated,good,0°,4x6,21,1.08652,22.8965,0.9736,1.12109,-1.90159,0.9786,1.11792,2.36452,0.9913,26.162,4.945,
IMG_2362,calibrated,good,0°,4x6,21,1.20544,26.68683,0.9872,1.3218,-2.35073,0.982,1.3132,2.54255,0.9904,32.854,4.946,
IMG_2439,calibrated,good,0°,4x6,21,1.17033,23.49417,0.972,1.22299,-1.64945,0.981,1.20865,2.35432,0.9922,29.088,4.946,
IMG_2821,calibrated,good,0°,4x6,22,1.02034,21.96137,0.985,1.0443,-2.38237,0.9665,1.06121,2.2194,0.9884,23.361,4.946,
IMG_1766,calibrated,good,0°,4x6,21,1.08374,24.55279,0.9825,1.17108,-2.3496,0.983,1.17017,2.17366,0.9889,27.697,4.947,
IMG_2101,calibrated,good,0°,4x6,22,1.05285,21.07732,0.9679,1.07965,-1.80014,0.9803,1.07212,2.12698,0.9923,23.421,4.947,
IMG_2646,calibrated,good,0°,4x6,21,1.0929,22.56124,0.9716,1.12555,-2.05312,0.979,1.11912,2.45506,0.9918,26.056,4.947,
IMG_1815,calibrated,good,0°,4x6,21,1.16575,23.82603,0.9754,1.20966,-1.6652,0.9791,1.20204,2.37907,0.9919,29.287,4.948,
IMG_2345,calibrated,good,0°,4x6,21,1.21035,26.77046,0.9881,1.32277,-2.44662,0.9817,1.31606,2.62484,0.9905,33.031,4.948,
IMG_2662,calibrated,good,0°,4x6,21,1.12468,23.41729,0.9721,1.16898,-2.01028,0.9804,1.16496,2.02654,0.9915,27.723,4.948,
IMG_1829,calibrated,good,0°,4x6,21,1.1348,23.38616,0.9719,1.17138,-2.01142,0.9794,1.1615,2.72176,0.9921,28.021,4.949,
IMG_2349,calibrated,good,0°,4x6,21,1.22798,27.07183,0.9876,1.34634,-2.31967,0.9819,1.3399,2.56618,0.9901,33.712,4.949,
IMG_2663,calibrated,good,0°,4x6,21,1.12483,23.3439,0.9739,1.16415,-2.14792,0.9793,1.15835,2.38353,0.9918,27.67,4.949,
IMG_1767,calibrated,good,0°,4x6,21,1.07196,24.54031,0.9834,1.16184,-2.39685,0.9816,1.15886,2.18953,0.9888,27.359,4.95,
IMG_1805,calibrated,good,0°,4x6,21,1.14827,23.04321,0.9674,1.1895,-1.63654,0.9808,1.17812,1.98727,0.9916,28.094,4.95,
IMG_1822,calibrated,good,0°,4x6,21,1.09839,22.78568,0.971,1.13487,-1.98003,0.9794,1.12907,2.23406,0.9918,26.434,4.951,
IMG_1955,calibrated,good,0°,4x6,21,1.22376,25.57471,0.9831,1.27832,-2.16281,0.9791,1.28176,2.54008,0.991,32.257,4.951,
IMG_1961,calibrated,good,0°,4x6,21,1.24961,25.89041,0.9837,1.31259,-2.06964,0.9809,1.31578,2.16008,0.9909,33.162,4.951,
IMG_2353,calibrated,good,0°,4x6,21,1.22293,26.93661,0.9867,1.33644,-2.28937,0.9822,1.33331,2.5412,0.9901,33.459,4.951,
IMG_2787,calibrated,good,0°,4x6,21,1.17184,26.38765,0.9879,1.27571,-2.14114,0.9816,1.27402,2.55523,0.9902,31.731,4.951,
IMG_1764,calibrated,good,0°,4x6,21,1.09838,25.09793,0.9832,1.19479,-2.33873,0.9826,1.1926,2.15148,0.9889,28.613,4.952,
IMG_2246,calibrated,good,0°,4x6,21,1.24457,25.81954,0.987,1.3057,-2.13041,0.9804,1.30633,2.45197,0.9907,32.955,4.952,
IMG_2836,calibrated,good,0°,4x6,21,1.03293,23.28084,0.9833,1.10839,-1.94815,0.982,1.1138,1.96515,0.9883,25.027,4.952,
IMG_2347,calibrated,good,0°,4x6,21,1.22317,26.89356,0.9873,1.341,-2.41328,0.9825,1.33156,2.62397,0.9905,33.45,4.954,
IMG_2693,calibrated,good,0°,4x6,21,1.25374,25.5259,0.9839,1.30574,-2.07552,0.9802,1.30164,2.6462,0.9911,32.904,4.954,
IMG_2801,calibrated,good,0°,4x6,21,1.12959,25.30643,0.9864,1.2182,-2.43355,0.9815,1.21697,2.54895,0.9899,29.693,4.954,
IMG_2704,calibrated,good,0°,4x6,21,1.15225,24.40252,0.9794,1.19537,-2.01955,0.9787,1.19361,2.42719,0.9912,29.381,4.955,
IMG_2725,calibrated,good,0°,4x6,21,1.20526,25.06395,0.9807,1.25524,-2.19605,0.9796,1.25582,2.5636,0.992,31.339,4.955,
IMG_2805,calibrated,good,0°,4x6,21,1.1328,25.60025,0.9871,1.23244,-2.27352,0.9818,1.22798,2.44575,0.9897,30.045,4.955,
IMG_2977,calibrated,good,0°,4x6,21,1.05596,23.8143,0.9808,1.14594,-2.55833,0.9833,1.14029,2.32615,0.9893,26.22,4.955,
IMG_1834,calibrated,good,0°,4x6,21,1.14614,23.69143,0.9729,1.18505,-2.13061,0.9799,1.17956,2.41859,0.9921,28.618,4.957,
IMG_2172,calibrated,good,0°,4x6,21,1.16454,23.72301,0.9769,1.20763,-2.07794,0.9788,1.1943,2.59927,0.9923,29.133,4.957,
IMG_2272,calibrated,good,0°,4x6,21,1.23552,25.49678,0.9868,1.28921,-1.89026,0.9779,1.29087,2.56008,0.991,32.463,4.957,
IMG_2098,calibrated,good,0°,4x6,21,1.132,22.85249,0.9657,1.16313,-1.7295,0.9797,1.1606,2.19,0.9922,27.414,4.958,
IMG_2351,calibrated,good,0°,4x6,21,1.22716,27.03876,0.987,1.34834,-2.35078,0.9826,1.33953,2.62166,0.9902,33.674,4.959,
IMG_1821,calibrated,good,0°,4x6,21,1.09924,22.82208,0.9705,1.13918,-2.07896,0.9793,1.1244,2.65426,0.9922,26.52,4.96,
IMG_2996,calibrated,good,0°,4x6,21,1.12111,25.32405,0.9826,1.22557,-2.44234,0.9837,1.22217,2.27554,0.9893,29.464,4.96,
IMG_1983,calibrated,good,0°,4x6,21,1.20107,25.10417,0.9844,1.25092,-2.12666,0.9782,1.25129,2.5084,0.991,31.298,4.961,
IMG_1901,calibrated,good,0°,4x6,21,1.13703,24.01469,0.9732,1.19494,-1.83409,0.9787,1.18941,2.24211,0.9928,28.648,4.962,
IMG_2364,calibrated,good,0°,4x6,21,1.22766,27.06621,0.9873,1.34582,-2.34756,0.9822,1.34121,2.54235,0.9903,33.695,4.962,
IMG_2501,calibrated,good,0°,4x6,21,1.12837,23.78213,0.9734,1.16485,-1.98381,0.9784,1.16649,2.42788,0.9918,28.172,4.962,
IMG_2987,calibrated,good,0°,4x6,21,1.06909,23.99799,0.9804,1.15861,-2.39799,0.9834,1.15783,2.16825,0.9893,26.766,4.962,
IMG_2158,calibrated,good,0°,4x6,21,1.19686,23.99716,0.9813,1.23702,-2.21545,0.9783,1.2225,2.77287,0.9921,30.226,4.965,
IMG_2512,calibrated,good,0°,4x6,21,1.10168,22.815,0.9681,1.13909,-1.78686,0.98,1.13651,2.24488,0.9923,26.519,4.965,
IMG_2739,calibrated,good,0°,4x6,21,1.23276,25.54481,0.9812,1.28506,-2.2538,0.9797,1.28538,2.69122,0.9919,32.424,4.965,
IMG_1752,calibrated,good,0°,4x6,21,1.08649,24.61656,0.9842,1.17772,-2.54336,0.9821,1.17296,2.13718,0.9888,27.857,4.966,
IMG_2822,calibrated,good,0°,4x6,21,1.18327,26.8341,0.9881,1.29616,-2.22041,0.9816,1.29562,2.51657,0.9903,32.433,4.967,
IMG_1906,calibrated,good,0°,4x6,21,1.13528,23.90388,0.9712,1.19007,-1.72903,0.979,1.18711,2.28586,0.9927,28.492,4.968,
IMG_2700,calibrated,good,0°,4x6,21,1.18629,24.96702,0.9828,1.23282,-2.20772,0.9785,1.22698,2.6447,0.991,30.771,4.968,
IMG_2799,calibrated,good,0°,4x6,21,1.16236,26.17037,0.9876,1.26322,-2.4927,0.9813,1.25721,2.71324,0.9899,31.305,4.968,
IMG_2091,calibrated,good,0°,4x6,22,1.08009,21.417,0.9697,1.11224,-1.11899,0.9817,1.10821,2.01844,0.9926,24.567,4.969,
IMG_2486,calibrated,good,0°,4x6,21,1.12444,23.91617,0.9742,1.16482,-2.09785,0.9786,1.16371,2.42426,0.9916,28.185,4.97,
IMG_2615,calibrated,good,0°,4x6,21,1.15257,23.85226,0.9743,1.18985,-1.8977,0.9794,1.18883,2.38767,0.9917,28.894,4.97,
IMG_2812,calibrated,good,0°,4x6,21,1.16728,26.2676,0.9878,1.27592,-2.34152,0.9821,1.26732,2.5435,0.9901,31.52,4.97,
IMG_2378,calibrated,good,0°,4x6,21,1.15456,25.86478,0.9869,1.25582,-2.44641,0.9812,1.24979,2.6372,0.9902,30.853,4.972,
IMG_2468,calibrated,good,0°,4x6,21,1.09871,22.32797,0.97,1.15494,-1.55944,0.9811,1.13403,2.00443,0.9916,26.001,4.972,
IMG_2786,calibrated,good,0°,4x6,23,0.93086,19.08216,0.9867,0.92185,-2.57523,0.9626,0.94101,2.34018,0.9879,17.659,4.972,
IMG_2396,calibrated,good,0°,4x6,21,1.14852,25.67409,0.9879,1.24443,-2.42802,0.9806,1.24075,2.44939,0.9896,30.529,4.978,
IMG_2785,calibrated,good,0°,4x6,21,1.13866,25.71631,0.9877,1.23595,-2.27558,0.9813,1.23635,2.268,0.9895,30.291,4.978,
IMG_2398,calibrated,good,0°,4x6,21,1.17725,26.48547,0.9886,1.28613,-2.28547,0.9808,1.27591,2.71136,0.99,31.973,4.979,
IMG_2802,calibrated,good,0°,4x6,21,1.15216,26.00977,0.9877,1.25424,-2.24285,0.9816,1.24821,2.60492,0.9897,30.912,4.979,
IMG_2819,calibrated,good,0°,4x6,21,1.15961,26.17005,0.9876,1.26135,-2.15385,0.9813,1.26043,2.4749,0.9893,31.232,4.979,
IMG_2339,calibrated,good,0°,4x6,21,1.23208,27.22868,0.9876,1.35277,-2.49234,0.982,1.34549,2.70374,0.9905,33.945,4.98,
IMG_2344,calibrated,good,0°,4x6,21,1.22152,26.72149,0.9883,1.33781,-2.50495,0.9818,1.32427,2.63987,0.9911,33.273,4.98,
IMG_2503,calibrated,good,0°,4x6,22,1.03732,21.25331,0.9723,1.06479,-1.3645,0.9795,1.05968,1.99629,0.9913,23.088,4.98,
IMG_2665,calibrated,good,0°,4x6,21,1.14117,23.66638,0.9724,1.18326,-2.18456,0.9788,1.17849,2.18884,0.9916,28.412,4.98,
IMG_2727,calibrated,good,0°,4x6,21,1.22917,25.64287,0.9816,1.28759,-2.24622,0.98,1.28529,2.59475,0.9915,32.415,4.98,
IMG_2335,calibrated,good,0°,4x6,21,1.23877,27.25086,0.9882,1.36076,-2.45096,0.982,1.34967,2.72839,0.9904,34.103,4.981,
IMG_2584,calibrated,good,0°,4x6,21,1.12039,23.17361,0.9666,1.16563,-2.02932,0.9797,1.15552,2.5327,0.993,27.407,4.981,
IMG_2723,calibrated,good,0°,4x6,21,1.21207,25.11614,0.9811,1.2634,-2.04166,0.9803,1.26123,2.40773,0.9912,31.546,4.982,
IMG_1626,calibrated,good,0°,4x6,21,1.20903,27.35499,0.9875,1.33153,-2.28924,0.9826,1.33147,2.31083,0.9896,33.501,4.985,
IMG_2790,calibrated,good,0°,4x6,23,1.00033,21.4182,0.986,1.02809,-2.29429,0.9624,1.04078,2.2071,0.9885,22.21,4.985,
IMG_2442,calibrated,good,0°,4x6,21,1.26124,25.48932,0.9834,1.30854,-2.24373,0.9801,1.3096,2.65785,0.9912,33.05,4.986,
IMG_1858,calibrated,good,0°,4x6,21,1.15008,23.32464,0.9661,1.18844,-1.87012,0.982,1.18415,2.29935,0.9921,28.407,4.987,
IMG_2373,calibrated,good,0°,4x6,21,1.2295,27.52779,0.9874,1.35054,-2.34643,0.9823,1.34716,2.57794,0.9899,34.116,4.988,
IMG_2338,calibrated,good,0°,4x6,21,1.23185,27.11229,0.9876,1.34864,-2.34234,0.9827,1.34261,2.60163,0.99,33.829,4.989,
IMG_2990,calibrated,good,0°,4x6,22,1.04274,22.62575,0.9838,1.07728,-2.76933,0.9682,1.09433,2.55074,0.9906,24.718,4.99,
IMG_1754,calibrated,good,0°,4x6,21,1.06151,24.20454,0.9818,1.14751,-2.34982,0.9821,1.14684,2.09552,0.9881,26.739,4.992,
IMG_2090,calibrated,good,0°,4x6,21,1.1254,23.02536,0.9676,1.16214,-2.00779,0.9799,1.15371,2.52789,0.9927,27.396,4.993,
IMG_2652,calibrated,good,0°,4x6,21,1.1188,23.07117,0.971,1.15422,-2.11577,0.9793,1.14776,2.60825,0.9921,27.277,4.993,
IMG_2810,calibrated,good,0°,4x6,21,1.16093,26.11234,0.9863,1.26544,-2.19436,0.982,1.26263,2.42565,0.9897,31.225,4.993,
IMG_1623,calibrated,good,0°,4x6,21,1.14688,26.04993,0.9871,1.25161,-2.09137,0.9818,1.25211,2.1137,0.9892,30.802,4.994,
IMG_1997,calibrated,good,0°,4x6,21,1.04917,24.00939,0.9761,1.15065,-1.73101,0.986,1.152,1.94372,0.989,26.144,4.994,
IMG_2391,calibrated,good,0°,4x6,21,1.19589,26.62019,0.9882,1.30347,-2.23318,0.9811,1.30136,2.58062,0.9903,32.566,4.994,
IMG_2570,calibrated,good,0°,4x6,21,1.07645,22.90724,0.9673,1.12969,-1.60757,0.9791,1.11825,2.35063,0.9919,25.846,4.994,
IMG_2563,calibrated,good,0°,4x6,21,1.17114,24.51956,0.9809,1.20733,-2.10849,0.9776,1.2067,2.61497,0.9911,29.991,4.995,
IMG_2395,calibrated,good,0°,4x6,21,1.15836,25.84689,0.9879,1.25934,-2.34789,0.9807,1.25013,2.6184,0.99,30.946,4.997,
IMG_1820,calibrated,good,0°,4x6,21,1.09814,22.65784,0.9699,1.13662,-2.14451,0.9783,1.12422,2.32218,0.9919,26.331,4.998,
IMG_2103,calibrated,good,0°,4x6,21,1.13066,23.01146,0.9653,1.17033,-2.03817,0.9802,1.1583,2.54048,0.9924,27.542,4.998,
IMG_2978,calibrated,good,0°,4x6,22,1.03452,22.15705,0.9859,1.06074,-2.87685,0.966,1.07567,2.61285,0.9901,24.03,4.998,
IMG_2343,calibrated,good,0°,4x6,21,1.22672,26.9366,0.9878,1.34121,-2.24317,0.9815,1.33198,2.73385,0.9903,33.566,5.001,
IMG_2394,calibrated,good,0°,4x6,21,1.17508,26.14499,0.9883,1.27183,-2.35965,0.9801,1.26724,2.7062,0.9899,31.61,5.001,
IMG_2643,calibrated,good,0°,4x6,21,1.14978,23.74265,0.9731,1.18933,-1.82052,0.9793,1.18792,2.34339,0.9918,28.717,5.001,
IMG_2788,calibrated,good,0°,4x6,21,1.19634,26.79794,0.9876,1.30796,-2.26559,0.982,1.30681,2.28285,0.9899,32.724,5.003,
IMG_1817,calibrated,good,0°,4x6,21,1.13112,23.50259,0.9721,1.17051,-2.10326,0.9781,1.15936,2.72596,0.9921,28.036,5.005,
IMG_2803,calibrated,good,0°,4x6,21,1.15804,26.25349,0.9872,1.26359,-2.30444,0.9817,1.25809,2.54345,0.9898,31.264,5.006,
IMG_2148,calibrated,good,0°,4x6,22,1.0561,21.27157,0.9659,1.08983,-1.93544,0.9808,1.07903,2.14092,0.9927,23.727,5.007,
IMG_2430,calibrated,good,0°,4x6,21,1.26048,25.50019,0.9829,1.30593,-2.24059,0.9799,1.30529,2.71,0.9911,33.019,5.007,
IMG_2754,calibrated,good,0°,4x6,21,1.07073,22.04186,0.9681,1.11253,-1.55755,0.9798,1.1036,2.25159,0.992,24.906,5.007,
IMG_2973,calibrated,good,0°,4x6,22,1.04282,22.28853,0.9858,1.06595,-2.66246,0.9655,1.08421,2.78236,0.9903,24.422,5.007,
IMG_2385,calibrated,good,0°,4x6,21,1.18325,26.40641,0.9873,1.28917,-2.33195,0.9807,1.28475,2.63656,0.9899,32.045,5.008,
IMG_2554,calibrated,good,0°,4x6,21,1.2815,25.87017,0.9836,1.33117,-1.94822,0.9801,1.32943,2.67905,0.9911,33.827,5.008,
IMG_2691,calibrated,good,0°,4x6,21,1.25008,25.97584,0.984,1.30743,-2.07452,0.9804,1.30771,2.63809,0.9907,33.192,5.008,
IMG_2792,calibrated,good,0°,4x6,21,1.17137,26.40571,0.9869,1.27458,-2.26169,0.9822,1.27598,2.33003,0.989,31.735,5.01,
IMG_2796,calibrated,good,0°,4x6,20,1.2232,27.85267,0.9867,1.35402,-2.22095,0.9829,1.35087,2.61184,0.9897,34.194,5.01,
IMG_1903,calibrated,good,0°,4x6,21,1.15433,24.35089,0.9725,1.21618,-1.83797,0.9791,1.21002,2.3459,0.9927,29.432,5.011,
IMG_2671,calibrated,good,0°,4x6,21,1.22769,24.73291,0.9753,1.28783,-1.57736,0.9801,1.27199,2.41166,0.9918,31.647,5.011,
IMG_1801,calibrated,good,0°,4x6,21,1.07766,22.07392,0.9642,1.11517,-2.09291,0.9789,1.09935,2.44001,0.9921,25.183,5.012,
IMG_2465,calibrated,good,0°,4x6,21,1.14111,23.39167,0.9692,1.20101,-1.615,0.9814,1.18515,2.20759,0.9924,28.199,5.012,
IMG_2630,calibrated,good,0°,4x6,21,1.0809,22.30393,0.9655,1.12883,-1.2224,0.9809,1.11797,2.24578,0.9922,25.417,5.012,
IMG_2825,calibrated,good,0°,4x6,21,1.15103,26.10713,0.9872,1.2552,-2.31528,0.9812,1.25002,2.51749,0.9898,30.97,5.012,
IMG_2863,calibrated,good,0°,4x6,21,1.03433,23.40999,0.9805,1.13247,-1.49745,0.9858,1.14119,1.51228,0.9892,25.146,5.012,
IMG_2983,calibrated,good,0°,4x6,21,1.14251,25.53971,0.9838,1.24393,-2.54528,0.983,1.24266,2.43812,0.9897,30.236,5.012,
IMG_2237,calibrated,good,0°,4x6,23,0.99342,20.11414,0.9782,0.98938,-1.79625,0.965,1.0072,2.16148,0.9923,20.529,5.013,
IMG_2565,calibrated,good,0°,4x6,21,1.27149,25.79622,0.9824,1.32422,-2.00017,0.9807,1.31897,2.60903,0.9906,33.534,5.013,
IMG_2110,calibrated,good,0°,4x6,22,1.01032,19.96425,0.9673,1.03459,-1.1575,0.9793,1.03069,1.69898,0.992,20.954,5.014,
IMG_2169,calibrated,good,0°,4x6,21,1.14575,23.55359,0.971,1.18934,-2.04423,0.9776,1.17581,2.76839,0.9927,28.482,5.014,
IMG_2360,calibrated,good,0°,4x6,21,1.21663,27.06632,0.9863,1.33865,-2.34498,0.9824,1.33141,2.40322,0.99,33.439,5.014,
IMG_2784,calibrated,good,0°,4x6,21,1.14929,25.81242,0.9879,1.24361,-2.23558,0.9809,1.24237,2.43675,0.9894,30.642,5.014,
IMG_2617,calibrated,good,0°,4x6,21,1.06317,21.95555,0.9689,1.09696,-1.57501,0.9795,1.09053,1.88029,0.9902,24.581,5.015,
IMG_2824,calibrated,good,0°,4x6,21,1.17088,26.31644,0.988,1.27242,-2.12993,0.9814,1.27187,2.48154,0.9894,31.654,5.017,
IMG_1977,calibrated,good,0°,4x6,21,1.21402,25.4167,0.9846,1.26803,-1.95886,0.979,1.27155,2.48616,0.9906,31.889,5.018,
IMG_2102,calibrated,good,0°,4x6,21,1.13071,23.03466,0.9662,1.16989,-2.16222,0.9798,1.15847,2.6028,0.9925,27.574,5.018,
IMG_2094,calibrated,good,0°,4x6,21,1.19266,24.0716,0.9718,1.23218,-2.04576,0.9785,1.22407,2.51955,0.9923,30.165,5.019,
IMG_2356,calibrated,good,0°,4x6,21,1.22067,27.05043,0.9866,1.34216,-2.29857,0.9825,1.33224,2.59733,0.99,33.511,5.019,
IMG_2108,calibrated,good,0°,4x6,21,1.13218,22.96198,0.9648,1.17251,-1.33229,0.9797,1.16839,2.30247,0.9924,27.564,5.02,
IMG_2151,calibrated,good,0°,4x6,21,1.14306,23.21635,0.9669,1.18179,-1.98582,0.9789,1.1719,2.43269,0.9922,28.075,5.02,
IMG_2092,calibrated,good,0°,4x6,21,1.1164,22.78292,0.9665,1.15523,-2.11024,0.9796,1.13859,2.58909,0.9923,26.93,5.022,
IMG_2560,calibrated,good,0°,4x6,21,1.11345,23.88024,0.9758,1.15008,-2.01505,0.9772,1.15091,2.32769,0.9905,27.853,5.022,
IMG_2975,calibrated,good,0°,4x6,22,1.03702,22.51478,0.9841,1.07396,-2.52447,0.9682,1.09077,2.28652,0.9899,24.407,5.023,
IMG_2614,calibrated,good,0°,4x6,21,1.2088,24.90843,0.9764,1.25421,-1.8743,0.9783,1.25331,2.4646,0.9918,31.281,5.024,
IMG_2175,calibrated,good,0°,4x6,21,1.18427,24.07514,0.9777,1.22434,-2.10509,0.9775,1.21634,2.72701,0.9923,29.974,5.029,
IMG_2166,calibrated,good,0°,4x6,21,1.19018,24.47378,0.9749,1.23732,-2.1396,0.9785,1.22926,2.51899,0.9923,30.453,5.03,
IMG_2730,calibrated,good,0°,4x6,21,1.20406,25.13321,0.9782,1.2566,-2.22328,0.9787,1.2543,2.59912,0.9924,31.386,5.03,
IMG_2387,calibrated,good,0°,4x6,21,1.16867,26.0024,0.9872,1.27059,-2.40021,0.9803,1.26233,2.68805,0.9895,31.34,5.032,
IMG_2752,calibrated,good,0°,4x6,21,1.14263,23.88324,0.968,1.19334,-1.89871,0.9801,1.18752,2.34169,0.9922,28.669,5.032,
IMG_1812,calibrated,good,0°,4x6,21,1.13157,23.30197,0.9676,1.17365,-2.02901,0.9793,1.16318,2.25997,0.9918,27.86,5.034,
IMG_2370,calibrated,good,0°,4x6,21,1.20888,27.29089,0.9869,1.32904,-2.26418,0.9823,1.32654,2.34019,0.9892,33.444,5.035,
IMG_2116,calibrated,good,0°,4x6,21,1.0974,22.2512,0.9662,1.13102,-2.05764,0.9789,1.11774,2.52306,0.9925,25.899,5.036,
IMG_2557,calibrated,good,0°,4x6,21,1.07638,23.24059,0.9743,1.11266,-2.10996,0.9775,1.1132,2.0604,0.9904,26.197,5.037,
IMG_2750,calibrated,good,0°,4x6,21,1.12495,23.43933,0.9683,1.17121,-1.95649,0.9791,1.16384,2.31869,0.9919,27.768,5.037,
IMG_1907,calibrated,good,0°,4x6,21,1.18151,24.83681,0.9723,1.24676,-1.97916,0.9785,1.23945,2.46802,0.9928,30.588,5.039,
IMG_2813,calibrated,good,0°,4x6,22,1.02216,22.33816,0.9858,1.04046,-2.30464,0.9625,1.06609,2.53462,0.9892,23.818,5.039,
IMG_2984,calibrated,good,0°,4x6,21,1.18256,26.24729,0.9835,1.29479,-2.22142,0.9837,1.29237,2.51389,0.9902,31.908,5.039,
IMG_2140,calibrated,good,0°,4x6,21,1.13852,23.23309,0.964,1.18159,-2.05116,0.979,1.16552,2.46263,0.9926,27.964,5.04,
IMG_1999,calibrated,good,0°,4x6,21,1.04619,23.8324,0.9781,1.14304,-1.79779,0.9841,1.14354,2.06592,0.989,25.891,5.041,
IMG_2758,calibrated,good,0°,4x6,22,1.05454,21.36402,0.9697,1.09626,-1.478,0.9805,1.08259,1.93481,0.9919,23.737,5.041,
IMG_2120,calibrated,good,0°,4x6,21,1.13382,22.92686,0.9669,1.1665,-2.02103,0.9797,1.15588,2.52651,0.9921,27.553,5.043,
IMG_2379,calibrated,good,0°,4x6,21,1.15951,25.89641,0.9868,1.25954,-2.5244,0.9805,1.25042,2.73572,0.9896,31.013,5.043,
IMG_2619,calibrated,good,0°,4x6,21,1.19904,24.8027,0.9751,1.24244,-1.96453,0.9786,1.24126,2.53716,0.9919,30.943,5.043,
IMG_2606,calibrated,good,0°,4x6,21,1.12706,23.41998,0.9651,1.17405,-1.72425,0.9797,1.16504,2.42728,0.9923,27.808,5.044,
IMG_2605,calibrated,good,0°,4x6,21,1.12618,23.58989,0.9654,1.17591,-1.83181,0.9791,1.16831,2.46773,0.9924,27.944,5.045,
IMG_2611,calibrated,good,0°,4x6,21,1.11585,23.30379,0.9655,1.16512,-1.87817,0.9793,1.1529,2.52521,0.9927,27.39,5.045,
IMG_2368,calibrated,good,0°,4x6,21,1.22084,27.09842,0.9868,1.33649,-2.40372,0.9819,1.33466,2.52183,0.9897,33.554,5.046,
IMG_2981,calibrated,good,0°,4x6,21,1.19953,26.91684,0.9842,1.32298,-2.42461,0.9831,1.31938,2.48482,0.9902,32.915,5.046,
IMG_2390,calibrated,good,0°,4x6,21,1.15819,25.98608,0.9876,1.25929,-2.25983,0.9804,1.25507,2.53709,0.9896,31.05,5.047,
IMG_1631,calibrated,good,0°,4x6,21,1.19224,27.23449,0.9873,1.31008,-2.07519,0.9824,1.31662,2.1817,0.9892,33.012,5.048,
IMG_1850,calibrated,good,0°,4x6,21,1.12577,23.48414,0.9681,1.16918,-1.9992,0.9789,1.16233,2.25186,0.9917,27.857,5.048,
IMG_2820,calibrated,good,0°,4x6,22,1.01834,22.25487,0.9855,1.04437,-2.52574,0.9633,1.06174,2.42783,0.9887,23.628,5.048,
IMG_2337,calibrated,good,0°,4x6,21,1.22197,27.01385,0.9885,1.33951,-2.38546,0.9808,1.33137,2.64931,0.99,33.536,5.049,
IMG_2715,calibrated,good,0°,4x6,21,1.12408,23.14502,0.9689,1.16698,-2.07811,0.9791,1.15402,2.62637,0.9924,27.49,5.049,
IMG_1755,calibrated,good,0°,4x6,21,1.12768,25.6334,0.9846,1.23097,-2.46325,0.9814,1.22173,2.55702,0.9894,29.93,5.05,
IMG_2505,calibrated,good,0°,4x6,21,1.19544,24.85542,0.9768,1.24132,-2.03127,0.9778,1.23754,2.57917,0.9918,30.909,5.05,
IMG_2569,calibrated,good,0°,4x6,21,1.1735,24.24259,0.9725,1.22016,-2.07161,0.9787,1.21338,2.51293,0.9921,29.815,5.051,
IMG_2749,calibrated,good,0°,4x6,21,1.13562,23.60515,0.9674,1.18111,-1.96316,0.9792,1.17138,2.66385,0.9922,28.23,5.051,
IMG_2229,calibrated,good,0°,4x6,21,1.18839,24.68395,0.9782,1.24469,-2.14412,0.9776,1.23511,2.67935,0.992,30.627,5.052,
IMG_2361,calibrated,good,0°,4x6,21,1.21631,26.97652,0.9867,1.3364,-2.32288,0.9816,1.32781,2.54831,0.99,33.363,5.052,
IMG_2837,calibrated,good,0°,4x6,21,1.15844,26.15618,0.9872,1.26155,-2.21204,0.9804,1.25562,2.5013,0.9894,31.198,5.052,
IMG_3009,calibrated,good,0°,4x6,22,1.03111,21.96101,0.9809,1.06462,-2.01702,0.9673,1.07797,2.54786,0.9892,23.7,5.052,
IMG_2519,calibrated,good,0°,4x6,21,1.09698,23.37682,0.969,1.14073,-2.07132,0.9782,1.13358,2.38152,0.9917,26.925,5.053,
IMG_2979,calibrated,good,0°,4x6,22,1.03263,22.10422,0.9848,1.0563,-2.60087,0.9654,1.0733,2.6896,0.99,23.915,5.053,
IMG_1640,calibrated,good,0°,4x6,21,1.17303,26.85725,0.9871,1.28966,-2.45174,0.9819,1.28972,2.23637,0.9893,32.206,5.054,
IMG_2167,calibrated,good,0°,4x6,21,1.20628,24.74705,0.9764,1.26213,-2.10622,0.9784,1.25127,2.55776,0.9924,31.126,5.054,
IMG_2168,calibrated,good,0°,4x6,21,1.13904,23.51001,0.9707,1.18447,-2.11055,0.9777,1.17544,2.54727,0.9926,28.263,5.055,
IMG_2389,calibrated,good,0°,4x6,21,1.18141,26.485,0.9873,1.29003,-2.36728,0.9809,1.28549,2.44686,0.9893,32.082,5.055,
IMG_2487,calibrated,good,0°,4x6,21,1.05667,22.21959,0.9704,1.08651,-1.52567,0.9792,1.08347,2.13945,0.9896,24.609,5.055,
IMG_2031,calibrated,good,0°,4x6,21,1.02967,23.75389,0.9802,1.11688,-1.4724,0.9815,1.12021,1.74674,0.987,25.315,5.056,
IMG_2089,calibrated,good,0°,4x6,21,1.11143,22.77558,0.9661,1.15735,-2.2785,0.9798,1.14012,2.32096,0.9923,26.799,5.056,
IMG_2887,calibrated,good,0°,4x6,23,1.01802,21.34904,0.9851,1.03872,-1.79825,0.9639,1.05728,2.39436,0.9874,22.714,5.056,
IMG_2093,calibrated,good,0°,4x6,21,1.10838,22.68534,0.9674,1.14773,-2.1711,0.9787,1.13248,2.52627,0.9925,26.629,5.059,
IMG_2107,calibrated,good,0°,4x6,21,1.11644,22.7886,0.9654,1.15393,-1.99811,0.9789,1.14174,2.50574,0.9926,26.933,5.059,
IMG_1819,calibrated,good,0°,4x6,21,1.16077,23.85568,0.9737,1.20141,-1.95462,0.9779,1.19708,2.16852,0.9914,29.173,5.06,
IMG_2402,calibrated,good,0°,4x6,21,1.15352,26.07275,0.9873,1.25402,-2.4743,0.9803,1.24551,2.7525,0.9894,31.015,5.061,
IMG_2735,calibrated,good,0°,4x6,21,1.11644,23.12838,0.9747,1.15645,-1.53658,0.9788,1.15363,2.32186,0.991,27.27,5.061,
IMG_1904,calibrated,good,0°,4x6,21,1.18479,25.02815,0.9739,1.24863,-2.01336,0.9774,1.2442,2.50689,0.9927,30.842,5.062,
IMG_2340,calibrated,good,0°,4x6,21,1.22475,27.13881,0.9879,1.35055,-2.35269,0.9816,1.3357,2.56885,0.9902,33.702,5.062,
IMG_2397,calibrated,good,0°,4x6,21,1.19146,26.60426,0.9885,1.29799,-2.24692,0.9798,1.29371,2.65711,0.99,32.446,5.062,
IMG_2806,calibrated,good,0°,4x6,21,1.15938,26.25594,0.9868,1.26218,-2.26102,0.9802,1.2595,2.51515,0.9892,31.311,5.063,
IMG_2970,calibrated,good,0°,4x6,21,1.07319,24.41431,0.9803,1.17104,-2.16725,0.9832,1.16936,2.05704,0.989,27.296,5.063,
IMG_1632,calibrated,good,0°,4x6,21,1.21019,27.54354,0.9869,1.32514,-2.3446,0.9823,1.33389,2.3229,0.9889,33.674,5.064,
IMG_2698,calibrated,good,0°,4x6,21,1.26477,25.83533,0.9841,1.31617,-2.10229,0.9794,1.31396,2.74957,0.9906,33.421,5.064,
IMG_2485,calibrated,good,0°,4x6,21,1.06767,22.57949,0.9731,1.09541,-2.09274,0.978,1.09443,2.25546,0.9904,25.336,5.065,
IMG_2382,calibrated,good,0°,4x6,21,1.1645,26.03985,0.9864,1.26995,-2.44282,0.9814,1.26327,2.45881,0.9897,31.262,5.066,
IMG_2838,calibrated,good,0°,4x6,21,1.1581,26.12055,0.9878,1.25781,-2.20726,0.9811,1.25576,2.48427,0.9896,31.166,5.066,
IMG_2113,calibrated,good,0°,4x6,22,1.06895,21.56597,0.9681,1.10117,-2.14338,0.9796,1.08904,2.06337,0.9918,24.406,5.067,
IMG_2207,calibrated,good,0°,4x6,22,1.02633,21.12438,0.9611,1.06852,-1.16763,0.9818,1.0617,2.10914,0.9932,22.528,5.068,
IMG_1832,calibrated,good,0°,4x6,21,1.09986,22.957,0.9673,1.14241,-2.0919,0.9792,1.13083,2.31228,0.9918,26.634,5.07,
IMG_2561,calibrated,good,0°,4x6,21,1.2696,26.02472,0.9836,1.32124,-2.07676,0.9798,1.32255,2.64527,0.9905,33.696,5.071,
IMG_2694,calibrated,good,0°,4x6,21,1.25252,25.72687,0.9842,1.30309,-2.09388,0.9792,1.30399,2.59407,0.9904,33.053,5.071,
IMG_2797,calibrated,good,0°,4x6,21,1.16092,26.25785,0.9877,1.26367,-2.31692,0.9807,1.25802,2.59272,0.9897,31.348,5.071,
IMG_2597,calibrated,good,0°,4x6,21,1.11398,23.32834,0.9656,1.16389,-2.03128,0.9781,1.15203,2.53886,0.9927,27.374,5.072,
IMG_2742,calibrated,good,0°,4x6,21,1.23601,25.75033,0.9807,1.28996,-2.28547,0.9785,1.2874,2.83661,0.9914,32.678,5.073,
IMG_2770,calibrated,good,0°,4x6,21,1.1468,23.72426,0.9679,1.19552,-1.93786,0.98,1.1877,2.3864,0.9921,28.657,5.075,
IMG_2141,calibrated,good,0°,4x6,21,1.14897,23.28492,0.9668,1.18496,-2.0457,0.9785,1.17091,2.81231,0.9925,28.313,5.077,
IMG_2143,calibrated,good,0°,4x6,22,1.07101,21.93464,0.9657,1.10982,-1.93169,0.9789,1.09798,2.19985,0.9921,24.822,5.077,
IMG_2032,calibrated,good,0°,4x6,21,1.02556,23.9099,0.9781,1.11306,-1.61869,0.983,1.11834,1.90543,0.9868,25.343,5.078,
IMG_2358,calibrated,good,0°,4x6,21,1.20462,26.65096,0.9871,1.31529,-2.24568,0.9808,1.30797,2.49259,0.9895,32.782,5.078,
IMG_2550,calibrated,good,0°,4x6,21,1.26915,26.10881,0.9836,1.32156,-2.03375,0.9801,1.32306,2.657,0.9903,33.748,5.078,
IMG_2099,calibrated,good,0°,4x6,21,1.10438,22.64354,0.964,1.14264,-1.97549,0.9793,1.13111,2.40529,0.9923,26.458,5.079,
IMG_2499,calibrated,good,0°,4x6,21,1.25318,25.89987,0.9781,1.30249,-1.99861,0.9795,1.30778,2.59961,0.9914,33.197,5.079,
IMG_2150,calibrated,good,0°,4x6,21,1.14104,23.31641,0.9656,1.18182,-2.0841,0.9785,1.16991,2.47253,0.9924,28.112,5.08,
IMG_2781,calibrated,good,0°,4x6,21,1.15407,25.96625,0.9871,1.2531,-2.47999,0.981,1.24781,2.52559,0.989,30.911,5.08,
IMG_2469,calibrated,good,0°,4x6,21,1.15553,24.00462,0.9666,1.20397,-1.95965,0.98,1.20153,2.22563,0.9919,29.131,5.081,
IMG_2017,calibrated,good,0°,4x6,21,1.02677,23.7448,0.9787,1.10762,-2.22816,0.9835,1.11449,1.8983,0.9876,25.261,5.082,
IMG_2219,calibrated,good,0°,4x6,23,0.96432,18.81459,0.9713,0.95701,-1.45759,0.9668,0.9715,2.15809,0.9934,18.212,5.082,
IMG_2587,calibrated,good,0°,4x6,21,1.11749,23.37677,0.9656,1.16484,-1.83999,0.9781,1.1564,2.55178,0.9925,27.512,5.082,
IMG_2842,calibrated,good,0°,4x6,21,1.18501,26.82984,0.988,1.29972,-2.18484,0.9811,1.29506,2.4943,0.9898,32.486,5.082,
IMG_2545,calibrated,good,0°,4x6,21,1.17542,25.05209,0.9778,1.22387,-2.20901,0.9782,1.22117,2.5362,0.9909,30.567,5.083,
IMG_2546,calibrated,good,0°,4x6,21,1.18872,25.42683,0.9806,1.23846,-2.21547,0.9769,1.237,2.54319,0.9907,31.243,5.083,
IMG_2463,calibrated,good,0°,4x6,21,1.13781,23.6518,0.9659,1.19241,-2.0678,0.98,1.18214,2.21634,0.9924,28.343,5.085,
IMG_1849,calibrated,good,0°,4x6,21,1.1408,23.74152,0.9688,1.18204,-2.04428,0.979,1.17636,2.30788,0.9915,28.503,5.086,
IMG_2019,calibrated,good,0°,4x6,21,1.12121,26.02864,0.9816,1.22706,-2.41053,0.9828,1.23109,2.26949,0.9889,30.114,5.086,
IMG_2530,calibrated,good,0°,4x6,21,1.08668,23.02476,0.9671,1.12514,-1.85652,0.9787,1.12071,2.3144,0.9913,26.296,5.087,
IMG_2553,calibrated,good,0°,4x6,21,1.26532,25.89059,0.9817,1.31588,-1.94317,0.9792,1.31649,2.61681,0.9909,33.474,5.088,
IMG_2336,calibrated,good,0°,4x6,21,1.23392,27.20334,0.9879,1.35281,-2.30206,0.9814,1.34448,2.63288,0.9898,33.962,5.09,
IMG_3010,calibrated,good,0°,4x6,21,1.0276,23.59805,0.9785,1.1225,-2.42513,0.984,1.11972,2.11177,0.9884,25.144,5.09,
IMG_2601,calibrated,good,0°,4x6,21,1.12972,23.65439,0.9667,1.18056,-2.04351,0.9784,1.16671,2.67139,0.9926,28.114,5.091,
IMG_1908,calibrated,good,0°,4x6,21,1.18518,24.89562,0.9727,1.24734,-2.04726,0.9782,1.24083,2.57156,0.9926,30.739,5.093,
IMG_2401,calibrated,good,0°,4x6,21,1.16443,26.2283,0.9883,1.26545,-2.2718,0.9794,1.25894,2.8739,0.9898,31.43,5.093,
IMG_2713,calibrated,good,0°,4x6,21,1.18947,24.40703,0.9728,1.23584,-1.93122,0.9785,1.2272,2.60728,0.9921,30.375,5.094,
IMG_2670,calibrated,good,0°,4x6,21,1.17946,24.33076,0.9686,1.24348,-1.75862,0.979,1.22568,2.4375,0.9922,30.089,5.095,
IMG_2986,calibrated,good,0°,4x6,21,1.14871,26.09339,0.9842,1.25982,-2.17643,0.9825,1.26322,2.17539,0.9888,30.912,5.095,
IMG_2775,calibrated,good,0°,4x6,21,1.13854,24.0081,0.9689,1.18807,-2.0643,0.9783,1.18114,2.51709,0.9919,28.679,5.096,
IMG_1756,calibrated,good,0°,4x6,21,1.13968,25.8691,0.9838,1.24195,-2.40618,0.9822,1.23899,2.32316,0.9889,30.441,5.097,
IMG_1804,calibrated,good,0°,4x6,21,1.17377,24.12054,0.9686,1.21836,-2.18376,0.9785,1.21022,2.46599,0.9921,29.747,5.098,
IMG_1799,calibrated,good,0°,4x6,21,1.15261,23.79,0.9679,1.19406,-1.88955,0.9786,1.18872,2.3279,0.9919,28.877,5.1,
IMG_1857,calibrated,good,0°,4x6,21,1.12688,23.41154,0.9631,1.17232,-1.47457,0.9763,1.16688,2.13605,0.9918,27.84,5.1,
IMG_2562,calibrated,good,0°,4x6,21,1.25142,25.90007,0.9808,1.29723,-2.00801,0.9792,1.30456,2.61681,0.9905,33.152,5.1,
IMG_2841,calibrated,good,0°,4x6,22,1.01069,21.81485,0.9842,1.02807,-2.43136,0.9637,1.04778,2.43289,0.9884,22.974,5.1,
IMG_2956,calibrated,good,0°,4x6,21,1.02922,24.00467,0.9793,1.1296,-2.73277,0.9822,1.11772,2.53424,0.9889,25.61,5.1,
IMG_2450,calibrated,good,0°,4x6,21,1.15144,23.54494,0.9719,1.20711,-1.68579,0.978,1.19186,2.13071,0.9916,28.637,5.102,
IMG_2155,calibrated,good,0°,4x6,21,1.08629,22.37348,0.9619,1.12476,-2.0613,0.9783,1.10847,2.74351,0.9926,25.699,5.103,
IMG_2388,calibrated,good,0°,4x6,21,1.16928,26.56518,0.987,1.27583,-2.48495,0.9803,1.27465,2.4538,0.9892,31.833,5.103,
IMG_2400,calibrated,good,0°,4x6,21,1.15837,26.24949,0.9882,1.26168,-2.46636,0.9798,1.25501,2.68005,0.9891,31.301,5.104,
IMG_2917,calibrated,good,0°,4x6,21,1.03509,23.63062,0.9766,1.12762,-2.45787,0.9837,1.12133,2.15583,0.9881,25.406,5.104,
IMG_1881,calibrated,good,0°,4x6,21,1.12102,23.11401,0.9676,1.16895,-1.7706,0.9777,1.16156,2.14644,0.9918,27.442,5.105,
IMG_2109,calibrated,good,0°,4x6,22,1.06738,21.59779,0.9679,1.10236,-2.10467,0.9787,1.0904,2.07178,0.9915,24.406,5.105,
IMG_2472,calibrated,good,0°,4x6,21,1.14615,23.77436,0.9668,1.19838,-2.193,0.9786,1.18363,2.77983,0.9928,28.708,5.105,
IMG_2138,calibrated,good,0°,4x6,21,1.12842,23.06165,0.9648,1.16828,-2.01688,0.9785,1.15456,2.47832,0.9924,27.535,5.106,
IMG_2481,calibrated,good,0°,4x6,21,1.1689,24.29112,0.967,1.21583,-1.94317,0.9785,1.2109,2.65183,0.9923,29.75,5.106,
IMG_2488,calibrated,good,0°,4x6,21,1.16642,24.84012,0.9767,1.20914,-2.04157,0.9775,1.21354,2.51099,0.9911,30.162,5.107,
IMG_2139,calibrated,good,0°,4x6,22,1.06367,21.07337,0.9659,1.10317,-1.12409,0.9794,1.08799,1.86358,0.9916,23.782,5.108,
IMG_2774,calibrated,good,0°,4x6,21,1.13948,23.92496,0.9679,1.1865,-2.01109,0.9786,1.18003,2.4837,0.9919,28.614,5.108,
IMG_2994,calibrated,good,0°,4x6,21,1.17157,26.33473,0.983,1.29173,-2.36823,0.9822,1.28229,2.56787,0.9901,31.723,5.108,
IMG_1779,calibrated,good,0°,4x6,21,1.05121,24.30674,0.9804,1.13961,-2.44715,0.982,1.13879,2.1625,0.9879,26.562,5.11,
IMG_2127,calibrated,good,0°,4x6,21,1.12779,22.96988,0.9659,1.16486,-2.10678,0.9786,1.15001,2.62972,0.9922,27.429,5.11,
IMG_1848,calibrated,good,0°,4x6,21,1.13053,23.54337,0.9693,1.17284,-1.96998,0.9781,1.16545,2.24331,0.9912,28.051,5.111,
IMG_2467,calibrated,good,90°CW,4x6,21,1.19107,24.6544,0.968,1.24381,-1.85627,0.9787,1.23961,2.50896,0.9926,30.652,5.111,
IMG_2659,calibrated,good,0°,4x6,21,1.16847,24.36013,0.972,1.21458,-1.94142,0.9778,1.21007,2.53193,0.9918,29.782,5.112,
IMG_2154,calibrated,good,0°,4x6,21,1.07132,21.92314,0.9605,1.10409,-2.10473,0.9789,1.09343,2.44776,0.9923,24.823,5.116,
IMG_2798,calibrated,good,0°,4x6,21,1.18089,26.74653,0.9867,1.29011,-2.28732,0.9805,1.28938,2.56654,0.9897,32.302,5.116,
IMG_2649,calibrated,good,0°,4x6,21,1.16963,24.40716,0.9715,1.21621,-1.83516,0.9782,1.21091,2.48998,0.9915,29.854,5.118,
IMG_2144,calibrated,good,0°,4x6,21,1.1442,23.43941,0.9636,1.18707,-1.90431,0.9786,1.17249,2.7593,0.9928,28.329,5.119,
IMG_2462,calibrated,good,0°,4x6,21,1.13017,23.47856,0.9666,1.199,-1.56796,0.9776,1.17483,2.27685,0.992,28.038,5.12,
IMG_1811,calibrated,good,0°,4x6,21,1.17117,24.08425,0.9691,1.21315,-2.04379,0.9775,1.20776,2.30202,0.9917,29.645,5.121,
IMG_1892,calibrated,good,0°,4x6,21,1.14865,23.02749,0.9655,1.18404,-1.5227,0.9789,1.17706,2.21708,0.9921,28.114,5.121,
IMG_2119,calibrated,good,0°,4x6,21,1.15586,23.50037,0.9679,1.19225,-1.98189,0.9791,1.18467,2.46105,0.9921,28.678,5.121,
IMG_2163,calibrated,good,0°,4x6,21,1.21282,24.5747,0.9756,1.26239,-2.18461,0.9782,1.2452,2.92409,0.9923,31.146,5.121,
IMG_2772,calibrated,good,0°,4x6,21,1.13933,23.86216,0.9676,1.18781,-2.06964,0.9786,1.17927,2.54103,0.9922,28.568,5.121,
IMG_2027,calibrated,good,0°,4x6,21,1.0832,25.42778,0.9795,1.18464,-2.26892,0.9833,1.19147,2.17819,0.9883,28.517,5.124,
IMG_2930,calibrated,good,0°,4x6,21,1.03561,23.55601,0.9783,1.12731,-2.47938,0.9839,1.11931,2.21374,0.988,25.36,5.124,
IMG_2650,calibrated,good,0°,4x6,21,1.15376,24.35113,0.9715,1.20176,-1.94228,0.9777,1.19755,2.45001,0.9916,29.392,5.125,
IMG_2609,calibrated,good,0°,4x6,21,1.14104,23.67615,0.9658,1.18979,-1.87431,0.9786,1.18075,2.53005,0.9921,28.466,5.128,
IMG_2859,calibrated,good,0°,4x6,21,1.03861,23.82585,0.979,1.14906,-1.72447,0.9849,1.14441,1.90258,0.9888,25.703,5.128,
IMG_2012,calibrated,good,0°,4x6,21,1.0678,24.89015,0.9774,1.17391,-2.56629,0.9843,1.1739,2.07575,0.9888,27.557,5.129,
IMG_2386,calibrated,good,0°,4x6,21,1.18312,26.32573,0.9868,1.28781,-2.40039,0.9791,1.27724,2.81595,0.9899,31.993,5.129,
IMG_2929,calibrated,good,0°,4x6,21,1.03807,23.63693,0.9782,1.1269,-2.45599,0.9828,1.12039,2.27669,0.9879,25.518,5.129,
IMG_2720,calibrated,good,0°,4x6,21,1.21897,25.1103,0.972,1.27373,-1.89102,0.9785,1.26719,2.6461,0.9921,31.727,5.13,
IMG_2769,calibrated,good,0°,4x6,21,1.13713,23.90353,0.968,1.18854,-2.13511,0.9784,1.17841,2.55487,0.992,28.549,5.131,
IMG_2928,calibrated,good,0°,4x6,21,1.04278,23.72975,0.978,1.13618,-2.51882,0.9835,1.12782,2.28885,0.9883,25.765,5.131,
IMG_2171,calibrated,good,0°,4x6,21,1.21749,24.6818,0.9775,1.26649,-2.17997,0.9774,1.25112,2.82791,0.9921,31.347,5.132,
IMG_2508,calibrated,good,0°,4x6,21,1.23539,25.74698,0.979,1.29039,-2.06677,0.9788,1.28775,2.67284,0.9911,32.668,5.134,
IMG_2334,calibrated,good,0°,4x6,21,1.24951,27.20464,0.9884,1.36723,-2.32686,0.9805,1.35249,2.66666,0.9897,34.325,5.135,
IMG_1833,calibrated,good,0°,4x6,21,1.10202,22.39066,0.9684,1.13868,-1.36235,0.9778,1.13048,2.12714,0.9913,26.222,5.136,
IMG_2118,calibrated,good,0°,4x6,21,1.15875,23.47865,0.9667,1.1968,-2.02731,0.9793,1.18574,2.53471,0.992,28.745,5.136,
IMG_2695,calibrated,good,0°,4x6,21,1.26375,25.94533,0.9822,1.31858,-2.15311,0.979,1.31282,2.6626,0.9906,33.484,5.136,
IMG_2126,calibrated,good,0°,4x6,21,1.18841,24.03369,0.9703,1.22949,-2.10454,0.9779,1.21544,2.61232,0.992,30.022,5.137,
IMG_2669,calibrated,good,0°,4x6,21,1.19798,24.52249,0.9719,1.24874,-1.94562,0.9787,1.24135,2.3263,0.9918,30.702,5.137,
IMG_1863,calibrated,good,0°,4x6,21,1.18885,24.32047,0.9656,1.23752,-1.78579,0.9805,1.22911,2.37466,0.9917,30.337,5.138,
IMG_2165,calibrated,good,0°,4x6,21,1.2191,24.84537,0.9764,1.27213,-2.15361,0.978,1.25198,3.11699,0.992,31.532,5.138,
IMG_2657,calibrated,good,0°,4x6,21,1.22547,25.20181,0.9755,1.27502,-2.0256,0.9785,1.2726,2.66402,0.9916,31.965,5.138,
IMG_1851,calibrated,good,0°,4x6,21,1.13688,23.7648,0.9674,1.17625,-1.96914,0.9781,1.16779,2.67319,0.9919,28.424,5.139,
IMG_2581,calibrated,good,0°,4x6,21,1.13394,23.82067,0.9659,1.18108,-1.88324,0.9783,1.1741,2.4763,0.9918,28.376,5.142,
IMG_2654,calibrated,good,0°,4x6,21,1.21608,25.20095,0.9757,1.26922,-2.04972,0.9781,1.26639,2.33783,0.9912,31.732,5.142,
IMG_2708,calibrated,good,0°,4x6,21,1.28217,26.44123,0.9841,1.34417,-2.02991,0.9781,1.33844,2.80445,0.9905,34.33,5.143,
IMG_1665,calibrated,good,0°,4x6,21,1.06319,24.81754,0.9805,1.1748,-2.01434,0.9814,1.16689,2.0505,0.9888,27.389,5.145,
IMG_1789,calibrated,good,0°,4x6,21,1.06395,24.45789,0.9801,1.15265,-2.34355,0.9817,1.15297,2.18329,0.9878,27.064,5.145,
IMG_2625,calibrated,good,0°,4x6,21,1.09242,22.9239,0.9684,1.14869,-1.66952,0.9756,1.13089,2.3657,0.9918,26.405,5.145,
IMG_1810,calibrated,good,0°,4x6,21,1.13779,23.13706,0.9661,1.17687,-1.49966,0.9785,1.16613,2.25564,0.9919,27.905,5.146,
IMG_2766,calibrated,good,0°,4x6,21,1.15583,24.18319,0.9668,1.2043,-2.0523,0.9785,1.1981,2.51542,0.9919,29.304,5.146,
IMG_2918,calibrated,good,0°,4x6,21,1.0369,23.78848,0.9766,1.13023,-2.46858,0.9834,1.12566,2.15536,0.9879,25.614,5.146,
IMG_2511,calibrated,good,0°,4x6,21,1.16692,24.17416,0.9687,1.21552,-2.00984,0.9782,1.20444,2.62702,0.9919,29.602,5.147,
IMG_2493,calibrated,good,0°,4x6,21,1.221,25.61586,0.978,1.27427,-2.0151,0.9789,1.27285,2.6232,0.991,32.199,5.148,
IMG_2688,calibrated,good,0°,4x6,21,1.27486,26.25731,0.983,1.32818,-2.23843,0.9797,1.32766,2.67112,0.99,33.995,5.151,
IMG_1668,calibrated,good,0°,4x6,21,1.08224,25.19003,0.9801,1.18229,-2.11001,0.9825,1.18575,1.96152,0.9877,28.258,5.153,
IMG_2490,calibrated,good,0°,4x6,21,1.21999,25.58188,0.9773,1.2704,-2.02848,0.9788,1.27291,2.54877,0.991,32.15,5.153,
IMG_2612,calibrated,good,0°,4x6,21,1.14866,24.14129,0.9659,1.20658,-2.05014,0.9783,1.19261,2.68268,0.9923,29.089,5.153,
IMG_2926,calibrated,good,0°,4x6,21,1.04163,23.90285,0.9787,1.13535,-2.45751,0.9829,1.12931,2.28636,0.9881,25.878,5.153,
IMG_2776,calibrated,good,0°,4x6,21,1.14573,24.03786,0.9681,1.19433,-2.04354,0.9778,1.18426,2.55796,0.9916,28.899,5.154,
IMG_2146,calibrated,good,0°,4x6,22,1.06901,21.84687,0.9648,1.10886,-1.92761,0.9784,1.09493,2.21134,0.992,24.678,5.156,
IMG_2890,calibrated,good,0°,4x6,21,1.02461,23.85381,0.9776,1.12506,-2.63657,0.9828,1.11575,2.46463,0.9888,25.326,5.156,
IMG_2971,calibrated,good,0°,4x6,21,1.06034,24.36996,0.9802,1.15267,-2.47103,0.9815,1.15109,2.27024,0.9886,26.88,5.156,
IMG_2152,calibrated,good,0°,4x6,21,1.12398,23.1912,0.9628,1.16888,-1.99049,0.9786,1.15648,2.40837,0.9923,27.524,5.157,
IMG_2777,calibrated,good,0°,4x6,21,1.14983,23.82986,0.9691,1.19269,-2.04552,0.9783,1.18476,2.54107,0.9915,28.829,5.157,
IMG_2552,calibrated,good,0°,4x6,21,1.28524,26.26548,0.983,1.34102,-2.01146,0.9786,1.34092,2.68706,0.9906,34.245,5.158,
IMG_2692,calibrated,good,0°,4x6,21,1.25969,26.04203,0.9848,1.31288,-2.18519,0.9796,1.31181,2.6865,0.9898,33.483,5.158,
IMG_1638,calibrated,good,0°,4x6,21,1.19506,27.13809,0.9856,1.31152,-2.42416,0.9819,1.31185,2.36618,0.9888,32.986,5.159,
IMG_1830,calibrated,good,0°,4x6,21,1.2409,25.48809,0.9748,1.29313,-1.9692,0.978,1.28939,2.57562,0.9917,32.61,5.159,
IMG_2658,calibrated,good,0°,4x6,21,1.22047,25.3858,0.9746,1.27725,-1.98634,0.9786,1.26871,2.63241,0.9914,31.985,5.159,
IMG_2757,calibrated,good,0°,4x6,21,1.21995,25.33304,0.9698,1.28333,-2.09507,0.9798,1.27396,2.66588,0.992,31.964,5.161,
IMG_1919,calibrated,good,0°,4x6,21,1.1599,22.41678,0.9493,1.17888,-1.72852,0.9807,1.16709,2.25861,0.9917,27.825,5.163,
IMG_2577,calibrated,good,0°,4x6,21,1.23105,25.30351,0.9735,1.27987,-1.96009,0.9785,1.27746,2.56017,0.9912,32.167,5.164,
IMG_2576,calibrated,good,0°,4x6,21,1.21475,25.33966,0.9732,1.27113,-1.99482,0.9784,1.26551,2.47562,0.9914,31.811,5.165,
IMG_1635,calibrated,good,0°,4x6,21,1.051,24.60804,0.9819,1.15332,-1.51755,0.9825,1.15855,1.70765,0.988,26.808,5.166,
IMG_1806,calibrated,good,0°,4x6,21,1.18365,24.22797,0.9682,1.22313,-1.83248,0.978,1.2205,2.33927,0.9917,30.095,5.166,
IMG_2112,calibrated,good,0°,4x6,21,1.22396,24.77829,0.9703,1.2694,-2.11939,0.9788,1.25768,2.71264,0.992,31.555,5.166,
IMG_2475,calibrated,good,0°,4x6,21,1.15003,23.80917,0.9653,1.19962,-2.02883,0.9779,1.18744,2.62503,0.9926,28.834,5.166,
IMG_2498,calibrated,good,0°,4x6,21,1.25105,26.00576,0.9774,1.30118,-2.13527,0.9782,1.30369,2.6891,0.991,33.232,5.166,
IMG_2709,calibrated,good,0°,4x6,21,1.28871,26.48718,0.9829,1.34691,-2.07295,0.9795,1.34474,2.7364,0.9903,34.503,5.166,
IMG_2571,calibrated,good,0°,4x6,21,1.14261,24.05924,0.9684,1.18855,-1.75804,0.978,1.18523,2.47586,0.9918,28.818,5.168,
IMG_2551,calibrated,good,0°,4x6,21,1.28547,26.3679,0.9828,1.34102,-2.09665,0.9794,1.33853,2.81067,0.9902,34.317,5.169,
IMG_2714,calibrated,good,0°,4x6,21,1.24887,25.69347,0.9754,1.29929,-2.04844,0.9793,1.29628,2.82229,0.9914,32.93,5.169,
IMG_2773,calibrated,good,0°,4x6,21,1.14387,23.86447,0.9672,1.19219,-2.00046,0.9784,1.18398,2.47235,0.992,28.7,5.169,
IMG_2096,calibrated,good,0°,4x6,21,1.22404,24.51855,0.9715,1.26426,-2.30343,0.9784,1.25057,2.78243,0.992,31.334,5.17,
IMG_2771,calibrated,good,0°,4x6,21,1.14681,24.03805,0.967,1.19327,-2.0897,0.9784,1.18696,2.49812,0.9917,28.93,5.17,
IMG_2921,calibrated,good,0°,4x6,21,1.0816,24.61565,0.9793,1.18041,-2.21475,0.9815,1.17264,2.44459,0.9884,27.747,5.171,
IMG_2492,calibrated,good,0°,4x6,21,1.25412,26.10942,0.9778,1.30297,-2.02246,0.9801,1.30835,2.6512,0.9908,33.397,5.172,
IMG_2660,calibrated,good,0°,4x6,21,1.21252,25.10835,0.9727,1.26674,-2.0327,0.9787,1.26124,2.40246,0.9912,31.553,5.172,
IMG_2923,calibrated,good,0°,4x6,21,1.07128,24.70495,0.9783,1.17655,-2.44356,0.9835,1.16995,2.22291,0.9885,27.524,5.172,
IMG_1803,calibrated,good,0°,4x6,21,1.17465,24.17942,0.968,1.21811,-1.93503,0.9777,1.21068,2.38935,0.9919,29.825,5.173,
IMG_2100,calibrated,good,0°,4x6,21,1.10216,22.67095,0.9629,1.14534,-2.05136,0.9787,1.12837,2.47056,0.9923,26.439,5.173,
IMG_1842,calibrated,good,0°,4x6,21,1.17889,24.45153,0.97,1.22403,-2.12328,0.9769,1.21377,2.69972,0.9917,30.175,5.174,
IMG_2610,calibrated,good,0°,4x6,21,1.14012,23.75755,0.9658,1.18927,-1.99344,0.9777,1.17862,2.61832,0.9924,28.509,5.174,
IMG_1846,calibrated,good,0°,4x6,21,1.20668,24.77055,0.9707,1.24966,-1.89281,0.9781,1.24572,2.5508,0.9917,31.148,5.176,
IMG_2592,calibrated,good,0°,4x6,21,1.16493,24.29058,0.9662,1.21971,-1.85734,0.9787,1.21042,2.51914,0.9924,29.655,5.176,
IMG_2164,calibrated,good,0°,4x6,21,1.27811,25.78719,0.9802,1.3343,-1.96772,0.9776,1.32133,2.85596,0.9913,33.718,5.177,
IMG_2653,calibrated,good,0°,4x6,21,1.20306,25.13169,0.9721,1.25537,-2.01676,0.9785,1.25331,2.34292,0.9916,31.346,5.177,
IMG_1780,calibrated,good,0°,4x6,21,1.05061,24.51629,0.9813,1.1537,-1.9042,0.9796,1.14587,2.14855,0.9868,26.75,5.178,
IMG_2022,calibrated,good,0°,4x6,21,1.1044,25.91596,0.9809,1.2074,-2.47437,0.982,1.2142,2.38554,0.9885,29.58,5.178,
IMG_1788,calibrated,good,0°,4x6,21,1.05876,24.59324,0.979,1.15511,-2.36322,0.9819,1.15474,2.06649,0.9877,27.038,5.179,
IMG_1884,calibrated,good,0°,4x6,21,1.12733,23.76649,0.9707,1.18048,-1.50993,0.9768,1.16975,2.31429,0.9907,28.182,5.179,
IMG_2024,calibrated,good,0°,4x6,21,1.02764,24.18513,0.9771,1.12347,-1.65542,0.9842,1.13005,1.82978,0.9863,25.675,5.182,
IMG_2161,calibrated,good,0°,4x6,21,1.08544,23.21311,0.9606,1.14263,-2.00333,0.9784,1.12961,2.56938,0.9933,26.421,5.183,
IMG_1882,calibrated,good,0°,4x6,21,1.16248,24.4824,0.9664,1.21595,-2.03502,0.9779,1.21182,2.36208,0.9918,29.778,5.185,
IMG_2484,calibrated,good,0°,4x6,21,1.20442,25.70629,0.9768,1.25351,-2.27418,0.9776,1.2564,2.5846,0.991,31.872,5.185,
IMG_1809,calibrated,good,0°,4x6,21,1.18252,24.42479,0.9688,1.231,-1.89679,0.9782,1.22262,2.31249,0.9917,30.251,5.187,
IMG_1921,calibrated,good,0°,4x6,21,1.18244,23.79989,0.9608,1.22634,-1.93018,0.9794,1.2142,2.43549,0.9919,29.702,5.188,
IMG_2104,calibrated,good,0°,4x6,21,1.19362,24.32777,0.9669,1.23399,-2.04889,0.9779,1.2257,2.66173,0.9921,30.405,5.188,
IMG_2549,calibrated,good,0°,4x6,21,1.26167,26.36712,0.9843,1.31708,-2.19298,0.9785,1.31683,2.75542,0.9899,33.788,5.188,
IMG_2712,calibrated,good,0°,4x6,21,1.1557,24.00558,0.9694,1.19917,-1.99698,0.9771,1.19236,2.66526,0.9918,29.141,5.188,
IMG_2637,calibrated,good,0°,4x6,21,1.1752,24.50711,0.9664,1.23037,-1.84288,0.9783,1.22391,2.59091,0.9924,30.115,5.189,
IMG_2661,calibrated,good,0°,4x6,21,1.23511,25.48192,0.974,1.29157,-2.06712,0.9786,1.28206,2.74717,0.9913,32.434,5.189,
IMG_2897,calibrated,good,0°,4x6,21,1.02668,23.86007,0.9775,1.12499,-2.366,0.9824,1.11699,2.53722,0.9887,25.388,5.189,
IMG_1802,calibrated,good,0°,4x6,21,1.25516,25.48646,0.9734,1.30416,-1.93628,0.9782,1.30136,2.53366,0.9913,32.952,5.191,
IMG_2509,calibrated,good,0°,4x6,21,1.23069,25.75389,0.9755,1.28378,-1.97135,0.9789,1.28263,2.65167,0.9911,32.55,5.192,
IMG_2702,calibrated,good,0°,4x6,21,1.25844,26.41155,0.9829,1.31238,-2.12302,0.9787,1.31784,2.67381,0.9899,33.755,5.192,
IMG_1923,calibrated,good,0°,4x6,21,1.1425,23.38151,0.9583,1.18583,-2.0173,0.9783,1.17269,2.45776,0.9921,28.25,5.195,
IMG_2124,calibrated,good,0°,4x6,21,1.22011,24.52008,0.9698,1.26297,-2.18933,0.9779,1.2486,2.72796,0.9922,31.254,5.195,
IMG_2959,calibrated,good,0°,4x6,21,1.05275,25.1109,0.9795,1.16512,-2.28978,0.9824,1.16606,2.16207,0.989,27.37,5.195,
IMG_2028,calibrated,good,0°,4x6,21,1.07664,25.4135,0.979,1.17504,-2.35007,0.9818,1.18388,2.17198,0.988,28.342,5.196,
IMG_2114,calibrated,good,0°,4x6,21,1.13495,22.91609,0.9623,1.17351,-1.06483,0.9786,1.16623,2.04045,0.9919,27.578,5.197,
IMG_2759,calibrated,good,0°,4x6,21,1.09902,22.79767,0.967,1.15438,-1.34714,0.9787,1.13897,2.14945,0.9914,26.447,5.198,
IMG_1915,calibrated,good,0°,4x6,21,1.15675,23.54212,0.9613,1.19786,-2.04775,0.978,1.18372,2.69438,0.9921,28.799,5.2,
IMG_2705,calibrated,good,0°,4x6,19,1.29123,26.38091,0.9836,1.36086,-1.8181,0.9858,1.35463,2.52614,0.9889,34.556,5.2,
IMG_2122,calibrated,good,0°,4x6,21,1.21062,24.48549,0.9707,1.25423,-2.23273,0.9779,1.23914,2.63541,0.9917,30.974,5.201,
IMG_2927,calibrated,good,0°,4x6,21,1.07711,24.73757,0.9783,1.17614,-2.37158,0.9822,1.17625,2.23978,0.9882,27.732,5.201,
IMG_2966,calibrated,good,0°,4x6,21,1.19344,27.47089,0.9808,1.32818,-2.22103,0.9835,1.33157,2.4878,0.9896,33.277,5.202,
IMG_3027,calibrated,good,0°,4x6,21,1.06789,24.07693,0.9811,1.17506,-1.86765,0.9808,1.16132,2.3638,0.9886,26.845,5.203,
IMG_1813,calibrated,good,0°,4x6,21,1.18379,24.36919,0.9691,1.23079,-2.11195,0.9774,1.21873,2.56106,0.9918,30.236,5.204,
IMG_2618,calibrated,good,0°,4x6,21,1.2985,26.43767,0.9782,1.35783,-2.01103,0.98,1.35141,2.75194,0.991,34.665,5.205,
IMG_2675,calibrated,good,0°,4x6,21,1.2525,25.64871,0.9733,1.32091,-1.59266,0.9784,1.31434,2.41193,0.9916,33.061,5.205,
IMG_2756,calibrated,good,0°,4x6,21,1.1569,24.25035,0.9664,1.20951,-2.01356,0.9782,1.20123,2.56649,0.992,29.407,5.205,
IMG_2780,calibrated,good,0°,4x6,21,1.17817,24.68624,0.9689,1.22961,-2.15209,0.9772,1.22054,2.64945,0.9919,30.339,5.207,
IMG_2123,calibrated,good,0°,4x6,21,1.19241,24.22931,0.9711,1.23602,-2.16771,0.9769,1.22118,2.6531,0.992,30.306,5.208,
IMG_2476,calibrated,good,0°,4x6,21,1.15202,23.86567,0.9649,1.20059,-2.16563,0.9784,1.18742,2.78799,0.9923,28.94,5.208,
IMG_2159,calibrated,good,0°,4x6,21,1.14575,24.45528,0.966,1.20578,-1.5007,0.9772,1.20376,2.21901,0.9929,29.235,5.209,
IMG_1785,calibrated,good,0°,4x6,23,0.96361,21.23966,0.9838,0.98103,-2.7722,0.9603,0.99819,2.38605,0.987,20.883,5.211,
IMG_2003,calibrated,good,0°,4x6,21,1.09708,25.46186,0.9778,1.21165,-2.48279,0.9841,1.21047,2.30418,0.989,28.962,5.211,
IMG_2021,calibrated,good,0°,4x6,21,1.12034,26.14985,0.9807,1.23132,-2.4403,0.9825,1.23223,2.34742,0.9885,30.222,5.211,
IMG_1750,calibrated,good,0°,4x6,21,1.15247,26.45061,0.9833,1.26519,-2.73411,0.9805,1.25234,2.72388,0.9888,31.312,5.213,
IMG_2480,calibrated,good,0°,4x6,21,1.17833,24.25638,0.9677,1.22188,-2.17278,0.9775,1.21309,2.77713,0.992,29.975,5.213,
IMG_2515,calibrated,good,0°,4x6,21,1.153,24.33374,0.9678,1.19869,-2.01783,0.9777,1.19575,2.39356,0.9914,29.36,5.214,
IMG_2555,calibrated,good,0°,4x6,21,1.17862,25.12753,0.9734,1.23618,-1.58204,0.9771,1.22711,2.59918,0.9901,30.729,5.215,
IMG_2471,calibrated,good,0°,4x6,21,1.15507,24.16456,0.9642,1.2074,-2.11927,0.9785,1.19715,2.7355,0.9924,29.289,5.216,
IMG_2800,calibrated,good,0°,4x6,21,1.11013,25.65212,0.9828,1.22178,-1.4655,0.9798,1.22795,1.91935,0.9878,29.508,5.216,
IMG_2147,calibrated,good,0°,4x6,21,1.19709,24.22294,0.9668,1.23881,-2.14451,0.9779,1.22557,2.59676,0.9919,30.414,5.217,
IMG_2558,calibrated,good,0°,4x6,21,1.24382,26.4994,0.9818,1.30601,-2.17998,0.9785,1.30405,2.76866,0.9902,33.521,5.219,
IMG_2719,calibrated,good,0°,4x6,21,1.25013,25.55971,0.9723,1.30937,-2.03069,0.9781,1.29848,2.71147,0.9918,32.876,5.219,
IMG_2958,calibrated,good,0°,4x6,21,1.0566,25.10562,0.9791,1.1689,-2.27357,0.9829,1.16873,2.1552,0.9888,27.479,5.219,
IMG_2007,calibrated,good,90°CW,4x6,21,1.07512,25.02999,0.9771,1.1862,-2.50452,0.9835,1.18418,2.0817,0.9883,27.925,5.22,
IMG_2616,calibrated,good,0°,4x6,21,1.1577,24.78224,0.9729,1.20176,-2.25291,0.9756,1.19869,2.64097,0.9908,29.881,5.22,
IMG_2105,calibrated,good,0°,4x6,21,1.20044,24.47857,0.9673,1.24693,-1.81127,0.9778,1.23364,2.75367,0.9921,30.733,5.223,
IMG_2029,calibrated,good,0°,4x6,21,1.07688,25.58234,0.9792,1.18028,-2.30932,0.9821,1.18589,2.20603,0.9879,28.492,5.224,
IMG_2564,calibrated,good,0°,4x6,21,1.2681,26.50992,0.9827,1.32363,-2.22442,0.9789,1.32375,2.75818,0.9897,34.062,5.224,
IMG_2932,calibrated,good,0°,4x6,21,1.09124,25.16646,0.9776,1.19757,-2.08262,0.983,1.19787,2.27254,0.9884,28.527,5.224,
IMG_1854,calibrated,good,0°,4x6,21,1.19874,24.70185,0.9711,1.2447,-2.11565,0.9762,1.23305,2.86626,0.9917,30.918,5.225,
IMG_2145,calibrated,good,0°,4x6,21,1.17706,24.03438,0.9673,1.21906,-2.13843,0.9773,1.20651,2.6088,0.992,29.726,5.225,
IMG_2483,calibrated,good,0°,4x6,21,1.20036,25.78363,0.9759,1.25273,-2.26125,0.9778,1.25356,2.5805,0.9906,31.837,5.225,
IMG_2572,calibrated,good,0°,4x6,21,1.15939,24.23242,0.9668,1.20888,-2.15495,0.9786,1.20375,2.25736,0.9917,29.433,5.225,
IMG_2922,calibrated,good,0°,4x6,21,1.08275,24.69372,0.9788,1.18242,-2.43381,0.9825,1.17353,2.55234,0.9882,27.87,5.225,
IMG_1778,calibrated,good,0°,4x6,21,1.04632,24.41177,0.9793,1.14048,-2.46041,0.9819,1.13835,2.11838,0.9874,26.511,5.227,
IMG_1796,calibrated,good,0°,4x6,21,1.18196,24.39019,0.9667,1.2226,-2.08092,0.9772,1.21625,2.64192,0.9919,30.19,5.227,
IMG_2494,calibrated,good,0°,4x6,21,1.23514,25.95473,0.9785,1.28726,-2.05992,0.9787,1.29009,2.67257,0.9905,32.834,5.227,
IMG_3004,calibrated,good,0°,4x6,21,1.05022,24.32102,0.9776,1.15523,-2.43166,0.9831,1.14547,2.46131,0.9882,26.557,5.227,
IMG_1762,calibrated,good,0°,4x6,22,1.01346,21.82611,0.9841,1.0327,-2.48073,0.9621,1.04533,2.37934,0.9868,23.103,5.228,
IMG_1886,calibrated,good,0°,4x6,21,1.19203,24.91099,0.9664,1.24908,-2.01193,0.9779,1.24543,2.36923,0.992,30.945,5.228,
IMG_2668,calibrated,good,0°,4x6,21,1.18485,24.61921,0.9659,1.24279,-1.43757,0.9792,1.23874,2.2514,0.9915,30.48,5.229,
IMG_2779,calibrated,good,0°,4x6,21,1.18631,24.8118,0.9674,1.23995,-2.09915,0.9781,1.23154,2.55117,0.9918,30.656,5.23,
IMG_2635,calibrated,good,0°,4x6,21,1.16903,24.63151,0.965,1.22821,-1.85066,0.978,1.21915,2.55106,0.9921,30.064,5.231,
IMG_2655,calibrated,good,0°,4x6,21,1.21304,25.34697,0.9729,1.26734,-2.08355,0.9781,1.26703,2.41661,0.9911,31.79,5.231,
IMG_2352,calibrated,good,0°,4x6,21,1.24644,27.51399,0.9866,1.37043,-2.04279,0.982,1.37151,2.26546,0.9889,34.534,5.234,
IMG_1847,calibrated,good,0°,4x6,21,1.21223,25.04936,0.9696,1.26303,-2.01965,0.9774,1.25796,2.52986,0.9916,31.549,5.235,
IMG_1883,calibrated,good,0°,4x6,21,1.19273,25.01672,0.9663,1.25469,-2.02351,0.9783,1.24683,2.42038,0.992,31.058,5.235,
IMG_2507,calibrated,good,0°,4x6,21,1.28094,26.27891,0.9794,1.33315,-2.05394,0.9785,1.33276,2.79517,0.9906,34.154,5.235,
IMG_2864,calibrated,good,0°,4x6,22,1.02795,22.35844,0.9807,1.06394,-2.16813,0.9664,1.08442,2.3516,0.9884,24.023,5.235,
IMG_1896,calibrated,good,0°,4x6,21,1.18755,24.81109,0.9674,1.24059,-2.12815,0.9774,1.2334,2.667,0.9923,30.742,5.236,
IMG_2556,calibrated,good,0°,4x6,21,1.25615,26.68687,0.9831,1.31274,-2.18023,0.9779,1.31723,2.739,0.9898,33.943,5.237,
IMG_1795,calibrated,good,0°,4x6,21,1.1691,24.40676,0.9639,1.21561,-2.01007,0.9777,1.21091,2.54235,0.9921,29.887,5.238,
IMG_1852,calibrated,good,0°,4x6,21,1.22941,25.16437,0.9697,1.27402,-1.95681,0.9771,1.27692,2.30528,0.9914,32.055,5.238,
IMG_2491,calibrated,good,0°,4x6,21,1.2181,25.56205,0.9752,1.26776,-2.11178,0.9782,1.26993,2.59615,0.9907,32.094,5.238,
IMG_2875,calibrated,good,0°,4x6,21,1.08548,25.12358,0.9789,1.21174,-1.63579,0.9818,1.19964,2.38527,0.9889,28.369,5.238,
IMG_2547,calibrated,good,0°,4x6,21,1.25112,26.62341,0.9836,1.30907,-2.16228,0.9777,1.31069,2.72727,0.9896,33.765,5.239,
IMG_2607,calibrated,good,0°,4x6,21,1.1695,24.54846,0.9653,1.2247,-1.95182,0.9772,1.21466,2.69319,0.9924,30.017,5.239,
IMG_2968,calibrated,good,0°,4x6,21,1.07055,25.44554,0.9786,1.1884,-2.38467,0.9816,1.18272,2.70045,0.9897,28.243,5.24,
IMG_2567,calibrated,good,0°,4x6,21,1.25375,26.79405,0.9815,1.30976,-2.35259,0.9776,1.31362,2.89901,0.99,33.97,5.241,
IMG_2760,calibrated,good,0°,4x6,21,1.18881,24.62905,0.9675,1.24098,-2.17252,0.9782,1.2287,2.7228,0.992,30.574,5.243,
IMG_2924,calibrated,good,0°,4x6,21,1.08273,24.92764,0.9779,1.18414,-2.4241,0.9821,1.18182,2.31626,0.988,28.06,5.243,
IMG_1721,calibrated,good,0°,4x6,21,1.0344,24.41025,0.9775,1.13649,-2.39467,0.9826,1.1329,2.01444,0.9877,26.152,5.244,
IMG_1917,calibrated,good,0°,4x6,21,1.1648,21.46274,0.9489,1.16715,-1.85904,0.9801,1.14928,2.33532,0.9916,27.162,5.244,
IMG_2470,calibrated,good,0°,4x6,21,1.26299,25.83826,0.9706,1.31974,-1.78435,0.9792,1.31574,2.68014,0.9917,33.414,5.244,
IMG_2495,calibrated,good,0°,4x6,21,1.22597,25.89273,0.9774,1.27989,-2.08968,0.978,1.2779,2.67315,0.9904,32.558,5.244,
IMG_2718,calibrated,good,0°,4x6,21,1.25352,25.56986,0.97,1.31029,-1.96832,0.9777,1.29941,2.6655,0.9917,32.954,5.244,
IMG_2893,calibrated,good,0°,4x6,21,1.04484,24.29857,0.9776,1.14649,-2.45039,0.9834,1.14072,2.42966,0.9881,26.355,5.244,
IMG_1808,calibrated,good,0°,4x6,21,1.18189,24.29712,0.9689,1.21933,-2.05047,0.976,1.21514,2.53237,0.9914,30.126,5.245,
IMG_1922,calibrated,good,0°,4x6,21,1.17634,24.00425,0.9605,1.22008,-2.13612,0.978,1.20804,2.63033,0.992,29.719,5.245,
IMG_1926,calibrated,good,0°,4x6,21,1.15936,23.42943,0.959,1.2038,-2.19024,0.979,1.18687,2.34767,0.9916,28.767,5.247,
IMG_1916,calibrated,good,0°,4x6,21,1.17912,23.83965,0.9619,1.21625,-2.03738,0.9781,1.20671,2.59098,0.9917,29.644,5.249,
IMG_1924,calibrated,good,0°,4x6,21,1.169,23.82588,0.9602,1.21089,-2.19715,0.9778,1.20106,2.43741,0.9919,29.373,5.249,
IMG_2502,calibrated,good,0°,4x6,21,1.23875,26.2191,0.977,1.29971,-2.10574,0.979,1.296,2.75263,0.9907,33.151,5.249,
IMG_1648,calibrated,good,0°,4x6,21,1.04842,24.82132,0.9772,1.16307,-2.12143,0.9814,1.15912,1.90369,0.988,26.94,5.25,
IMG_2030,calibrated,good,0°,4x6,21,1.07341,25.51852,0.9792,1.17458,-2.29465,0.981,1.17994,2.19275,0.9875,28.347,5.25,
IMG_1911,calibrated,good,0°,4x6,21,1.17235,24.14052,0.9616,1.21697,-2.04229,0.9778,1.20658,2.57862,0.9914,29.716,5.252,
IMG_1941,calibrated,good,0°,4x6,21,1.17769,23.76543,0.9607,1.21843,-2.07193,0.9779,1.20489,2.61207,0.9922,29.558,5.253,
IMG_2374,calibrated,good,0°,4x6,21,1.13514,25.86981,0.981,1.24785,-2.41365,0.9816,1.2391,2.43996,0.9883,30.361,5.253,
IMG_2216,calibrated,good,0°,4x6,21,1.16792,24.76627,0.9659,1.22213,-2.0346,0.9767,1.21601,2.71075,0.9928,30.115,5.254,
IMG_2706,calibrated,good,0°,4x6,20,1.27269,26.99471,0.9815,1.3371,-2.31328,0.9793,1.3367,2.96806,0.9899,34.524,5.254,
IMG_2640,calibrated,good,0°,4x6,20,1.28475,26.62549,0.9769,1.34642,-2.24814,0.9792,1.34148,2.81439,0.9906,34.471,5.255,
IMG_2667,calibrated,good,0°,4x6,21,1.28933,26.11545,0.9779,1.33879,-2.04634,0.9788,1.33703,2.68998,0.9904,34.203,5.255,
IMG_2497,calibrated,good,0°,4x6,21,1.23187,25.96827,0.976,1.28869,-1.99241,0.9783,1.28903,2.65422,0.9908,32.779,5.256,
IMG_2623,calibrated,good,0°,4x6,21,1.18143,25.01774,0.9663,1.24164,-1.8606,0.9785,1.23442,2.61926,0.9918,30.728,5.256,
IMG_2641,calibrated,good,0°,4x6,21,1.27736,25.95746,0.9769,1.32389,-2.08734,0.9779,1.32166,2.75276,0.9908,33.803,5.256,
IMG_2464,calibrated,good,0°,4x6,21,1.207,24.88867,0.9673,1.26573,-2.05514,0.9782,1.25104,2.73293,0.9923,31.267,5.257,
IMG_2111,calibrated,good,0°,4x6,21,1.22464,24.69619,0.9705,1.26895,-2.1381,0.9784,1.25519,2.714,0.9917,31.507,5.258,
IMG_2461,calibrated,good,0°,4x6,21,1.19748,24.44577,0.9674,1.25759,-1.59623,0.9796,1.24881,2.13302,0.992,30.683,5.26,
IMG_2895,calibrated,good,0°,4x6,21,1.04822,24.41469,0.9769,1.15221,-2.59853,0.9822,1.14402,2.51325,0.9882,26.585,5.26,
IMG_1879,calibrated,good,0°,4x6,21,1.21604,24.88828,0.9672,1.28346,-1.52938,0.9799,1.26849,2.27651,0.9917,31.584,5.262,
IMG_2330,calibrated,good,0°,4x6,20,1.21989,28.37621,0.983,1.36039,-2.08709,0.9824,1.36635,2.31738,0.9886,34.585,5.265,
IMG_2830,calibrated,good,0°,4x6,20,1.24099,28.2915,0.9872,1.3705,-2.29741,0.9798,1.36582,2.98761,0.9894,34.979,5.265,
IMG_1897,calibrated,good,0°,4x6,21,1.18729,24.9585,0.966,1.24106,-1.98869,0.9775,1.23795,2.57808,0.9923,30.85,5.266,
IMG_2666,calibrated,good,0°,4x6,21,1.28995,26.04153,0.9776,1.34092,-2.17017,0.9785,1.33307,2.83697,0.9909,34.163,5.266,
IMG_2322,calibrated,good,0°,4x6,20,1.19932,27.95,0.9815,1.3379,-2.28055,0.982,1.33258,2.77687,0.9888,33.748,5.267,
IMG_2621,calibrated,good,0°,4x6,21,1.1648,24.64079,0.9647,1.22093,-1.87593,0.9782,1.21414,2.50604,0.9919,29.943,5.267,
IMG_2935,calibrated,good,0°,4x6,21,1.09177,25.32315,0.9781,1.20186,-2.20683,0.9817,1.19663,2.41203,0.9884,28.704,5.267,
IMG_2636,calibrated,good,0°,4x6,21,1.17629,24.63177,0.9644,1.23208,-1.98536,0.978,1.22295,2.73738,0.9922,30.259,5.27,
IMG_2020,calibrated,good,0°,4x6,21,1.17516,27.46719,0.9818,1.30244,-2.44489,0.9816,1.30532,2.41757,0.9887,32.818,5.271,
IMG_2884,calibrated,good,0°,4x6,21,1.06137,25.01927,0.9768,1.1759,-2.45829,0.9816,1.16769,2.80768,0.9889,27.562,5.271,
IMG_1814,calibrated,good,0°,4x6,21,1.1817,24.46803,0.9679,1.22785,-1.94008,0.9766,1.2211,2.4278,0.9917,30.266,5.272,
IMG_1859,calibrated,good,0°,4x6,21,1.19333,24.76647,0.9689,1.24368,-2.16309,0.9765,1.23213,2.73454,0.9918,30.843,5.272,
IMG_2568,calibrated,good,0°,4x6,21,1.22269,25.23295,0.9703,1.28048,-1.98753,0.9776,1.2707,2.65321,0.9916,31.945,5.272,
IMG_2097,calibrated,good,0°,4x6,21,1.2526,25.14749,0.9707,1.2958,-2.14888,0.978,1.28443,2.76719,0.9913,32.557,5.273,
IMG_1925,calibrated,good,0°,4x6,21,1.15364,23.49744,0.9596,1.18986,-2.23344,0.977,1.17581,2.88119,0.992,28.667,5.275,
IMG_2949,calibrated,good,0°,4x6,21,1.09097,25.62741,0.9787,1.21154,-2.32402,0.982,1.2068,2.44469,0.9891,28.963,5.276,
IMG_2220,calibrated,good,0°,4x6,21,1.18326,25.00771,0.9674,1.23785,-2.01124,0.9762,1.23125,2.76115,0.9931,30.724,5.277,
IMG_1920,calibrated,good,0°,4x6,21,1.17363,23.96307,0.9593,1.21737,-2.10898,0.9786,1.20574,2.671,0.9921,29.625,5.278,
IMG_1948,calibrated,good,0°,4x6,21,1.22184,24.64681,0.9615,1.27082,-1.87029,0.9789,1.25832,2.56731,0.992,31.445,5.279,
IMG_1659,calibrated,good,0°,4x6,21,1.08753,25.65878,0.9778,1.20567,-2.4184,0.9828,1.20135,2.0786,0.988,28.881,5.28,
IMG_2038,calibrated,good,0°,4x6,21,1.04887,24.98098,0.9767,1.15172,-2.47504,0.9815,1.15,2.3138,0.9875,27.125,5.28,
IMG_2137,calibrated,good,0°,4x6,21,1.18859,24.37349,0.9662,1.24293,-1.66919,0.9771,1.23184,2.55575,0.992,30.389,5.28,
IMG_2885,calibrated,good,0°,4x6,21,1.05896,25.05534,0.977,1.17746,-2.51463,0.9817,1.16653,2.7518,0.989,27.525,5.28,
IMG_2133,calibrated,good,0°,4x6,21,1.21345,24.40132,0.9678,1.26416,-1.53018,0.9777,1.25138,2.25185,0.9913,31.008,5.281,
IMG_1791,calibrated,good,0°,4x6,21,1.08569,25.51917,0.9783,1.21736,-2.15335,0.9809,1.19719,2.22864,0.989,28.706,5.282,
IMG_1741,calibrated,good,0°,4x6,22,0.98251,21.37347,0.9826,0.98972,-2.43289,0.9597,1.00837,2.60291,0.9863,21.706,5.283,
IMG_2633,calibrated,good,0°,4x6,21,1.177,24.82538,0.9659,1.23239,-1.86993,0.9778,1.22681,2.62183,0.9918,30.44,5.283,
IMG_2160,calibrated,good,0°,4x6,21,1.10169,23.6178,0.9606,1.16025,-1.86683,0.9776,1.14687,2.65363,0.9929,27.27,5.284,
IMG_2578,calibrated,good,0°,4x6,21,1.24841,25.92238,0.9737,1.3015,-2.05165,0.9784,1.3004,2.63875,0.9906,33.121,5.286,
IMG_1890,calibrated,good,0°,4x6,21,1.19943,25.14408,0.9653,1.25774,-2.12926,0.9773,1.25154,2.45363,0.9921,31.316,5.291,
IMG_2074,calibrated,good,0°,4x6,22,1.00854,22.68732,0.9799,1.04163,-2.18029,0.9651,1.06937,2.20414,0.987,23.712,5.294,
IMG_2664,calibrated,good,0°,4x6,21,1.28747,26.25505,0.9779,1.34348,-2.04719,0.9783,1.33503,2.80796,0.9905,34.281,5.294,
IMG_1696,calibrated,good,0°,4x6,21,1.11375,26.0243,0.9792,1.2238,-2.33954,0.9811,1.22528,2.3676,0.9881,29.928,5.295,
IMG_2540,calibrated,good,0°,4x6,21,1.15728,24.69915,0.9641,1.20934,-1.7722,0.9771,1.20461,2.69727,0.9915,29.819,5.295,
IMG_1845,calibrated,good,0°,4x6,21,1.23188,25.36768,0.9711,1.28106,-2.11688,0.978,1.27152,2.71051,0.9914,32.294,5.296,
IMG_2034,calibrated,good,0°,4x6,21,1.06774,25.43696,0.9777,1.17168,-2.39004,0.9816,1.17651,2.29432,0.9877,28.12,5.297,
IMG_2628,calibrated,good,0°,4x6,21,1.19081,24.82356,0.9659,1.25029,-1.8273,0.9786,1.24262,2.58937,0.9919,30.802,5.299,
IMG_2642,calibrated,good,0°,4x6,19,1.32688,25.94818,0.9747,1.38527,-1.80046,0.9845,1.37537,2.52751,0.9897,34.968,5.299,
IMG_2936,calibrated,good,0°,4x6,21,1.09665,25.28852,0.978,1.20564,-2.55259,0.9821,1.19886,2.36628,0.988,28.802,5.299,
IMG_2656,calibrated,good,0°,4x6,21,1.28716,26.13162,0.9756,1.33783,-2.09906,0.9786,1.33334,2.84512,0.9908,34.17,5.3,
IMG_2008,calibrated,good,0°,4x6,21,1.10477,25.91442,0.9771,1.22439,-2.32145,0.9833,1.22308,2.28904,0.9884,29.579,5.301,
IMG_1891,calibrated,good,0°,4x6,21,1.21019,25.36617,0.9653,1.27232,-2.10606,0.9777,1.26304,2.67954,0.9922,31.801,5.302,
IMG_2319,calibrated,good,0°,4x6,21,1.14492,26.37229,0.9832,1.26578,-1.64018,0.981,1.26749,2.06885,0.9867,31.081,5.302,
IMG_2600,calibrated,good,0°,4x6,21,1.19142,24.84087,0.9668,1.2516,-1.51946,0.9784,1.24477,2.67897,0.9916,30.863,5.302,
IMG_2514,calibrated,good,0°,4x6,21,1.27741,26.03278,0.9747,1.33298,-1.88542,0.979,1.33011,2.60717,0.9909,33.89,5.304,
IMG_2878,calibrated,good,0°,4x6,21,1.0695,25.41447,0.9754,1.18397,-2.67752,0.9828,1.18637,2.62253,0.9887,28.15,5.304,
IMG_1943,calibrated,good,0°,4x6,21,1.22574,24.89967,0.9608,1.28444,-2.12971,0.9778,1.2676,2.59773,0.9923,31.789,5.306,
IMG_2629,calibrated,good,0°,4x6,21,1.20041,25.24964,0.9663,1.26231,-1.8615,0.9777,1.25508,2.62679,0.9919,31.412,5.306,
IMG_2716,calibrated,good,0°,4x6,21,1.27859,25.95237,0.974,1.33158,-2.06066,0.9771,1.32537,2.81161,0.9914,33.853,5.306,
IMG_2095,calibrated,good,0°,4x6,21,1.2423,25.18832,0.9716,1.28922,-2.19542,0.9773,1.2757,2.78732,0.9912,32.342,5.307,
IMG_2033,calibrated,good,0°,4x6,21,1.0643,25.31436,0.9774,1.16706,-2.40332,0.9812,1.1675,2.30819,0.9877,27.907,5.309,
IMG_2513,calibrated,good,0°,4x6,21,1.28497,25.93527,0.973,1.33839,-1.93742,0.9789,1.33625,2.67804,0.9913,33.994,5.309,
IMG_2473,calibrated,good,0°,4x6,21,1.25589,25.75727,0.9695,1.31751,-1.96904,0.9786,1.30674,2.74912,0.9918,33.199,5.311,
IMG_2134,calibrated,good,0°,4x6,21,1.24691,24.75778,0.9699,1.2922,-1.34945,0.9775,1.2809,2.44665,0.9912,32.126,5.314,
IMG_1676,calibrated,good,0°,4x6,21,1.12737,26.30677,0.9789,1.24427,-2.45481,0.9822,1.2385,2.42978,0.988,30.557,5.315,
IMG_3016,calibrated,good,0°,4x6,21,1.08339,25.41265,0.9779,1.19977,-2.45794,0.9811,1.18903,2.87393,0.9885,28.57,5.316,
IMG_2950,calibrated,good,0°,4x6,21,1.21844,27.72152,0.98,1.35873,-2.34353,0.9828,1.35951,2.51543,0.9896,34.106,5.318,
IMG_2039,calibrated,good,0°,4x6,22,1.01723,22.95035,0.9796,1.05234,-2.07612,0.9637,1.07693,2.30578,0.9876,24.267,5.32,
IMG_1781,calibrated,good,0°,4x6,21,1.10656,25.86054,0.9785,1.22441,-2.41782,0.9818,1.21721,2.29073,0.9877,29.599,5.321,
IMG_2106,calibrated,good,0°,4x6,21,1.20117,24.55571,0.9667,1.24587,-2.15102,0.977,1.23582,2.653,0.9919,30.822,5.323,
IMG_2645,calibrated,good,0°,4x6,21,1.29029,26.20742,0.9765,1.3409,-2.01153,0.9776,1.33655,2.86953,0.9908,34.307,5.323,
IMG_2954,calibrated,good,0°,4x6,21,1.10024,26.32247,0.9785,1.23253,-2.63856,0.9821,1.22638,2.5787,0.9893,29.885,5.325,
IMG_2638,calibrated,good,0°,4x6,21,1.24568,25.67629,0.9698,1.30657,-2.02699,0.9778,1.2945,2.81095,0.9916,32.873,5.326,
IMG_2320,calibrated,good,0°,4x6,19,1.2827,28.9977,0.981,1.45022,-1.7711,0.9878,1.46383,2.17181,0.9885,36.552,5.327,
IMG_1935,calibrated,good,0°,4x6,21,1.11345,21.05041,0.9451,1.11382,-1.48556,0.9785,1.10379,2.64308,0.9925,25.321,5.328,
IMG_2686,calibrated,good,0°,4x6,19,1.37388,26.93256,0.9826,1.43591,-1.96615,0.9853,1.42917,2.8103,0.989,36.678,5.329,
IMG_2901,calibrated,good,0°,4x6,21,1.05302,24.82964,0.976,1.16124,-2.4079,0.9813,1.15607,2.69411,0.9885,27.13,5.329,
IMG_2912,calibrated,good,0°,4x6,21,1.06719,24.709,0.9775,1.16822,-2.44565,0.981,1.16151,2.51226,0.9875,27.428,5.329,
IMG_2934,calibrated,good,0°,4x6,21,1.06056,24.34047,0.9792,1.16622,-1.7228,0.9798,1.15391,2.55398,0.9873,26.926,5.33,
IMG_3017,calibrated,good,0°,4x6,21,1.0696,24.82731,0.9774,1.18044,-2.49352,0.9816,1.16748,2.5564,0.9883,27.619,5.33,
IMG_2026,calibrated,good,0°,4x6,21,1.08196,25.72155,0.9772,1.19234,-2.33535,0.9827,1.19524,2.24062,0.9876,28.781,5.331,
IMG_2622,calibrated,good,0°,4x6,21,1.17793,25.01123,0.9641,1.23823,-1.96209,0.977,1.22806,2.67861,0.9919,30.629,5.333,
IMG_1666,calibrated,good,0°,4x6,21,1.05934,24.5718,0.9802,1.15904,-1.8093,0.9815,1.16329,1.96472,0.9871,27.087,5.335,
IMG_1918,calibrated,good,0°,4x6,21,1.17502,24.04621,0.9592,1.21952,-2.09582,0.978,1.20912,2.40088,0.9916,29.721,5.336,
IMG_1946,calibrated,good,0°,4x6,21,1.22019,24.81153,0.9611,1.27085,-2.2046,0.9777,1.25952,2.53292,0.9917,31.557,5.336,
IMG_3020,calibrated,good,0°,4x6,21,1.06116,24.81708,0.978,1.16795,-2.41022,0.982,1.15928,2.77877,0.9884,27.371,5.336,
IMG_1700,calibrated,good,0°,4x6,21,1.11521,26.14114,0.9793,1.2297,-2.71156,0.9812,1.22301,2.48488,0.9882,30.088,5.339,
IMG_1773,calibrated,good,0°,4x6,21,1.14594,26.59379,0.9804,1.2644,-2.44826,0.9818,1.26195,2.40195,0.9878,31.288,5.339,
IMG_1885,calibrated,good,0°,4x6,21,1.1976,25.19328,0.9653,1.25916,-1.96078,0.9768,1.24878,2.51593,0.9917,31.325,5.341,
IMG_2920,calibrated,good,0°,4x6,21,1.0636,24.64104,0.9772,1.16786,-2.52861,0.9819,1.16072,2.23121,0.9875,27.267,5.342,
IMG_3005,calibrated,good,0°,4x6,21,1.09437,25.29751,0.9771,1.22051,-1.8092,0.9816,1.20557,2.25764,0.9879,28.812,5.344,
IMG_1875,calibrated,good,0°,4x6,21,1.22595,25.53496,0.9665,1.2809,-1.98376,0.9776,1.27771,2.64418,0.9914,32.319,5.345,
IMG_2153,calibrated,good,0°,4x6,21,1.24889,25.41465,0.9668,1.29901,-2.26205,0.9775,1.28711,2.75236,0.9919,32.697,5.346,
IMG_1861,calibrated,good,0°,4x6,21,1.18983,24.30892,0.9631,1.24778,-1.87603,0.9788,1.22457,2.3633,0.9916,30.365,5.347,
IMG_1937,calibrated,good,0°,4x6,21,1.23437,24.91146,0.9617,1.28057,-1.9363,0.9783,1.27418,2.57495,0.9915,31.985,5.347,
IMG_2967,calibrated,good,0°,4x6,21,1.21482,27.80694,0.9801,1.35246,-2.24377,0.9825,1.35304,2.51282,0.9894,34.079,5.347,
IMG_3019,calibrated,good,0°,4x6,21,1.08723,25.56146,0.9775,1.20917,-2.55818,0.9828,1.20345,2.34644,0.9883,28.797,5.347,
IMG_2035,calibrated,good,0°,4x6,21,1.07076,25.48496,0.9772,1.17533,-2.41026,0.9813,1.17921,2.29422,0.9876,28.265,5.348,
IMG_2083,calibrated,good,0°,4x6,21,1.06248,25.88005,0.9751,1.18415,-2.47679,0.9831,1.18475,2.33114,0.9882,28.368,5.348,
IMG_2892,calibrated,good,0°,4x6,21,1.08852,25.63783,0.9773,1.21351,-2.63178,0.9823,1.20348,2.68008,0.9889,28.924,5.348,
IMG_2589,calibrated,good,0°,4x6,21,1.21432,25.63059,0.9657,1.28169,-1.87708,0.9782,1.27338,2.63203,0.9918,32.101,5.35,
IMG_2910,calibrated,good,0°,4x6,21,1.05873,24.65902,0.9761,1.16121,-2.49022,0.9822,1.16075,2.14339,0.9872,27.126,5.35,
IMG_1679,calibrated,good,0°,4x6,21,1.14389,26.82899,0.9794,1.27099,-2.40064,0.9823,1.26846,2.32971,0.9878,31.468,5.351,
IMG_1694,calibrated,good,90°CW,4x6,21,1.16898,27.27238,0.9793,1.2988,-2.2988,0.9826,1.30002,2.36363,0.9887,32.491,5.351,
IMG_2585,calibrated,good,0°,4x6,21,1.24445,25.61307,0.9679,1.3027,-2.05876,0.9783,1.2952,2.71934,0.9917,32.8,5.352,
IMG_2874,calibrated,good,0°,4x6,21,1.06891,25.46766,0.9759,1.18836,-2.53344,0.983,1.188,2.26754,0.9883,28.161,5.352,
IMG_2644,calibrated,good,0°,4x6,21,1.30117,26.40631,0.9774,1.35444,-2.27969,0.9783,1.34759,2.94812,0.9906,34.701,5.354,
IMG_2911,calibrated,good,0°,4x6,21,1.18867,27.1071,0.9786,1.32182,-2.19899,0.9825,1.31541,2.54391,0.9888,32.839,5.354,
IMG_2711,calibrated,good,0°,4x6,21,1.26211,25.77298,0.9721,1.31971,-2.18238,0.9775,1.31267,2.5883,0.9911,33.349,5.356,
IMG_2025,calibrated,good,0°,4x6,21,1.15573,27.01001,0.9799,1.27063,-2.30536,0.982,1.28019,2.39874,0.9884,31.906,5.357,
IMG_2326,calibrated,good,0°,4x6,20,1.21671,28.44962,0.9807,1.36356,-2.43481,0.981,1.36162,2.55129,0.9884,34.568,5.358,
IMG_2879,calibrated,good,0°,4x6,21,1.06221,24.96988,0.9761,1.17319,-2.58689,0.9815,1.16758,2.51942,0.9882,27.547,5.36,
IMG_2963,calibrated,good,0°,4x6,21,1.153,26.63052,0.9789,1.28043,-2.29815,0.9821,1.27546,2.68544,0.989,31.549,5.36,
IMG_1646,calibrated,good,0°,4x6,21,1.08674,25.87633,0.9778,1.20326,-2.32811,0.9818,1.20345,2.22919,0.9875,29.061,5.361,
IMG_2964,calibrated,good,0°,4x6,21,1.12956,26.61138,0.9789,1.2652,-2.35067,0.9823,1.2604,2.31254,0.9888,30.909,5.361,
IMG_1671,calibrated,good,0°,4x6,21,1.16242,27.16308,0.9799,1.28852,-2.34062,0.9817,1.28984,2.35811,0.9881,32.237,5.362,
IMG_1870,calibrated,good,0°,4x6,21,1.23434,25.37638,0.964,1.28563,-1.99452,0.9774,1.27872,2.70472,0.9917,32.37,5.362,
IMG_2328,calibrated,good,0°,4x6,20,1.20828,28.20359,0.9819,1.35079,-2.31377,0.9807,1.34709,2.76542,0.9887,34.194,5.364,
IMG_2870,calibrated,good,0°,4x6,21,1.10988,26.25013,0.9764,1.23878,-2.20398,0.983,1.24251,2.07131,0.9881,30.033,5.365,
IMG_2942,calibrated,good,0°,4x6,21,1.20931,27.94712,0.9782,1.35505,-2.3449,0.9836,1.35503,2.54356,0.9888,34.088,5.366,
IMG_3015,calibrated,good,0°,4x6,21,1.06466,24.76825,0.9778,1.17464,-2.52414,0.9806,1.16269,2.60542,0.9884,27.434,5.366,
IMG_2085,calibrated,good,0°,4x6,21,1.03626,25.29809,0.9746,1.14804,-2.26466,0.9815,1.1558,2.12039,0.9879,27.032,5.371,
IMG_2627,calibrated,good,0°,4x6,21,1.18133,25.30668,0.9651,1.24437,-1.8572,0.9768,1.24082,2.6387,0.9917,30.987,5.371,
IMG_2763,calibrated,good,0°,4x6,21,1.25549,25.96297,0.969,1.31904,-2.05139,0.9781,1.31052,2.78554,0.9915,33.36,5.372,
IMG_2955,calibrated,good,0°,4x6,21,1.20593,28.06473,0.9787,1.35969,-2.27524,0.9828,1.35371,2.54697,0.9896,34.134,5.372,
IMG_1775,calibrated,good,0°,4x6,21,1.02838,24.02484,0.9782,1.12967,-2.36986,0.9799,1.11568,2.29567,0.9865,25.655,5.373,
IMG_2060,calibrated,good,0°,4x6,21,1.06637,25.88097,0.9754,1.18769,-2.39668,0.9833,1.19225,2.18257,0.9881,28.497,5.373,
IMG_2086,calibrated,good,0°,4x6,21,1.03507,25.02318,0.9745,1.14199,-2.41811,0.9817,1.14405,2.31917,0.9876,26.755,5.374,
IMG_2325,calibrated,good,0°,4x6,20,1.23875,28.50653,0.9823,1.37861,-2.5173,0.9811,1.37462,2.74198,0.9883,35.116,5.374,
IMG_2529,calibrated,good,0°,4x6,19,1.30207,26.21748,0.9706,1.36116,-1.68073,0.9849,1.35656,2.55705,0.9893,34.645,5.374,
IMG_2861,calibrated,good,0°,4x6,22,1.0254,22.95994,0.9803,1.06575,-2.90413,0.9641,1.0842,2.54677,0.9884,24.551,5.375,
IMG_1893,calibrated,good,0°,4x6,21,1.21408,25.43627,0.9659,1.27239,-2.09226,0.9772,1.26707,2.73014,0.9916,31.957,5.376,
IMG_1942,calibrated,good,0°,4x6,21,1.2378,25.08265,0.9626,1.29183,-2.11824,0.9788,1.27656,2.71789,0.9915,32.213,5.377,
IMG_2324,calibrated,good,0°,4x6,20,1.21985,28.43183,0.9814,1.36545,-2.56865,0.9825,1.36172,2.68684,0.9884,34.646,5.377,
IMG_2331,calibrated,good,0°,4x6,21,1.16624,26.92963,0.9804,1.29496,-1.65154,0.9829,1.29861,2.01962,0.9867,32.127,5.379,
IMG_2525,calibrated,good,0°,4x6,21,1.25024,26.2629,0.9704,1.30331,-1.89884,0.9776,1.30639,2.62636,0.9906,33.455,5.379,
IMG_2586,calibrated,good,0°,4x6,21,1.20738,25.41758,0.966,1.27753,-2.07263,0.9778,1.26092,2.90601,0.992,31.75,5.379,
IMG_2425,calibrated,good,0°,4x6,21,1.19175,27.27158,0.9813,1.31881,-2.39687,0.981,1.31218,2.72072,0.9881,33.059,5.38,
IMG_2321,calibrated,good,0°,4x6,21,1.13814,26.2552,0.9808,1.25524,-1.85027,0.9822,1.2581,2.11033,0.9884,30.813,5.381,
IMG_2411,calibrated,good,0°,4x6,21,1.10184,25.78232,0.9791,1.22346,-2.36147,0.9806,1.21363,2.56646,0.9881,29.435,5.384,
IMG_2411_J12,calibrated,good,0°,4x6,21,1.10184,25.78232,0.9791,1.22346,-2.36147,0.9806,1.21363,2.56646,0.9881,29.435,5.384,
IMG_2873,calibrated,good,0°,4x6,21,1.06838,25.61314,0.9767,1.18417,-2.47559,0.9804,1.18675,2.24571,0.9874,28.295,5.384,
IMG_2904,calibrated,good,0°,4x6,21,1.06332,25.22663,0.9771,1.18181,-2.32442,0.98,1.16847,3.03639,0.9889,27.848,5.384,
IMG_3018,calibrated,good,0°,4x6,21,1.08579,25.65489,0.9773,1.20988,-2.56016,0.982,1.20122,2.5392,0.9886,28.864,5.386,
IMG_2409,calibrated,good,0°,4x6,21,1.12475,26.27846,0.9799,1.24962,-2.48425,0.9815,1.24047,2.37237,0.9873,30.475,5.387,
IMG_2409_J12,calibrated,good,0°,4x6,21,1.12475,26.27846,0.9799,1.24962,-2.48425,0.9815,1.24047,2.37237,0.9873,30.475,5.387,
IMG_2566,calibrated,good,0°,4x6,20,1.25379,27.09461,0.9797,1.32021,-2.42831,0.9779,1.31821,2.9104,0.9894,34.192,5.387,
IMG_2889,calibrated,good,0°,4x6,22,1.03316,22.94275,0.9809,1.07044,-2.95439,0.9628,1.08646,2.91744,0.9889,24.817,5.387,
IMG_2938,calibrated,good,0°,4x6,21,1.17684,26.97278,0.9799,1.30506,-2.30118,0.9814,1.29554,2.69069,0.9884,32.434,5.388,
IMG_3021,calibrated,good,0°,4x6,21,1.07065,25.04359,0.977,1.18365,-2.45902,0.9813,1.17493,2.60882,0.9882,27.865,5.389,
IMG_2522,calibrated,good,0°,4x6,19,1.3234,26.39919,0.9724,1.38523,-1.65273,0.9846,1.37976,2.52269,0.9891,35.255,5.39,
IMG_2406,calibrated,good,0°,4x6,21,1.13969,26.75561,0.9806,1.26306,-2.58265,0.9816,1.2588,2.37009,0.987,31.277,5.391,
IMG_2406_J12,calibrated,good,0°,4x6,21,1.13969,26.75561,0.9806,1.26306,-2.58265,0.9816,1.2588,2.37009,0.987,31.277,5.391,
IMG_2620,calibrated,good,0°,4x6,21,1.25051,25.93404,0.9679,1.31253,-1.88911,0.9779,1.3083,2.67738,0.9916,33.229,5.393,
IMG_1913,calibrated,good,0°,4x6,21,1.2237,25.03762,0.9629,1.2758,-2.02917,0.9776,1.26419,2.62355,0.9915,31.823,5.394,
IMG_2915,calibrated,good,0°,4x6,21,1.14474,26.39818,0.9781,1.26597,-2.32977,0.9817,1.25956,2.56593,0.9877,31.099,5.394,
IMG_2624,calibrated,good,0°,4x6,21,1.17967,25.13074,0.9655,1.23782,-1.77205,0.9766,1.23334,2.60856,0.9913,30.777,5.395,
IMG_2516,calibrated,good,0°,4x6,21,1.24279,26.30946,0.9713,1.30418,-1.99952,0.9784,1.3043,2.63479,0.9904,33.351,5.397,
IMG_2881,calibrated,good,0°,4x6,22,1.02971,21.94046,0.9825,1.05113,-2.17734,0.9603,1.06895,2.4082,0.9868,23.739,5.399,
IMG_2533,calibrated,good,0°,4x6,19,1.32669,26.38202,0.9715,1.3829,-1.72686,0.9841,1.38103,2.51002,0.9894,35.296,5.4,
IMG_2634,calibrated,good,0°,4x6,21,1.24813,25.7927,0.9662,1.3115,-1.89838,0.9778,1.30382,2.75385,0.9915,33.047,5.4,
IMG_1914,calibrated,good,0°,4x6,21,1.21855,24.74161,0.958,1.26863,-1.91545,0.9785,1.25242,2.68303,0.9916,31.446,5.402,
IMG_2528,calibrated,good,0°,4x6,19,1.30518,26.41351,0.9725,1.36997,-1.69577,0.9848,1.3665,2.52748,0.9889,34.888,5.403,
IMG_2919,calibrated,good,0°,4x6,22,1.04437,22.60623,0.981,1.07585,-1.94952,0.9619,1.09056,2.65578,0.987,24.858,5.403,
IMG_2768,calibrated,good,0°,4x6,21,1.25341,25.96032,0.9708,1.31528,-2.04523,0.9783,1.30794,2.72185,0.9909,33.311,5.404,
IMG_2329,calibrated,good,0°,4x6,20,1.23333,28.61696,0.9816,1.37957,-2.46877,0.9816,1.37598,2.66587,0.9886,35.1,5.405,
IMG_2500,calibrated,good,0°,4x6,21,1.20822,25.47132,0.971,1.25305,-2.1015,0.9765,1.25055,2.86068,0.9907,31.765,5.405,
IMG_2149,calibrated,good,0°,4x6,21,1.25434,25.60645,0.9671,1.30871,-2.13362,0.977,1.29616,2.74374,0.9916,33.011,5.407,
IMG_2965,calibrated,good,0°,4x6,21,1.13934,26.71687,0.9789,1.26926,-2.26848,0.9817,1.2676,2.34613,0.9887,31.266,5.408,
IMG_1677,calibrated,good,0°,4x6,21,1.1488,26.84842,0.979,1.26892,-2.42018,0.9824,1.2704,2.40357,0.9876,31.601,5.409,
IMG_2531,calibrated,good,0°,4x6,19,1.30772,26.23056,0.972,1.37113,-1.63527,0.9845,1.36135,2.55655,0.9888,34.793,5.409,
IMG_2872,calibrated,good,0°,4x6,22,1.04739,22.82996,0.981,1.0874,-2.11567,0.9626,1.1027,2.75977,0.9882,25.16,5.409,
IMG_1709,calibrated,good,0°,4x6,21,1.06361,24.9265,0.9769,1.16561,-2.64579,0.9808,1.1593,2.45559,0.9875,27.547,5.411,
IMG_2947,calibrated,good,0°,4x6,21,1.19572,27.92588,0.978,1.35019,-2.41395,0.9828,1.34239,2.68478,0.9891,33.773,5.411,
IMG_2969,calibrated,good,0°,4x6,21,1.13891,26.82059,0.9797,1.27111,-2.75833,0.9817,1.26172,2.71031,0.9888,31.34,5.411,
IMG_2018,calibrated,good,0°,4x6,22,1.01005,22.0878,0.9816,1.02589,-2.10729,0.9625,1.05346,2.06436,0.9862,23.204,5.412,
IMG_2882,calibrated,good,0°,4x6,21,1.07651,25.58965,0.976,1.20265,-2.53634,0.9813,1.19399,2.62716,0.9886,28.549,5.412,
IMG_2891,calibrated,good,0°,4x6,21,1.09326,25.7013,0.9756,1.21548,-2.47423,0.9819,1.20889,2.87732,0.9888,29.127,5.413,
IMG_2933,calibrated,good,0°,4x6,21,1.0584,24.56363,0.9782,1.16942,-1.63151,0.9803,1.15882,2.30684,0.9878,27.053,5.413,
IMG_2037,calibrated,good,0°,4x6,21,1.13404,26.96374,0.978,1.25553,-2.52296,0.9816,1.25657,2.5662,0.9878,31.329,5.415,
IMG_2072,calibrated,good,0°,4x6,21,1.03867,25.41328,0.9738,1.15347,-2.35435,0.9824,1.16186,1.8874,0.9874,27.206,5.416,
IMG_2355,calibrated,good,0°,4x6,21,1.14409,26.18327,0.9789,1.26925,-1.58905,0.9807,1.26819,2.17708,0.9884,30.929,5.416,
IMG_2479,calibrated,good,0°,4x6,20,1.3276,25.67526,0.9722,1.3856,-1.64913,0.9834,1.37205,2.58989,0.9902,34.862,5.416,
IMG_2595,calibrated,good,0°,4x6,21,1.25292,26.19347,0.9675,1.32019,-1.93196,0.9776,1.31231,2.73743,0.9915,33.495,5.42,
IMG_2914,calibrated,good,0°,4x6,21,1.14599,26.41505,0.9773,1.26561,-2.54189,0.9818,1.25862,2.71437,0.9879,31.143,5.421,
IMG_2886,calibrated,good,0°,4x6,21,1.05447,24.96662,0.9759,1.16652,-2.51286,0.9807,1.16035,2.50069,0.9879,27.305,5.423,
IMG_1947,calibrated,good,0°,4x6,21,1.22752,24.90211,0.9594,1.27833,-2.14546,0.9775,1.26117,2.85079,0.9918,31.817,5.424,
IMG_2015,calibrated,good,0°,4x6,22,1.04085,23.12788,0.9786,1.08126,-2.11307,0.9632,1.10205,2.42646,0.9882,25.196,5.424,
IMG_1940,calibrated,good,0°,4x6,21,1.207,23.2852,0.9476,1.22688,-1.1198,0.9784,1.2179,2.51399,0.9911,29.91,5.425,
IMG_1945,calibrated,good,0°,4x6,21,1.26486,25.39511,0.964,1.3201,-1.94662,0.978,1.30678,2.62186,0.9911,33.145,5.425,
IMG_2866,calibrated,good,0°,4x6,21,1.0893,25.95166,0.9758,1.22145,-2.58329,0.9829,1.21744,2.3041,0.9885,29.205,5.425,
IMG_3002,calibrated,good,0°,4x6,21,1.10289,26.0014,0.9766,1.23382,-2.33185,0.982,1.22563,2.52747,0.9886,29.658,5.425,
IMG_1720,calibrated,good,0°,4x6,21,1.03133,25.17976,0.9777,1.13083,-2.45063,0.98,1.13233,2.02688,0.9857,26.828,5.426,
IMG_2945,calibrated,good,0°,4x6,20,1.19834,28.53786,0.9785,1.35475,-2.75119,0.9823,1.3458,2.89376,0.989,34.244,5.426,
IMG_2632,calibrated,good,0°,4x6,21,1.26008,25.92988,0.9668,1.32477,-1.85556,0.9782,1.31489,2.79036,0.9913,33.45,5.429,
IMG_2142,calibrated,good,0°,4x6,21,1.24367,25.53733,0.9652,1.30567,-1.50255,0.9772,1.29387,2.68358,0.9912,32.759,5.43,
IMG_2059,calibrated,good,0°,4x6,21,1.1118,26.9031,0.9767,1.24429,-2.49033,0.9819,1.24482,2.49601,0.9884,30.708,5.432,
IMG_2081,calibrated,good,0°,4x6,21,1.06259,25.98438,0.9736,1.18537,-2.34711,0.9828,1.19023,2.23587,0.9879,28.468,5.432,
IMG_2135,calibrated,good,0°,4x6,19,1.33469,25.76174,0.9707,1.39381,-2.00023,0.9835,1.37339,2.59816,0.9899,34.993,5.433,
IMG_2136,calibrated,good,0°,4x6,19,1.34716,25.75761,0.9685,1.39728,-1.85617,0.984,1.38116,2.62502,0.9899,35.248,5.433,
IMG_2327,calibrated,good,0°,4x6,20,1.23122,28.64593,0.9809,1.38133,-2.18882,0.9818,1.38702,2.29516,0.9882,35.091,5.433,
IMG_2532,calibrated,good,0°,4x6,19,1.31484,26.51894,0.9733,1.38071,-1.83061,0.9842,1.37565,2.64281,0.9894,35.182,5.433,
IMG_1776,calibrated,good,0°,4x6,20,1.22547,28.61198,0.9807,1.3766,-2.44654,0.9811,1.36958,2.57959,0.9881,34.906,5.434,
IMG_2962,calibrated,good,0°,4x6,21,1.14596,26.76473,0.9795,1.27244,-2.36217,0.9822,1.27196,2.45824,0.9885,31.495,5.434,
IMG_2075,calibrated,good,0°,4x6,21,1.04438,25.72044,0.9728,1.16393,-2.31556,0.9832,1.17545,1.889,0.9872,27.689,5.435,
IMG_1949,calibrated,good,0°,4x6,21,1.24096,25.3266,0.9604,1.29543,-1.89461,0.9781,1.28574,2.66877,0.9918,32.509,5.439,
IMG_2925,calibrated,good,0°,4x6,21,1.16415,26.84372,0.9788,1.29254,-2.1734,0.9815,1.28667,2.51293,0.9883,31.997,5.439,
IMG_2067,calibrated,good,0°,4x6,21,1.0517,25.89287,0.9735,1.17949,-2.41748,0.9831,1.18384,2.02695,0.9876,28.078,5.44,
IMG_2845,calibrated,good,0°,4x6,21,1.07123,24.81108,0.9752,1.16633,-2.02587,0.9816,1.18627,1.87005,0.9876,27.63,5.441,
IMG_1723,calibrated,good,0°,4x6,21,1.035,25.39192,0.9786,1.13365,-2.51939,0.9795,1.13681,2.13996,0.9854,27.157,5.442,
IMG_2061,calibrated,good,0°,4x6,21,1.05438,25.96427,0.9737,1.18069,-2.43073,0.9818,1.18365,2.25353,0.9881,28.233,5.444,
IMG_2778,calibrated,good,0°,4x6,21,1.27843,26.0439,0.97,1.33832,-1.93793,0.9777,1.32496,2.86971,0.9911,33.945,5.444,
IMG_2537,calibrated,good,0°,4x6,21,1.2468,26.03014,0.9665,1.30694,-1.78065,0.9774,1.30161,2.76272,0.991,33.208,5.447,
IMG_1894,calibrated,good,0°,4x6,21,1.23285,25.74039,0.9661,1.29446,-2.15726,0.977,1.2878,2.68821,0.9916,32.678,5.448,
IMG_1936,calibrated,good,0°,4x6,21,1.24505,25.15983,0.9616,1.30066,-2.08645,0.9787,1.28242,2.70974,0.9915,32.467,5.45,
IMG_2951,calibrated,good,0°,4x6,20,1.20433,28.57531,0.9784,1.36493,-2.26828,0.9828,1.358,3.01619,0.9895,34.452,5.451,
IMG_3012,calibrated,good,0°,4x6,21,1.17095,26.84892,0.9782,1.30102,-2.51628,0.9821,1.2916,2.75771,0.9887,32.194,5.451,
IMG_3028,calibrated,good,0°,4x6,21,1.09478,25.96167,0.9757,1.22513,-2.26033,0.9819,1.21769,2.67644,0.9888,29.418,5.451,
IMG_2069,calibrated,good,0°,4x6,21,1.05323,25.86748,0.9733,1.17917,-2.29997,0.9829,1.18105,2.26675,0.9879,28.115,5.453,
IMG_2536,calibrated,good,0°,4x6,19,1.31886,26.4155,0.9717,1.38275,-1.80275,0.9842,1.37618,2.60512,0.989,35.184,5.455,
IMG_2905,calibrated,good,0°,4x6,21,1.06781,25.50448,0.976,1.18204,-2.38879,0.9805,1.181,2.77519,0.9882,28.222,5.456,
IMG_2458,calibrated,good,0°,4x6,20,1.20528,26.76571,0.969,1.28525,-1.82281,0.9793,1.29173,2.23274,0.9886,32.892,5.457,
IMG_2593,calibrated,good,0°,4x6,21,1.25897,26.17187,0.9675,1.32854,-1.89345,0.9771,1.31564,2.79298,0.9917,33.635,5.457,
IMG_1710,calibrated,good,0°,4x6,21,1.1435,26.57512,0.978,1.25899,-2.51415,0.9808,1.25503,2.6495,0.9878,31.227,5.458,
IMG_1912,calibrated,good,0°,4x6,21,1.25656,25.39335,0.964,1.306,-2.09639,0.9773,1.29503,2.69776,0.9911,32.913,5.458,
IMG_2858,calibrated,good,0°,4x6,21,1.08752,25.98759,0.9756,1.21848,-2.17143,0.9823,1.21917,2.14959,0.988,29.194,5.459,
IMG_2883,calibrated,good,0°,4x6,21,1.16105,26.90773,0.9779,1.29494,-2.36297,0.9812,1.28931,2.52094,0.9885,32.002,5.46,
IMG_2080,calibrated,good,0°,4x6,22,1.03069,23.12053,0.9776,1.07442,-2.03855,0.9661,1.09407,2.07369,0.9871,24.859,5.462,
IMG_2523,calibrated,good,0°,4x6,21,1.24801,26.37937,0.9696,1.30806,-2.20617,0.9771,1.30701,2.77494,0.9908,33.538,5.463,
IMG_2710,calibrated,good,0°,4x6,20,1.32432,25.74997,0.9742,1.38197,-1.64744,0.9835,1.36629,2.58051,0.9893,34.816,5.465,
IMG_2847,calibrated,good,0°,4x6,21,1.16778,27.42062,0.9763,1.31823,-2.38175,0.9826,1.31367,2.33706,0.9887,32.613,5.466,
IMG_1734,calibrated,good,0°,4x6,21,1.11669,26.4342,0.9773,1.24003,-2.48513,0.9814,1.23462,2.39701,0.9876,30.398,5.467,
IMG_2076,calibrated,good,0°,4x6,21,1.0406,25.59725,0.9735,1.15928,-2.36311,0.9819,1.1647,2.17977,0.9876,27.48,5.468,
IMG_1860,calibrated,good,0°,4x6,21,1.27862,26.22931,0.9681,1.33478,-2.21478,0.9783,1.33054,2.65614,0.9908,34.121,5.469,
IMG_1711,calibrated,good,0°,4x6,21,1.03636,25.51416,0.9783,1.13737,-2.71853,0.9783,1.13392,2.47231,0.9858,27.336,5.471,
IMG_2948,calibrated,good,0°,4x6,20,1.21652,28.54484,0.978,1.36965,-2.40477,0.9826,1.37269,2.72784,0.9891,34.679,5.472,
IMG_2084,calibrated,good,0°,4x6,21,1.05218,25.48732,0.9741,1.16318,-2.43127,0.9817,1.16822,2.30858,0.9875,27.717,5.474,
IMG_1713,calibrated,good,0°,4x6,21,1.02692,25.28444,0.9776,1.12485,-2.67034,0.9778,1.12119,2.5178,0.985,26.845,5.475,
IMG_1742,calibrated,good,90°CW,4x6,21,1.0873,25.98501,0.9775,1.19987,-2.51546,0.9807,1.1989,2.29047,0.9868,29.189,5.475,
IMG_2221,calibrated,good,0°,4x6,21,1.16211,25.32199,0.9589,1.22439,-1.87608,0.976,1.2235,2.64724,0.9927,30.448,5.475,
IMG_2877,calibrated,good,0°,4x6,21,1.08965,25.9003,0.9745,1.21705,-2.60628,0.9823,1.20805,2.60552,0.9882,29.152,5.475,
IMG_2960,calibrated,good,0°,4x6,20,1.2022,28.60433,0.9779,1.36182,-2.1544,0.9818,1.35484,2.9785,0.989,34.416,5.475,
IMG_2071,calibrated,good,0°,4x6,21,1.04621,25.76736,0.9719,1.16958,-2.3488,0.983,1.17792,1.91787,0.9877,27.798,5.476,
IMG_2073,calibrated,good,0°,4x6,21,1.04934,25.93193,0.9725,1.17309,-2.44798,0.9822,1.18051,2.13902,0.9877,28.044,5.476,
IMG_2527,calibrated,good,0°,4x6,21,1.24221,26.32606,0.9699,1.29966,-2.08602,0.9773,1.30027,2.70974,0.9905,33.343,5.477,
IMG_2907,calibrated,good,0°,4x6,21,1.13298,26.65557,0.9767,1.26437,-2.53121,0.9811,1.25624,2.87549,0.9886,31.046,5.478,
IMG_1835,calibrated,good,0°,4x6,19,1.34858,25.95091,0.9662,1.39095,-1.87351,0.9835,1.38635,2.76824,0.9897,35.477,5.481,
IMG_2582,calibrated,good,0°,4x6,21,1.26743,26.09337,0.9681,1.33327,-1.92037,0.9772,1.31979,2.7431,0.9909,33.756,5.481,
IMG_1746,calibrated,good,0°,4x6,21,1.11195,26.29588,0.9773,1.23172,-2.51192,0.9816,1.22914,2.44494,0.9876,30.167,5.482,
IMG_2916,calibrated,good,0°,4x6,21,1.12574,26.31991,0.9758,1.2493,-2.4855,0.9817,1.24519,2.3318,0.9873,30.544,5.482,
IMG_2579,calibrated,good,0°,4x6,19,1.31791,26.27221,0.9724,1.38047,-1.68228,0.9839,1.36855,2.6314,0.9887,35.046,5.483,
IMG_2880,calibrated,good,0°,4x6,21,1.12083,26.44853,0.9759,1.2528,-2.31749,0.9815,1.2472,2.44842,0.9878,30.52,5.483,
IMG_3029,calibrated,good,0°,4x6,21,1.10728,26.32559,0.9749,1.24286,-2.5219,0.9822,1.2335,2.68327,0.9888,30.091,5.483,
IMG_2023,calibrated,good,0°,4x6,21,1.15728,27.51637,0.9779,1.28498,-2.55057,0.9815,1.28841,2.55349,0.9879,32.422,5.486,
IMG_2764,calibrated,good,0°,4x6,19,1.32614,26.04563,0.9707,1.3921,-1.88996,0.9829,1.37004,2.76876,0.9895,35.071,5.49,
IMG_2952,calibrated,good,0°,4x6,21,1.1391,27.06377,0.9778,1.27364,-2.35155,0.9819,1.27575,2.52761,0.9886,31.591,5.491,
IMG_2862,calibrated,good,0°,4x6,21,1.12817,26.58173,0.975,1.26073,-2.2323,0.9825,1.26075,2.44205,0.988,30.844,5.492,
IMG_2517,calibrated,good,0°,4x6,19,1.32084,26.58669,0.9694,1.38961,-1.72409,0.9842,1.38068,2.61452,0.989,35.376,5.494,
IMG_2761,calibrated,good,0°,4x6,19,1.34121,26.24656,0.9713,1.40692,-1.97321,0.9833,1.38433,2.89351,0.9893,35.534,5.494,
IMG_2903,calibrated,good,0°,4x6,21,1.13102,26.51822,0.9763,1.26174,-2.53392,0.9806,1.2484,2.93599,0.9886,30.871,5.494,
IMG_2957,calibrated,good,0°,4x6,20,1.20999,28.65903,0.9782,1.37602,-2.41957,0.9817,1.36594,2.93945,0.9895,34.655,5.494,
IMG_2521,calibrated,good,0°,4x6,19,1.3146,26.42626,0.9685,1.37605,-1.69194,0.9838,1.37255,2.69857,0.989,35.106,5.497,
IMG_2849,calibrated,good,0°,4x6,21,1.13427,26.73858,0.9763,1.27095,-2.2977,0.9832,1.27389,2.22742,0.9879,31.147,5.498,
IMG_1864,calibrated,good,0°,4x6,21,1.20867,24.8076,0.9625,1.25166,-2.04874,0.9751,1.24353,2.57104,0.9911,31.26,5.499,
IMG_3007,calibrated,good,0°,4x6,21,1.16847,27.05445,0.9768,1.30237,-2.48829,0.981,1.29387,2.74804,0.9884,32.312,5.502,
IMG_2876,calibrated,good,0°,4x6,21,1.08911,25.9766,0.9757,1.22313,-2.40312,0.9821,1.21449,2.48559,0.9883,29.248,5.503,
IMG_2943,calibrated,good,0°,4x6,21,1.12547,27.01647,0.9783,1.25925,-2.47293,0.9814,1.25637,2.58284,0.9882,31.191,5.503,
IMG_2518,calibrated,good,0°,4x6,19,1.3129,26.6026,0.9703,1.37899,-1.7341,0.984,1.37127,2.68191,0.9886,35.21,5.504,
IMG_2541,calibrated,good,0°,4x6,21,1.21945,25.56839,0.9584,1.28394,-1.96438,0.9774,1.27547,2.62074,0.9915,32.194,5.504,
IMG_1889,calibrated,good,0°,4x6,21,1.25447,25.99749,0.9661,1.31148,-2.22526,0.9776,1.30275,3.08317,0.9913,33.398,5.505,
IMG_2539,calibrated,good,0°,4x6,19,1.32257,26.28868,0.965,1.38618,-1.82581,0.984,1.3772,2.54622,0.9892,35.172,5.505,
IMG_2850,calibrated,good,0°,4x6,21,1.17452,27.48869,0.9759,1.31801,-2.15171,0.9834,1.32304,2.27709,0.9882,32.848,5.509,
IMG_2079,calibrated,good,0°,4x6,21,1.19773,28.42911,0.9764,1.34772,-2.4743,0.9826,1.35113,2.6367,0.9885,34.207,5.51,
IMG_1735,calibrated,good,0°,4x6,21,1.10457,26.28455,0.9761,1.23037,-2.55369,0.9815,1.2226,2.42534,0.9873,29.97,5.513,
IMG_2598,calibrated,good,0°,4x6,21,1.26219,26.23883,0.9663,1.32601,-1.97001,0.9771,1.31843,2.85181,0.9913,33.744,5.513,
IMG_2538,calibrated,good,0°,4x6,20,1.2636,26.73938,0.9654,1.33535,-2.10525,0.9785,1.33113,2.69606,0.9905,34.155,5.514,
IMG_2082,calibrated,good,0°,4x6,21,1.07314,26.2838,0.9737,1.1991,-2.37417,0.9824,1.20453,2.3461,0.9878,29.069,5.515,
IMG_1733,calibrated,good,0°,4x6,21,1.11354,26.57432,0.9769,1.24211,-2.55162,0.9814,1.236,2.35552,0.9876,30.452,5.516,
IMG_2594,calibrated,good,0°,4x6,21,1.26964,26.30229,0.9654,1.33835,-1.81312,0.978,1.33018,2.74837,0.9912,33.981,5.52,
IMG_2466,calibrated,good,0°,4x6,21,1.28844,26.43175,0.9682,1.35553,-1.89494,0.9792,1.34573,2.75692,0.9906,34.503,5.522,
IMG_2860,calibrated,good,0°,4x6,21,1.14594,26.88822,0.9764,1.28563,-2.34242,0.9821,1.28592,2.20989,0.9881,31.592,5.523,
IMG_2524,calibrated,good,0°,4x6,19,1.31458,26.58267,0.9693,1.38173,-1.85802,0.9834,1.37151,2.76398,0.9892,35.223,5.525,
IMG_1793,calibrated,good,0°,4x6,21,1.15524,27.01849,0.9782,1.28435,-3.89797,0.9775,1.24854,4.16286,0.9892,32.022,5.526,
IMG_1944,calibrated,good,0°,4x6,21,1.23734,23.10334,0.9462,1.23977,-1.48006,0.9792,1.23422,2.22896,0.9905,30.505,5.526,
IMG_2066,calibrated,good,0°,4x6,20,1.16835,28.91142,0.9726,1.34078,-2.4995,0.9838,1.34364,2.67789,0.9888,33.866,5.529,
IMG_2868,calibrated,good,0°,4x6,21,1.15192,27.15533,0.9767,1.29064,-2.21002,0.982,1.28817,2.50911,0.988,31.977,5.53,
IMG_2953,calibrated,good,0°,4x6,21,1.12941,27.11017,0.9779,1.26743,-2.71142,0.9814,1.26402,2.78043,0.9888,31.387,5.53,
IMG_2078,calibrated,good,0°,4x6,21,1.04664,25.67418,0.9726,1.16583,-2.23725,0.9823,1.1724,2.14949,0.9872,27.744,5.533,
IMG_3025,calibrated,good,0°,4x6,21,1.10361,26.27242,0.976,1.23583,-2.45449,0.9812,1.22544,2.77049,0.9881,29.948,5.533,
IMG_1744,calibrated,good,0°,4x6,21,1.09993,26.24231,0.9766,1.21328,-2.52139,0.98,1.2135,2.44001,0.9871,29.791,5.535,
IMG_1930,calibrated,good,0°,4x6,21,1.25622,25.2749,0.9599,1.30715,-2.34938,0.9778,1.28601,3.09486,0.9914,32.831,5.536,
IMG_2762,calibrated,good,0°,4x6,19,1.33324,26.24962,0.9696,1.39832,-1.56896,0.9832,1.38231,2.66064,0.9889,35.365,5.536,
IMG_2913,calibrated,good,0°,4x6,21,1.14791,26.70866,0.9766,1.27436,-2.43626,0.9818,1.26805,2.51139,0.9872,31.469,5.537,
IMG_1928,calibrated,good,0°,4x6,21,1.17664,22.95673,0.9419,1.20234,-1.78018,0.9761,1.18453,2.36739,0.9918,28.802,5.539,
IMG_3026,calibrated,good,0°,4x6,21,1.10803,26.0609,0.9763,1.2389,-2.56045,0.981,1.22756,2.61693,0.9883,29.878,5.545,
IMG_2590,calibrated,good,0°,4x6,21,1.27087,26.33583,0.9677,1.33312,-2.12812,0.9773,1.32666,2.83259,0.991,34.027,5.546,
IMG_2542,calibrated,good,0°,4x6,21,1.23113,25.70877,0.9586,1.29891,-1.98311,0.977,1.28983,2.63033,0.9913,32.621,5.547,
IMG_2588,calibrated,good,0°,4x6,21,1.26826,26.25507,0.9647,1.33203,-1.86613,0.9779,1.32642,2.73229,0.991,33.894,5.549,
IMG_2591,calibrated,good,0°,4x6,21,1.27385,26.27648,0.9671,1.34058,-1.90944,0.9771,1.33224,2.76359,0.9911,34.069,5.549,
IMG_2946,calibrated,good,0°,4x6,21,1.15986,26.528,0.9777,1.28811,-2.01548,0.9821,1.28835,2.15112,0.9875,31.678,5.549,
IMG_2583,calibrated,good,0°,4x6,21,1.27825,26.42241,0.9672,1.34411,-1.90446,0.9778,1.33892,2.73357,0.9908,34.264,5.551,
IMG_2944,calibrated,good,0°,4x6,20,1.22376,28.92788,0.9776,1.38709,-2.4441,0.9817,1.38033,2.78481,0.9886,35.188,5.551,
IMG_3022,calibrated,good,0°,4x6,21,1.12029,26.36746,0.9761,1.25085,-2.62379,0.9808,1.23986,2.71303,0.988,30.47,5.551,
IMG_1680,calibrated,good,0°,4x6,20,1.21676,28.85316,0.9789,1.37417,-2.54717,0.981,1.36572,2.82813,0.9885,34.937,5.552,
IMG_1798,calibrated,good,0°,4x6,21,1.26436,25.95985,0.9656,1.32394,-2.08253,0.9764,1.31083,2.87262,0.9907,33.597,5.554,
IMG_2055,calibrated,good,0°,4x6,21,1.00967,25.15101,0.9713,1.12549,-2.37124,0.9819,1.13041,2.16778,0.9868,26.129,5.556,
IMG_2900,calibrated,good,0°,4x6,21,1.13016,26.7122,0.9767,1.26673,-2.59378,0.9805,1.25241,2.94003,0.9883,31.046,5.557,
IMG_2908,calibrated,good,0°,4x6,21,1.13401,26.67785,0.9763,1.26614,-2.54552,0.9805,1.25664,2.92928,0.9881,31.105,5.558,
IMG_3003,calibrated,good,0°,4x6,21,1.12998,26.7322,0.9742,1.27115,-2.05289,0.9824,1.26657,2.59108,0.9885,31.069,5.558,
IMG_1664,calibrated,good,90°CW,4x6,19,1.26662,29.55108,0.9741,1.47308,-2.18539,0.9879,1.46943,2.26243,0.9882,36.7,5.559,
IMG_2848,calibrated,good,0°,4x6,21,1.1675,27.52888,0.9764,1.31507,-2.09905,0.9828,1.32177,1.89319,0.9873,32.698,5.559,
IMG_2853,calibrated,good,0°,4x6,21,1.14426,26.92206,0.9758,1.27899,-2.49181,0.9811,1.27803,2.46486,0.9879,31.584,5.559,
IMG_1715,calibrated,good,0°,4x6,21,1.13186,26.9178,0.9776,1.25344,-2.48461,0.9793,1.24975,2.66379,0.987,31.254,5.56,
IMG_1844,calibrated,good,0°,4x6,19,1.3375,26.2361,0.9705,1.39757,-1.91703,0.9835,1.38937,2.42862,0.989,35.49,5.56,
IMG_1739,calibrated,good,0°,4x6,21,1.11451,26.58939,0.9758,1.23915,-2.61286,0.9807,1.23397,2.46129,0.9873,30.496,5.562,
IMG_2534,calibrated,good,0°,4x6,19,1.32813,26.48689,0.9706,1.38966,-1.67883,0.9837,1.38057,2.66563,0.9885,35.422,5.562,
IMG_2596,calibrated,good,0°,4x6,21,1.2562,26.34008,0.9663,1.32285,-1.90149,0.9758,1.31651,2.82795,0.991,33.72,5.562,
IMG_2898,calibrated,good,0°,4x6,21,1.12969,26.72542,0.9755,1.26338,-2.58261,0.9808,1.25318,2.90547,0.988,31.031,5.563,
IMG_2854,calibrated,good,0°,4x6,21,1.18934,27.84433,0.9758,1.34479,-2.30604,0.9821,1.34432,2.29436,0.9881,33.532,5.568,
IMG_1869,calibrated,good,0°,4x6,21,1.26229,25.77352,0.9627,1.32076,-1.9256,0.9759,1.30471,2.70174,0.9907,33.379,5.569,
IMG_2474,calibrated,good,0°,4x6,20,1.32956,25.78448,0.9709,1.38857,-1.90274,0.9826,1.36891,2.70116,0.9892,34.97,5.572,
IMG_1782,calibrated,good,0°,4x6,20,1.24228,28.86824,0.9793,1.39289,-2.54353,0.9814,1.39081,2.6588,0.9882,35.51,5.574,
IMG_2626,calibrated,good,0°,4x6,20,1.29908,25.94695,0.968,1.36346,-1.46987,0.9829,1.35088,2.67633,0.989,34.456,5.574,
IMG_2846,calibrated,good,0°,4x6,21,1.15974,27.22141,0.9769,1.30025,-2.14707,0.982,1.30388,2.16617,0.9875,32.245,5.574,
IMG_2856,calibrated,good,0°,4x6,21,1.16417,27.42416,0.9744,1.30781,-2.31523,0.9825,1.31387,2.32934,0.9879,32.531,5.574,
IMG_2961,calibrated,good,0°,4x6,20,1.21611,28.87375,0.9771,1.38304,-2.56126,0.9816,1.37606,2.7344,0.9887,34.978,5.578,
IMG_3008,calibrated,good,0°,4x6,21,1.14595,26.82911,0.9768,1.28158,-2.5226,0.981,1.27094,2.77486,0.9878,31.558,5.578,
IMG_1934,calibrated,good,0°,4x6,21,1.26089,25.68344,0.9623,1.31994,-2.00742,0.9768,1.30658,2.72408,0.9912,33.308,5.579,
IMG_2871,calibrated,good,0°,4x6,21,1.14192,27.09815,0.9753,1.28609,-2.79116,0.9818,1.27874,2.58426,0.9879,31.694,5.579,
IMG_2077,calibrated,good,0°,4x6,21,1.08223,26.55463,0.9728,1.21347,-2.47487,0.9822,1.21793,2.3946,0.9878,29.598,5.58,
IMG_1853,calibrated,good,0°,4x6,19,1.36617,26.4393,0.9716,1.42512,-1.87132,0.9835,1.40864,2.85997,0.9889,36.215,5.583,
IMG_2902,calibrated,good,0°,4x6,21,1.14338,26.86507,0.976,1.27421,-2.57912,0.9799,1.26602,3.03847,0.9886,31.518,5.583,
IMG_2218,calibrated,good,0°,4x6,21,1.14335,25.20295,0.9539,1.2106,-1.86721,0.9751,1.20729,2.6171,0.9925,29.859,5.584,
IMG_2899,calibrated,good,0°,4x6,21,1.1369,27.12134,0.9753,1.27337,-2.51243,0.9798,1.26521,2.99993,0.9879,31.568,5.584,
IMG_2867,calibrated,good,0°,4x6,21,1.1521,27.24621,0.9763,1.29604,-2.51407,0.9815,1.29563,2.42611,0.9878,32.081,5.585,
IMG_1731,calibrated,good,0°,4x6,21,1.19165,27.60743,0.9773,1.32319,-2.48263,0.9807,1.31981,2.76421,0.9875,33.346,5.587,
IMG_3013,calibrated,good,0°,4x6,21,1.19648,27.76642,0.9768,1.34158,-2.28599,0.9812,1.33254,2.77752,0.988,33.626,5.588,
IMG_2906,calibrated,good,0°,4x6,21,1.14859,27.17522,0.9765,1.29008,-2.55825,0.9806,1.2798,2.93503,0.9886,31.941,5.591,
IMG_2459,calibrated,good,0°,4x6,20,1.23103,27.01557,0.9672,1.30647,-1.78922,0.9764,1.30102,2.58623,0.9897,33.647,5.592,
IMG_3023,calibrated,good,0°,4x6,21,1.15673,27.20174,0.9764,1.30022,-2.62439,0.9811,1.28786,2.83331,0.9882,32.169,5.594,
IMG_2857,calibrated,good,0°,4x6,21,1.16518,27.46548,0.9758,1.31204,-2.20249,0.983,1.31468,2.15934,0.9871,32.592,5.596,
IMG_2520,calibrated,good,0°,4x6,19,1.31433,26.66964,0.9675,1.38227,-1.80869,0.9841,1.3715,2.76287,0.9886,35.296,5.598,
IMG_2042,calibrated,good,0°,4x6,21,1.14142,27.6047,0.9747,1.28206,-2.33416,0.9825,1.28741,2.36646,0.9874,32.13,5.6,
IMG_2068,calibrated,good,0°,4x6,21,1.12298,27.31197,0.9749,1.26073,-2.45562,0.9814,1.26285,2.51704,0.988,31.383,5.6,
IMG_2865,calibrated,good,0°,4x6,21,1.08732,26.02785,0.9743,1.22038,-2.73403,0.9814,1.21296,2.51316,0.988,29.264,5.6,
IMG_1748,calibrated,good,0°,4x6,21,1.12155,26.92809,0.9753,1.25966,-2.55622,0.9817,1.2546,2.40216,0.9875,31.012,5.601,
IMG_2056,calibrated,good,0°,4x6,22,0.98213,22.48651,0.9766,1.01265,-2.18139,0.9609,1.03682,2.18597,0.9856,22.701,5.604,
IMG_2599,calibrated,good,0°,4x6,21,1.28045,26.42551,0.9672,1.34608,-1.99062,0.9767,1.33322,2.95334,0.9908,34.311,5.608,
IMG_2894,calibrated,good,0°,4x6,21,1.13677,26.69782,0.9759,1.26966,-2.56598,0.9793,1.25895,2.96836,0.9881,31.215,5.61,
IMG_2855,calibrated,good,0°,4x6,21,1.17527,27.74254,0.9753,1.3254,-2.1893,0.9821,1.3263,2.26984,0.9876,33.082,5.612,
IMG_2070,calibrated,good,0°,4x6,21,1.13383,27.5597,0.9741,1.28109,-2.45111,0.983,1.28778,2.14254,0.988,31.895,5.616,
IMG_2065,calibrated,good,0°,4x6,21,1.15921,28.09804,0.9734,1.31195,-2.45155,0.9818,1.31599,2.52551,0.9878,33.034,5.617,
IMG_2896,calibrated,good,0°,4x6,21,1.13665,26.90046,0.9755,1.27176,-2.53374,0.9802,1.26621,2.85842,0.988,31.386,5.624,
IMG_1787,calibrated,good,0°,4x6,20,1.24147,28.76227,0.9789,1.39307,-2.67479,0.9798,1.38349,2.85673,0.988,35.4,5.631,
IMG_2602,calibrated,good,0°,4x6,21,1.27223,26.39644,0.9651,1.34222,-2.06771,0.9764,1.32909,2.95215,0.9912,34.126,5.631,
IMG_1797,calibrated,good,0°,4x6,20,1.29781,26.61496,0.9649,1.3537,-2.1111,0.9758,1.34117,3.27079,0.991,34.806,5.632,
IMG_2851,calibrated,good,0°,4x6,20,1.23112,29.14306,0.9753,1.39887,-2.2309,0.9814,1.40247,2.46492,0.9873,35.528,5.636,
IMG_3014,calibrated,good,0°,4x6,20,1.20134,28.41538,0.9747,1.36537,-2.557,0.9807,1.34635,3.31937,0.989,34.267,5.637,
IMG_3011,calibrated,good,0°,4x6,20,1.21075,28.51205,0.9762,1.37502,-2.63867,0.9808,1.35887,2.96544,0.9882,34.55,5.639,
IMG_2064,calibrated,good,0°,4x6,20,1.17497,28.98521,0.9724,1.34214,-2.46553,0.9826,1.35042,2.50875,0.988,34.076,5.641,
IMG_2222,calibrated,good,0°,4x6,21,1.2357,26.93537,0.9544,1.32035,-1.9431,0.9753,1.31884,2.70392,0.9922,33.692,5.643,
IMG_3000,calibrated,good,0°,4x6,21,1.13262,27.33045,0.9727,1.29315,-2.33827,0.9824,1.28532,2.6269,0.9886,31.712,5.647,
IMG_2417,calibrated,good,0°,4x6,21,1.17425,27.52556,0.977,1.31251,-2.30544,0.9812,1.31038,2.65815,0.9875,32.873,5.649,
IMG_2940,calibrated,good,0°,4x6,20,1.17679,28.50908,0.9771,1.33471,-2.42432,0.9804,1.32896,2.94537,0.988,33.759,5.649,
IMG_2608,calibrated,good,0°,4x6,20,1.30959,26.01293,0.964,1.37484,-1.75664,0.9821,1.35368,2.95472,0.9897,34.739,5.651,
IMG_2888,calibrated,good,0°,4x6,21,1.13614,26.70359,0.9751,1.26812,-2.51057,0.9798,1.25874,2.98614,0.9882,31.19,5.655,
IMG_3006,calibrated,good,0°,4x6,21,1.14349,27.11475,0.9781,1.29753,-1.78856,0.9812,1.28715,2.44592,0.9879,31.82,5.66,
IMG_2460,calibrated,good,0°,4x6,19,1.31783,26.31787,0.9579,1.39719,-1.29222,0.9851,1.38196,2.45718,0.9878,35.182,5.671,
IMG_2043,calibrated,good,0°,4x6,21,1.07333,27.18531,0.9711,1.22503,-2.37967,0.9825,1.22963,2.26623,0.9872,29.957,5.681,
IMG_1932,calibrated,good,0°,4x6,21,1.27746,26.08146,0.9622,1.33994,-2.03185,0.9765,1.32231,2.89559,0.9909,33.985,5.682,
IMG_2208,calibrated,good,0°,4x6,21,1.17278,26.10659,0.9518,1.25269,-1.83613,0.9745,1.25111,2.65262,0.9923,31.445,5.685,
IMG_2044,calibrated,good,0°,4x6,21,1.06962,27.12955,0.9721,1.21705,-2.42665,0.9819,1.22384,2.30551,0.9873,29.804,5.691,
IMG_3001,calibrated,good,0°,4x6,21,1.1184,27.25278,0.9735,1.2757,-2.64765,0.9811,1.26607,2.54461,0.9882,31.272,5.705,
IMG_2050,calibrated,good,0°,4x6,21,1.03867,26.7588,0.9735,1.17048,-2.30407,0.9795,1.17973,2.15652,0.9858,28.578,5.709,
IMG_2209,calibrated,good,0°,4x6,21,1.19607,26.78844,0.9469,1.28869,-1.81006,0.9756,1.28801,2.69111,0.9925,32.626,5.71,
IMG_2058,calibrated,good,0°,4x6,21,1.02508,26.12264,0.9702,1.15541,-2.3581,0.9807,1.16159,2.09632,0.9862,27.556,5.715,
IMG_1749,calibrated,good,0°,4x6,19,1.29093,29.96335,0.9728,1.50165,-2.24316,0.9882,1.49899,2.08975,0.9866,37.536,5.718,
IMG_1939,calibrated,good,0°,4x6,21,1.28223,24.3895,0.9422,1.30478,-1.83452,0.978,1.28712,2.62017,0.9915,32.705,5.725,
IMG_2054,calibrated,good,0°,4x6,21,1.06668,26.6832,0.9717,1.20534,-2.5174,0.981,1.2066,2.38493,0.9868,29.301,5.73,
IMG_2062,calibrated,good,0°,4x6,20,1.15663,29.35026,0.9708,1.34293,-2.5241,0.9818,1.34794,2.54263,0.988,34.017,5.741,
IMG_2869,calibrated,good,0°,4x6,21,1.19635,28.31534,0.9742,1.36156,-2.21176,0.9828,1.36085,2.30339,0.9882,34.134,5.744,
IMG_2047,calibrated,good,0°,4x6,21,1.0232,26.74199,0.9692,1.17373,-2.43021,0.9815,1.18008,2.04379,0.9864,28.108,5.748,
IMG_2478,calibrated,good,0°,4x6,18,1.37366,26.86557,0.9648,1.44723,-1.95204,0.984,1.42621,2.7826,0.9889,36.731,5.748,
IMG_1927,calibrated,good,0°,4x6,20,1.29575,26.30644,0.9555,1.36162,-1.9764,0.977,1.34287,2.9357,0.9904,34.572,5.756,
IMG_1931,calibrated,good,0°,4x6,19,1.34367,25.9017,0.9566,1.39484,-1.66245,0.9824,1.3747,2.88328,0.9888,35.363,5.757,
IMG_2213,calibrated,good,0°,4x6,21,1.16585,26.06351,0.9494,1.24485,-1.82609,0.9742,1.24357,2.74908,0.9923,31.23,5.76,
IMG_3024,calibrated,good,0°,4x6,20,1.24454,29.02344,0.9751,1.41149,-2.62359,0.9803,1.39586,3.34758,0.988,35.749,5.76,
IMG_2215,calibrated,good,0°,4x6,21,1.06129,24.76637,0.9405,1.14223,-1.81905,0.9755,1.13819,2.47262,0.9916,27.135,5.774,
IMG_1929,calibrated,good,0°,4x6,21,1.2893,24.94893,0.9438,1.31849,-2.12458,0.9777,1.30119,2.81415,0.9909,33.296,5.813,
IMG_2162,calibrated,good,0°,4x6,21,1.13338,26.00289,0.941,1.22391,-1.76509,0.9754,1.22234,2.67719,0.992,30.344,5.82,
IMG_2427,calibrated,good,0°,4x6,23,0.91114,20.14671,0.9792,1.05709,-2.28251,0.9611,1.02798,2.05583,0.9849,18.072,5.82,
IMG_2052,calibrated,good,0°,4x6,21,1.01195,26.67496,0.9708,1.14549,-2.60144,0.9782,1.15142,2.23367,0.9849,27.736,5.83,
IMG_2211,calibrated,good,0°,4x6,21,1.04468,24.06416,0.94,1.11555,-1.69523,0.9745,1.1114,2.46316,0.9914,25.974,5.835,
IMG_2049,calibrated,good,0°,4x6,21,1.03924,27.44771,0.9702,1.19051,-2.42863,0.9794,1.20247,2.21147,0.9856,29.27,5.838,
IMG_2051,calibrated,good,0°,4x6,21,1.03643,27.33358,0.9702,1.1855,-2.57961,0.9791,1.18786,2.35207,0.9852,29.1,5.849,
IMG_2130,calibrated,good,0°,4x6,19,1.33548,26.09418,0.9621,1.40275,-1.29632,0.9816,1.37979,2.41254,0.9879,35.388,5.849,
IMG_2057,calibrated,good,0°,4x6,21,1.1221,28.16393,0.9749,1.26207,-2.64566,0.9782,1.26564,2.65684,0.9854,32.164,5.859,
IMG_2852,calibrated,good,0°,4x6,19,1.21892,30.03473,0.9692,1.43217,-2.01285,0.9885,1.45571,1.9519,0.9872,36.058,5.892,
IMG_2543,calibrated,good,0°,4x6,18,1.34111,26.55645,0.9492,1.41164,-2.04131,0.9826,1.39317,2.76694,0.989,35.88,5.905,
IMG_2053,calibrated,good,0°,4x6,21,1.03917,27.15178,0.9697,1.18041,-2.507,0.9791,1.18771,2.24704,0.9853,28.992,5.906,
IMG_2045,calibrated,good,0°,4x6,21,1.0444,27.94637,0.9716,1.20371,-2.53856,0.9784,1.21272,2.30703,0.9853,29.919,5.915,
IMG_2210,calibrated,good,0°,4x6,21,1.02527,24.36265,0.9315,1.10498,-1.63065,0.9761,1.1048,2.38368,0.991,25.616,5.92,
IMG_2217,calibrated,good,0°,4x6,21,1.12654,26.17313,0.9404,1.21568,-1.83142,0.9733,1.21715,2.66867,0.9914,30.297,5.923,
IMG_2999,calibrated,good,0°,4x6,20,1.18951,29.56683,0.969,1.39067,-2.65024,0.981,1.37919,3.24263,0.9886,35.036,5.967,
IMG_2998,calibrated,good,0°,4x6,19,1.2223,30.30642,0.9665,1.46705,-2.17198,0.9884,1.45851,2.60051,0.9881,36.439,5.989,
IMG_2046,calibrated,acceptable,0°,4x6,21,1.09997,28.78794,0.9691,1.27749,-2.54183,0.9801,1.2824,2.36031,0.985,32.214,6.006,
IMG_1950,calibrated,acceptable,0°,4x6,18,1.3744,26.82186,0.9477,1.44551,-1.94511,0.982,1.42425,2.75567,0.9881,36.756,6.048,
IMG_1836 EDITED,calibrated,acceptable,0°,4x6,20,1.2018,27.40124,0.9702,1.31248,-2.783,0.9721,1.28954,2.83559,0.9896,33.464,6.049,
IMG_1747,calibrated,acceptable,0°,4x6,18,1.29513,32.40367,0.9704,1.55983,-2.65284,0.9882,1.56406,2.60776,0.986,39.461,6.094,
IMG_2214,calibrated,acceptable,0°,4x6,21,1.05264,26.0446,0.9238,1.16184,-1.60988,0.9742,1.1621,2.50772,0.99,28.103,6.124,
IMG_1839 EDITED,calibrated,acceptable,0°,4x6,20,1.24428,27.75077,0.9667,1.35833,-2.51531,0.973,1.33879,3.24125,0.9895,34.807,6.152,
IMG_2315,calibrated,acceptable,0°,4x6,20,1.23402,30.19614,0.961,1.45618,-1.97063,0.9818,1.44484,2.28168,0.9854,36.605,6.158,
IMG_1938,calibrated,acceptable,0°,4x6,19,1.39354,26.567,0.9528,1.44929,-1.90732,0.9815,1.42665,3.11891,0.9877,36.926,6.164,
IMG_1818,calibrated,acceptable,0°,4x6,18,1.41449,28.36208,0.9583,1.51675,-2.03181,0.9821,1.48975,3.07742,0.988,38.676,6.181,
IMG_1836,calibrated,acceptable,0°,4x6,18,1.48321,28.88381,0.9681,1.58221,-2.33147,0.9833,1.56119,2.77923,0.9867,40.201,6.217,
IMG_2115,calibrated,acceptable,0°,4x6,21,1.10908,24.42895,0.9391,1.17174,-2.1648,0.9789,1.18396,2.25058,0.9679,28.279,6.268,
IMG_2125,calibrated,acceptable,0°,4x6,21,1.07165,24.29819,0.9386,1.13794,-2.05911,0.9769,1.1578,2.22078,0.9704,27.067,6.318,
IMG_1838,calibrated,acceptable,0°,4x6,18,1.42272,28.96591,0.957,1.53016,-1.89858,0.981,1.51403,2.95558,0.987,39.286,6.398,
IMG_1867,calibrated,acceptable,0°,4x6,18,1.47031,28.73777,0.9527,1.56023,-1.80028,0.9805,1.54335,3.04338,0.9865,39.924,6.423,
IMG_2212,calibrated,acceptable,0°,4x6,21,1.04604,26.64951,0.9134,1.17149,-1.58493,0.9725,1.16962,2.5478,0.989,28.499,6.432,
IMG_1839,calibrated,acceptable,0°,4x6,18,1.44354,28.87622,0.9596,1.55606,-2.21505,0.9803,1.52725,3.2391,0.9863,39.603,6.435,
IMG_1840,calibrated,acceptable,0°,4x6,18,1.43369,29.06379,0.9577,1.55659,-2.13398,0.9809,1.51932,3.25288,0.9869,39.57,6.466,
IMG_1841,calibrated,acceptable,0°,4x6,18,1.43994,29.09745,0.9569,1.54652,-1.9822,0.9795,1.52852,3.1845,0.9863,39.699,6.504,
IMG_2748,calibrated,acceptable,0°,4x6,21,1.28686,25.90956,0.8947,1.30667,-2.4127,0.9779,1.30197,2.45965,0.9906,33.813,6.51,
IMG_1871,calibrated,acceptable,0°,4x6,18,1.44859,28.52448,0.9491,1.5391,-1.9836,0.9801,1.51276,3.1307,0.9866,39.379,6.529,
IMG_1866,calibrated,acceptable,0°,4x6,18,1.46692,28.70731,0.9499,1.56629,-2.01447,0.9803,1.54156,2.95824,0.9868,39.872,6.53,
IMG_1872,calibrated,acceptable,0°,4x6,18,1.47576,29.27598,0.9504,1.5826,-2.10487,0.9805,1.55584,3.30455,0.9865,40.406,6.576,
IMG_1868,calibrated,acceptable,0°,4x6,18,1.46558,28.90702,0.9525,1.57142,-1.9582,0.98,1.54436,3.0472,0.9857,39.983,6.586,
IMG_1865,calibrated,acceptable,0°,4x6,18,1.46923,28.88623,0.9508,1.57332,-2.1476,0.9798,1.53915,3.2426,0.9862,40.025,6.626,
IMG_1877,calibrated,acceptable,0°,4x6,18,1.48895,29.17111,0.9497,1.5982,-2.13106,0.9801,1.56081,3.38171,0.9856,40.576,6.671,
IMG_1873,calibrated,acceptable,0°,4x6,18,1.48257,29.18604,0.9524,1.59172,-2.06072,0.9797,1.55551,3.33313,0.9855,40.48,6.69,
IMG_1874,calibrated,acceptable,0°,4x6,18,1.49278,29.2654,0.9504,1.59849,-2.17544,0.9793,1.56057,3.45461,0.9854,40.669,6.735,
IMG_2604,calibrated,acceptable,0°,4x6,21,1.13007,27.20539,0.8889,1.25424,-2.40441,0.975,1.25491,2.68938,0.9493,31.496,7.411,
IMG_1876,calibrated,acceptable,0°,4x6,21,1.15087,27.45541,0.8794,1.2746,-2.80627,0.9764,1.27078,2.6178,0.9485,32.274,7.438,
IMG_1807,calibrated,acceptable,0°,4x6,21,1.13496,27.78308,0.8747,1.27225,-2.57095,0.9756,1.26949,2.51835,0.9462,32.187,7.59,
IMG_1910,calibrated,acceptable,0°,4x6,21,1.13459,27.5189,0.8696,1.27102,-1.94879,0.9732,1.25895,2.82929,0.941,31.979,7.623,
IMG_2639,calibrated,acceptable,0°,4x6,20,1.29278,27.13852,0.934,1.35002,-0.10226,0.9602,1.52385,-0.67563,0.9868,36.145,7.945,
IMG_2088,calibrated,acceptable,0°,4x6,20,1.14804,26.91447,0.8837,1.27485,-1.34923,0.9804,1.24517,3.51987,0.9435,32.415,7.988,
IMG_1855,calibrated,acceptable,0°,4x6,21,1.15783,29.63399,0.848,1.33727,-2.8083,0.9727,1.32209,2.89218,0.9362,34.496,8.213,
IMG_1816,calibrated,acceptable,0°,4x6,21,1.02513,27.97383,0.8234,1.19809,-2.89075,0.9709,1.1801,2.46078,0.9361,29.42,8.384,
IMG_1831,calibrated,acceptable,0°,4x6,21,1.00209,27.5244,0.8096,1.18249,-2.24247,0.9708,1.16186,2.49939,0.9311,28.312,8.449,
IMG_1825,calibrated,acceptable,0°,4x6,21,1.02769,28.50199,0.8055,1.21814,-2.99299,0.97,1.19716,2.66423,0.9387,30.023,8.506,
IMG_1800,calibrated,acceptable,0°,4x6,21,1.07715,29.40224,0.8188,1.2742,-2.95593,0.9697,1.25655,2.71176,0.9285,32.299,8.54,
IMG_1862,calibrated,acceptable,0°,4x6,21,1.08681,30.35845,0.8017,1.30926,-2.92312,0.9676,1.28374,2.90827,0.9213,33.511,8.892,
IMG_1880,calibrated,acceptable,0°,4x6,21,1.06808,31.42451,0.7821,1.33377,-2.85189,0.9658,1.29746,2.90325,0.9122,34.14,9.251,
IMG_1827,calibrated,acceptable,0°,4x6,21,0.9626,28.82367,0.7707,1.18389,-2.64467,0.963,1.14657,2.99597,0.9263,28.486,9.263,
IMG_2753,calibrated,acceptable,0°,4x6,21,1.04144,31.02541,0.7779,1.31076,-2.83339,0.9646,1.2652,3.0476,0.9144,33.027,9.291,
IMG_1933,calibrated,acceptable,0°,4x6,22,0.9796,27.50037,0.7781,1.18932,-2.24261,0.9681,1.1425,2.67497,0.9096,27.97,9.296,
IMG_2721,calibrated,acceptable,0°,4x6,22,0.91571,28.73261,0.7526,1.16921,-2.45267,0.9557,1.12053,2.51521,0.9053,27.225,9.798,
IMG_2526,calibrated,acceptable,0°,4x6,21,0.92024,31.67809,0.7239,1.23131,-2.57608,0.9523,1.1819,3.11409,0.9041,30.251,10.084,
IMG_2765,calibrated,acceptable,0°,4x6,21,0.97786,32.92177,0.7295,1.31241,-3.11509,0.9541,1.24953,3.36321,0.8897,33.355,10.302,
IMG_2767,calibrated,acceptable,0°,4x6,21,0.9778,32.9502,0.7297,1.30819,-2.95303,0.9551,1.2493,3.21042,0.8871,33.366,10.32,
IMG_2506,calibrated,acceptable,0°,4x6,21,0.92913,33.15915,0.7191,1.27954,-2.82861,0.9465,1.22292,3.03648,0.8877,32.208,10.544,
IMG_2631,calibrated,acceptable,0°,4x6,20,0.99865,31.32813,0.7317,1.28327,-2.41462,0.9573,1.20118,4.82056,0.8933,32.933,10.588,
IMG_2548,calibrated,acceptable,0°,4x6,21,0.85085,31.97055,0.7171,1.16331,-2.76972,0.9516,1.10646,2.90334,0.8866,28.295,10.695,
IMG_2535,calibrated,acceptable,0°,4x6,19,1.06837,34.51152,0.7143,1.43613,-2.15788,0.9553,1.35315,4.80007,0.8932,37.549,10.749,
IMG_1843,calibrated,acceptable,90°CW,4x6,18,1.10968,32.11346,0.7836,1.44381,-3.51147,0.9573,1.30189,3.00814,0.9921,38.106,11.049,
IMG_1888,calibrated,acceptable,90°CW,4x6,20,0.95544,34.73755,0.6547,1.34678,-2.43537,0.9418,1.24779,4.86907,0.8554,35.539,11.791,
IMG_2477,calibrated,acceptable,90°CW,4x6,20,0.94721,33.49084,0.6792,1.30955,-2.07652,0.9494,1.19132,5.08301,0.847,34.066,11.993,
IMG_2048,calibrated,acceptable,0°,4x6,17,0.96878,32.47894,0.892,1.3256,-1.97763,0.9594,1.29022,1.99622,0.9742,37.072,12.846,
IMG_1895,calibrated,acceptable,90°CW,4x6,19,0.90032,37.40592,0.5957,1.3766,-2.61831,0.9236,1.26726,5.31755,0.8388,36.655,12.946,
IMG_1887,calibrated,acceptable,90°CW,4x6,19,0.90339,37.63487,0.595,1.40005,-2.7114,0.9269,1.27304,5.38393,0.8329,37.057,13.102,
IMG_1633,calibrated,acceptable,0°,4x6,19,0.77193,38.52625,0.5987,1.29054,-2.25918,0.9148,1.22072,4.44773,0.8609,34.01,14.103,
IMG_2036,calibrated,acceptable,0°,4x6,17,0.9149,32.40382,0.8458,1.26094,-1.94183,0.9515,1.23115,1.94541,0.9584,35.912,14.108,
IMG_2006,calibrated,acceptable,90°CW,4x6,19,0.76289,38.61855,0.6156,1.3013,-2.11333,0.9064,1.23354,4.24449,0.8713,34.013,14.148,
IMG_2939,calibrated,acceptable,0°,4x6,19,0.74295,37.83777,0.6079,1.24114,-1.89077,0.8974,1.14457,5.46358,0.8489,32.617,14.405,
IMG_2937,calibrated,acceptable,0°,4x6,16,1.0057,29.71653,0.8754,1.23634,-2.94531,0.9707,1.23736,3.15472,0.9643,36.898,14.676,
IMG_2011,calibrated,acceptable,90°CW,4x6,20,0.7552,37.10274,0.5985,1.18347,-1.72125,0.8553,1.15547,5.0011,0.8707,32.984,14.858,
IMG_1657,calibrated,acceptable,90°CW,4x6,17,0.94562,33.50747,0.7525,1.27079,-3.89654,0.9622,1.25969,3.30455,0.9545,36.968,15.03,
IMG_2002,calibrated,acceptable,0°,4x6,17,0.84709,36.38286,0.673,1.28265,-4.22786,0.936,1.26604,2.86702,0.9599,36.853,15.399,
IMG_1685,calibrated,acceptable,90°CW,4x6,18,0.79251,37.97775,0.5916,1.21862,-2.73062,0.9408,1.21955,5.82566,0.826,35.129,15.692,
IMG_1650,calibrated,acceptable,90°CW,4x6,17,0.91178,34.81442,0.7129,1.27847,-3.83644,0.9558,1.27771,3.3536,0.9483,37.492,15.708,
IMG_2005,calibrated,acceptable,0°,4x6,16,0.93514,31.33205,0.8174,1.20413,-2.03972,0.9715,1.2469,2.66456,0.9428,36.514,15.79,
IMG_1652,calibrated,acceptable,90°CW,4x6,17,0.88817,35.5411,0.6922,1.28334,-4.14619,0.9527,1.2794,3.09149,0.9435,37.45,15.894,
IMG_1727,calibrated,acceptable,0°,4x6,16,0.92287,31.34897,0.8031,1.17837,-2.70805,0.9577,1.21873,3.0848,0.9302,36.439,16.145,
IMG_1732,calibrated,acceptable,90°CW,4x6,16,0.99257,32.67158,0.816,1.27898,-2.76543,0.9574,1.31924,3.14657,0.9299,39.377,16.181,
IMG_1724,calibrated,acceptable,0°,4x6,16,0.89188,32.00771,0.7818,1.16496,-2.63191,0.9554,1.21573,2.89497,0.9197,36.255,16.477,
IMG_2931,calibrated,acceptable,0°,4x6,16,1.07678,33.1867,0.8183,1.37622,-2.6344,0.9637,1.4128,3.91828,0.9377,41.821,16.528,
IMG_1693,calibrated,acceptable,90°CW,4x6,17,0.88627,35.94098,0.6764,1.28503,-3.95404,0.9491,1.29313,3.4951,0.9347,38.004,16.547,
IMG_1729,calibrated,acceptable,0°,4x6,16,0.91214,31.96867,0.7849,1.18475,-2.84634,0.9576,1.23258,2.89297,0.9212,36.814,16.56,
IMG_1738,calibrated,acceptable,0°,4x6,16,0.95882,33.6775,0.7872,1.27295,-2.88555,0.9525,1.31984,3.3087,0.9157,39.476,16.577,
IMG_1714,calibrated,acceptable,0°,4x6,16,0.88884,32.24617,0.7834,1.15975,-2.71056,0.9555,1.20623,2.89636,0.9195,36.519,16.616,
IMG_1651,calibrated,acceptable,90°CW,4x6,17,0.88438,36.40931,0.6707,1.30027,-3.97031,0.9503,1.3061,3.68873,0.9354,38.509,16.713,
IMG_1712,calibrated,acceptable,0°,4x6,16,0.88013,32.73735,0.7758,1.14749,-2.76843,0.9535,1.18989,3.50482,0.9172,37.042,17.055,
IMG_1730,calibrated,acceptable,0°,4x6,14,1.14859,34.12078,0.8032,1.50845,-2.95238,0.9714,1.59173,3.71032,0.8791,44.386,17.193,
IMG_1717,calibrated,acceptable,0°,4x6,16,0.8853,32.42901,0.7671,1.16169,-2.82067,0.9551,1.21084,3.15473,0.912,36.833,17.258,
IMG_1726,calibrated,acceptable,0°,4x6,16,0.8958,32.65076,0.7604,1.17929,-2.71432,0.9552,1.2378,3.26381,0.9098,37.235,17.344,
IMG_1719,calibrated,acceptable,0°,4x6,16,0.8635,33.20898,0.7513,1.15187,-2.75258,0.9506,1.20654,3.21448,0.9019,36.969,17.43,
IMG_1707,calibrated,acceptable,0°,4x6,17,0.90554,30.27897,0.7703,1.08442,-2.70448,0.9275,1.15417,4.24133,0.9201,35.897,17.515,
IMG_1718,calibrated,acceptable,0°,4x6,16,0.86879,33.37487,0.7471,1.16448,-2.79989,0.9531,1.2205,3.25449,0.9011,37.257,17.584,
IMG_1705,calibrated,acceptable,90°CW,4x6,17,0.83634,37.6246,0.6262,1.28546,-4.10846,0.9358,1.30096,3.60078,0.9199,38.562,17.61,
IMG_1737,calibrated,acceptable,0°,4x6,16,0.90863,33.85467,0.7633,1.21107,-2.53531,0.9515,1.26415,3.54878,0.9059,38.826,17.639,
IMG_1708,calibrated,acceptable,0°,4x6,20,0.76703,29.59567,0.7411,0.95994,-0.35829,0.7867,1.01362,3.38493,0.9031,30.57,17.696,
IMG_1745,calibrated,acceptable,0°,4x6,15,0.98933,32.06955,0.7983,1.26081,-3.4747,0.9564,1.27501,5.0528,0.9006,39.886,17.732,
IMG_1703,calibrated,acceptable,90°CW,4x6,17,0.85923,37.98646,0.6234,1.32138,-4.19746,0.9367,1.33043,3.81471,0.9155,39.632,17.839,
IMG_2000,calibrated,acceptable,0°,4x6,16,0.88987,34.72333,0.7406,1.23669,-2.70062,0.9538,1.30979,3.48204,0.9005,39.168,18.085,
IMG_1644,calibrated,acceptable,0°,4x6,17,0.83868,38.31353,0.6074,1.3105,-4.20136,0.9332,1.32682,3.64272,0.9065,39.465,18.198,
IMG_1649,calibrated,acceptable,0°,4x6,17,0.82475,38.28192,0.6045,1.28557,-4.12189,0.9368,1.31027,3.91996,0.9048,39.113,18.322,
IMG_1681,calibrated,acceptable,0°,4x6,16,0.88915,34.18273,0.7218,1.20747,-3.03041,0.9521,1.27349,3.81053,0.887,38.644,18.334,
IMG_1663,calibrated,acceptable,0°,4x6,16,0.9897,36.05346,0.7234,1.35525,-2.77218,0.9519,1.4389,4.3598,0.8813,42.658,18.493,
IMG_1692,calibrated,acceptable,0°,4x6,17,0.81279,38.62638,0.5915,1.2906,-4.25753,0.9318,1.31169,3.97761,0.9036,39.168,18.508,
IMG_1702,calibrated,acceptable,0°,4x6,16,0.9248,35.16744,0.7137,1.26929,-2.82323,0.9503,1.34049,4.16724,0.8769,40.498,18.569,
IMG_2383,calibrated,acceptable,0°,4x6,16,0.93727,34.9708,0.6998,1.27321,-2.92655,0.9488,1.34925,4.72228,0.8702,40.515,18.685,
IMG_1643,calibrated,acceptable,0°,4x6,16,0.89236,35.02219,0.7026,1.25444,-2.65561,0.9494,1.31053,3.93448,0.8764,39.54,18.707,
IMG_1654,calibrated,acceptable,0°,4x6,16,0.89421,35.31182,0.7033,1.24481,-3.08184,0.9532,1.31112,4.19008,0.8763,39.796,18.71,
IMG_1690,calibrated,acceptable,0°,4x6,16,0.91623,35.64152,0.6979,1.27119,-2.85352,0.953,1.34438,4.42603,0.8713,40.608,18.73,
IMG_1704,calibrated,acceptable,0°,4x6,16,0.84021,34.31658,0.6949,1.1634,-2.73345,0.9503,1.22883,3.82484,0.8721,37.529,18.732,
IMG_1645,calibrated,acceptable,0°,4x6,17,0.80735,39.04077,0.5843,1.29608,-4.09823,0.931,1.31945,3.9014,0.8938,39.479,18.762,
IMG_1647,calibrated,acceptable,0°,4x6,16,0.88682,35.19241,0.6952,1.23496,-2.84373,0.953,1.29834,4.3694,0.8734,39.507,18.767,
IMG_1660,calibrated,acceptable,0°,4x6,17,0.76582,38.66992,0.5653,1.249,-4.1953,0.9268,1.261,3.849,0.8954,37.854,18.854,
IMG_1672,calibrated,acceptable,0°,4x6,18,0.74918,34.97231,0.5811,1.05671,-3.97205,0.9005,1.09859,4.28396,0.9025,34.149,18.943,
IMG_1655,calibrated,acceptable,0°,4x6,17,0.80236,39.06685,0.5781,1.28817,-4.36395,0.9318,1.30971,4.02139,0.8859,39.397,18.956,
IMG_1673,calibrated,acceptable,0°,4x6,17,0.86126,32.74172,0.579,1.16843,-4.07147,0.9336,1.1886,4.38377,0.8632,36.404,19.049,
IMG_1722,calibrated,acceptable,0°,4x6,16,0.89063,29.21159,0.7711,1.06266,-3.48596,0.9152,1.08462,5.55895,0.8943,35.823,19.068,
IMG_2392,calibrated,acceptable,0°,4x6,16,0.93815,36.04297,0.6809,1.30787,-3.05993,0.9439,1.37609,5.03085,0.8567,41.553,19.184,
IMG_1743,calibrated,acceptable,0°,4x6,16,0.87366,36.37634,0.6863,1.23889,-2.84609,0.9402,1.30991,4.32647,0.8571,40.659,19.334,
IMG_1784,calibrated,acceptable,0°,4x6,17,0.84666,32.9658,0.6899,1.07785,-2.88345,0.9119,1.15358,4.87212,0.874,37.316,19.5,
IMG_1683,calibrated,acceptable,0°,4x6,16,0.82193,35.92243,0.6554,1.18467,-2.99447,0.946,1.25456,4.10043,0.8442,38.744,19.575,
IMG_1725,calibrated,acceptable,0°,4x6,10,1.29245,32.16028,0.852,1.52737,-1.35673,0.9928,1.67823,2.62254,0.8956,47.677,19.586,
IMG_1658,calibrated,acceptable,0°,4x6,15,0.89237,35.1109,0.6557,1.23565,-3.0817,0.9466,1.30254,5.10832,0.8392,40.19,19.614,
IMG_1790,calibrated,acceptable,0°,4x6,15,0.93604,35.60258,0.6711,1.29651,-3.11839,0.9442,1.35777,5.04062,0.8434,41.688,19.62,
IMG_1691,calibrated,acceptable,0°,4x6,17,0.7803,32.79826,0.6583,1.00975,-2.72081,0.9067,1.08876,4.94639,0.8615,35.177,19.767,
IMG_1678,calibrated,acceptable,0°,4x6,16,0.90791,37.46641,0.6644,1.31284,-3.14934,0.9441,1.39115,4.79692,0.8387,42.411,19.798,
IMG_1675,calibrated,acceptable,0°,4x6,16,0.77816,35.60004,0.6383,1.13225,-2.87401,0.943,1.18928,4.56067,0.8403,37.234,19.802,
IMG_1699,calibrated,acceptable,0°,4x6,16,0.93112,38.03516,0.6641,1.36111,-2.79979,0.9432,1.44084,5.07678,0.8354,43.495,19.863,
IMG_1670,calibrated,acceptable,0°,4x6,15,0.9148,36.0964,0.647,1.27954,-3.08793,0.9423,1.34857,5.36498,0.8285,41.691,19.866,
IMG_1728,calibrated,acceptable,0°,4x6,16,0.79909,36.62851,0.6495,1.18213,-3.01775,0.9305,1.23799,4.61161,0.8294,39.04,19.875,
IMG_1783,calibrated,acceptable,0°,4x6,13,1.21913,31.05663,0.8276,1.40138,-1.88029,0.977,1.46369,4.91584,0.8781,45.812,19.945,
IMG_1669,calibrated,acceptable,0°,4x6,16,0.85349,37.47267,0.645,1.26176,-2.86383,0.9438,1.3343,4.85174,0.83,41.191,19.998,
IMG_1716,calibrated,acceptable,0°,4x6,16,0.83828,30.9092,0.721,1.01697,-4.21405,0.9113,1.05842,6.56503,0.8747,36.378,20.022,
IMG_2405,calibrated,acceptable,0°,4x6,14,1.05922,33.92666,0.744,1.33911,-1.32645,0.971,1.43701,4.04787,0.8557,44.758,20.073,
IMG_2405_J12,calibrated,acceptable,0°,4x6,14,1.05922,33.92666,0.744,1.33911,-1.32645,0.971,1.43701,4.04787,0.8557,44.758,20.073,
IMG_2307,calibrated,acceptable,90°CW,4x6,17,0.80732,35.04836,0.5569,1.10634,-4.27177,0.9155,1.13761,6.14382,0.8409,36.916,20.105,
IMG_1661,calibrated,acceptable,0°,4x6,17,0.7188,40.25047,0.5204,1.24258,-3.83462,0.9119,1.25883,3.975,0.8592,38.456,20.128,
IMG_1774,calibrated,acceptable,0°,4x6,16,0.81647,37.14081,0.6443,1.20833,-2.73826,0.9326,1.28079,4.49415,0.826,40.039,20.131,
IMG_1682,calibrated,acceptable,0°,4x6,16,0.89393,37.95765,0.6482,1.31512,-3.05489,0.9367,1.38899,4.8503,0.8219,42.691,20.148,
IMG_1792,calibrated,acceptable,0°,4x6,16,0.87644,37.80525,0.648,1.29418,-3.06647,0.939,1.36359,5.35611,0.8292,42.153,20.152,
IMG_1688,calibrated,acceptable,0°,4x6,16,0.82055,37.17032,0.6361,1.2263,-2.24004,0.9375,1.29842,4.48311,0.8243,40.141,20.24,
IMG_2384,calibrated,acceptable,0°,4x6,16,0.87351,37.67513,0.6292,1.29034,-3.0021,0.9372,1.3509,5.50165,0.8154,41.844,20.304,
IMG_1786,calibrated,acceptable,0°,4x6,17,0.7429,33.75789,0.6279,0.97328,-3.15449,0.9025,1.05039,5.33434,0.8471,35.32,20.399,
IMG_1674,calibrated,acceptable,0°,4x6,17,0.66739,40.48976,0.4864,1.17693,-4.46082,0.9131,1.19414,4.11807,0.8397,36.983,20.512,
IMG_1772,calibrated,acceptable,0°,4x6,13,1.03136,37.45413,0.6397,1.49069,-3.34218,0.9568,1.52634,6.4379,0.7108,45.599,20.552,
IMG_2427_J12,calibrated,acceptable,0°,4x6,17,0.78644,36.33971,0.4968,1.2048,-4.36443,0.915,1.21995,5.34657,0.8023,38.194,20.614,
IMG_2305,calibrated,acceptable,90°CW,4x6,16,0.75023,39.12772,0.4873,1.21326,-3.82306,0.9458,1.22538,5.9546,0.7712,38.706,20.616,
IMG_2404,calibrated,acceptable,0°,4x6,14,1.02515,34.81278,0.7099,1.33261,-1.44841,0.9718,1.42646,4.38274,0.8279,44.85,20.7,
IMG_2404_J12,calibrated,acceptable,0°,4x6,14,1.02515,34.81278,0.7099,1.33261,-1.44841,0.9718,1.42646,4.38274,0.8279,44.85,20.7,
IMG_1653,calibrated,acceptable,0°,4x6,16,0.80862,38.40201,0.6177,1.24919,-2.96949,0.9327,1.31267,5.15348,0.804,41.174,20.703,
IMG_2350,calibrated,acceptable,0°,4x6,14,1.04407,35.14576,0.6905,1.35478,-1.48048,0.9737,1.44076,4.56013,0.8072,45.336,20.78,
IMG_1686,calibrated,acceptable,0°,4x6,16,0.7589,38.33835,0.584,1.18132,-2.89937,0.9362,1.24796,5.00023,0.7905,39.631,20.956,
IMG_2420,calibrated,acceptable,0°,4x6,15,1.01105,29.44971,0.67,1.18414,-1.14978,0.9713,1.25368,4.14636,0.817,41.381,20.97,
IMG_2348,calibrated,acceptable,0°,4x6,15,1.11587,31.93842,0.6235,1.34199,-1.27749,0.9764,1.41431,4.89457,0.7731,45.129,21.015,
IMG_2341,calibrated,acceptable,0°,4x6,16,0.91766,35.36136,0.5119,1.31368,-2.67002,0.9315,1.30806,4.26427,0.8021,42.624,21.038,
IMG_2418,calibrated,acceptable,0°,4x6,15,1.00629,30.32544,0.6634,1.20335,-1.31778,0.9715,1.27011,4.45147,0.8101,42.05,21.097,
IMG_2369,calibrated,acceptable,0°,4x6,15,1.13952,31.86619,0.6482,1.34689,-1.43478,0.9722,1.43415,4.75116,0.7913,45.614,21.138,
IMG_1667,calibrated,acceptable,0°,4x6,16,0.77904,38.81312,0.585,1.2277,-2.25654,0.9302,1.28026,5.26248,0.7829,40.772,21.17,
IMG_2426,calibrated,acceptable,0°,4x6,17,0.7436,37.42328,0.4552,1.19037,-4.46241,0.9049,1.19777,5.57206,0.7849,38.186,21.191,
IMG_2318,calibrated,acceptable,0°,4x6,13,1.10367,31.80797,0.7608,1.32283,-1.74217,0.9767,1.36847,5.66301,0.8309,45.027,21.239,
IMG_1777,calibrated,acceptable,0°,4x6,17,0.74296,36.50396,0.5774,1.05234,-2.82203,0.8956,1.12901,5.83336,0.7998,38.308,21.295,
IMG_2410,calibrated,acceptable,0°,4x6,15,1.04634,31.35136,0.654,1.26047,-1.29627,0.9693,1.32607,4.83165,0.7975,43.689,21.295,
IMG_2410_J12,calibrated,acceptable,0°,4x6,15,1.04634,31.35136,0.654,1.26047,-1.29627,0.9693,1.32607,4.83165,0.7975,43.689,21.295,
IMG_2408,calibrated,acceptable,0°,4x6,15,1.08735,32.18228,0.6525,1.31698,-1.26884,0.9703,1.39472,4.68349,0.7861,45.068,21.335,
IMG_2408_J12,calibrated,acceptable,0°,4x6,15,1.08735,32.18228,0.6525,1.31698,-1.26884,0.9703,1.39472,4.68349,0.7861,45.068,21.335,
IMG_2365,calibrated,acceptable,0°,4x6,15,1.10176,32.15706,0.6394,1.33487,-1.21703,0.9717,1.40469,5.00923,0.7761,45.331,21.4,
IMG_2424,calibrated,acceptable,0°,4x6,14,0.82985,34.33007,0.6531,1.12179,-1.22309,0.9677,1.18689,4.15438,0.7993,40.494,21.483,
IMG_2291,calibrated,acceptable,90°CW,4x6,16,0.68991,41.70392,0.4475,1.25817,-4.39124,0.923,1.26479,5.60256,0.7618,39.778,21.632,
IMG_2419,calibrated,acceptable,0°,4x6,15,1.07194,32.64095,0.6313,1.32203,-1.08243,0.9693,1.38821,5.01452,0.7719,45.32,21.676,
IMG_2342,calibrated,acceptable,0°,4x6,15,1.08759,32.77854,0.619,1.34229,-0.90999,0.9725,1.40994,4.96341,0.7536,45.644,21.693,
IMG_2363,calibrated,acceptable,0°,4x6,15,1.07433,32.81,0.6088,1.33462,-1.30866,0.9729,1.39791,5.17807,0.7574,45.448,21.699,
IMG_2414,calibrated,acceptable,0°,4x6,15,0.91995,30.08466,0.6165,1.127,-1.36207,0.9709,1.17711,4.24313,0.7848,40.258,21.807,
IMG_2357,calibrated,acceptable,0°,4x6,15,1.02374,32.89957,0.6106,1.28298,-1.12345,0.9689,1.34203,4.95964,0.7417,44.602,21.884,
IMG_2423,calibrated,poor,0°,4x6,18,0.70952,33.77515,0.414,1.00386,-4.19677,0.8865,1.01841,6.3922,0.7839,34.158,21.894,
IMG_2371,calibrated,acceptable,0°,4x6,13,1.05461,33.99492,0.7004,1.34457,-2.15249,0.9742,1.35742,6.48498,0.777,45.876,21.913,
IMG_2354,calibrated,acceptable,0°,4x6,15,1.0664,33.71851,0.5971,1.35229,-1.31974,0.9702,1.40496,5.32716,0.7291,46.066,21.968,
IMG_2346,calibrated,acceptable,0°,4x6,15,0.94838,31.17317,0.6113,1.19245,-0.32021,0.9696,1.24549,4.14655,0.764,41.807,21.985,
IMG_2407,calibrated,acceptable,0°,4x6,15,1.0162,33.26719,0.5951,1.29805,-1.1795,0.9695,1.34173,5.31232,0.7432,44.835,21.992,
IMG_2407_J12,calibrated,acceptable,0°,4x6,15,1.0162,33.26719,0.5951,1.29805,-1.1795,0.9695,1.34173,5.31232,0.7432,44.835,21.992,
IMG_2281,calibrated,poor,90°CW,4x6,16,0.64341,42.49699,0.4113,1.21643,-4.51373,0.9191,1.20279,6.01496,0.7364,39.354,22.239,
IMG_2302,calibrated,acceptable,0°,4x6,17,0.7645,34.21363,0.4911,1.07195,-2.82552,0.9066,1.07688,4.68046,0.7822,38.59,22.258,
IMG_2372,calibrated,acceptable,0°,4x6,13,1.06263,34.99336,0.6705,1.37483,-1.9609,0.9741,1.37852,6.8075,0.7477,46.594,22.441,
IMG_2416,calibrated,poor,0°,4x6,16,0.66677,43.33885,0.4097,1.29734,-4.8451,0.9035,1.27418,6.45343,0.7384,41.04,22.583,
IMG_2413,calibrated,poor,0°,4x6,17,0.70251,39.79986,0.3862,1.23292,-4.65731,0.8907,1.20795,6.75445,0.707,39.95,22.604,
IMG_2283,calibrated,acceptable,0°,4x6,12,1.0859,29.81058,0.924,1.30681,-2.01369,0.9688,1.1813,3.46379,0.9815,46.215,22.782,
IMG_2403,calibrated,acceptable,0°,4x6,15,0.88821,34.49086,0.4817,1.22466,-1.11642,0.969,1.2373,5.48757,0.7003,43.648,22.902,
IMG_2403_J12,calibrated,acceptable,0°,4x6,15,0.88821,34.49086,0.4817,1.22466,-1.11642,0.969,1.2373,5.48757,0.7003,43.648,22.902,
IMG_2415,calibrated,acceptable,0°,4x6,14,1.10143,31.60186,0.5772,1.35793,-1.8264,0.9752,1.33878,7.10761,0.7204,46.099,22.918,
IMG_2367,calibrated,acceptable,0°,4x6,14,1.10343,31.5356,0.6227,1.34403,-1.84684,0.976,1.322,6.86629,0.7109,46.064,22.982,
IMG_2304,calibrated,acceptable,0°,4x6,14,0.9913,29.10657,0.7773,1.20159,-1.02677,0.9592,1.13596,1.67598,0.9593,43.805,23.025,
IMG_2301,calibrated,poor,0°,4x6,16,0.70154,38.71517,0.4125,1.17576,-3.21522,0.9152,1.11552,5.20721,0.6795,41.11,23.1,
IMG_2412,calibrated,acceptable,0°,4x6,16,0.97164,33.14903,0.6081,1.4071,-0.9263,0.9223,1.30783,5.35616,0.7798,45.32,23.122,
IMG_2298,calibrated,acceptable,0°,4x6,15,0.84774,35.53794,0.5168,1.22156,-0.47007,0.964,1.17746,5.96403,0.6356,43.53,23.154,
IMG_2421,calibrated,acceptable,0°,4x6,14,1.09881,31.02311,0.6569,1.32264,-2.0014,0.9727,1.31469,6.95228,0.735,45.85,23.237,
IMG_2421_J12,calibrated,acceptable,0°,4x6,14,1.09881,31.02311,0.6569,1.32264,-2.0014,0.9727,1.31469,6.95228,0.735,45.85,23.237,
IMG_2280,calibrated,acceptable,0°,4x6,14,0.74716,39.54751,0.5082,1.2151,-0.6808,0.9688,1.17947,5.79969,0.6597,43.416,23.3,
IMG_2288,calibrated,acceptable,0°,4x6,12,1.04812,30.80517,0.8945,1.32976,-1.84759,0.9615,1.18264,3.63422,0.9759,46.298,23.312,
IMG_2294,calibrated,poor,0°,4x6,16,0.7233,39.18275,0.4157,1.2305,-3.13426,0.9163,1.14706,5.42288,0.6568,42.247,23.312,
IMG_2303,calibrated,acceptable,0°,4x6,14,0.71008,38.70864,0.5109,1.12869,-1.0415,0.9652,1.10546,5.69461,0.6554,41.639,23.323,
IMG_2297,calibrated,poor,0°,4x6,16,0.7031,39.06822,0.4106,1.19774,-2.86039,0.9119,1.10817,5.24396,0.6573,41.535,23.353,
IMG_2333,calibrated,acceptable,0°,4x6,14,0.99702,31.97429,0.573,1.27544,-1.08251,0.9769,1.22586,6.70371,0.6835,44.62,23.395,
IMG_2279,calibrated,acceptable,0°,4x6,13,0.87817,38.05359,0.5621,1.30083,-1.97062,0.9713,1.22114,8.20305,0.6605,45.811,23.461,
IMG_2300,calibrated,acceptable,0°,4x6,14,0.92237,26.88604,0.7397,1.10992,-0.94801,0.9647,1.0442,1.28903,0.9632,40.837,23.466,
IMG_2296,calibrated,acceptable,0°,4x6,11,1.12193,29.96775,0.9166,1.35508,-1.10461,0.9645,1.21858,2.80682,0.9882,47.393,23.567,
IMG_2289,calibrated,acceptable,0°,4x6,13,1.13249,25.3508,0.8803,1.26484,-1.95618,0.9693,1.13471,3.09339,0.9833,44.7,23.604,
IMG_2306,calibrated,acceptable,0°,4x6,13,1.16135,25.67216,0.8745,1.27012,-1.83238,0.9669,1.14963,3.48806,0.985,45.392,23.613,
IMG_2295,calibrated,poor,0°,4x6,17,0.69189,36.86249,0.4046,1.06752,-2.95449,0.881,1.02879,5.61471,0.7001,39.83,23.653,
IMG_2422,calibrated,acceptable,0°,4x6,14,1.04648,31.81261,0.6101,1.30234,-1.94979,0.9718,1.26923,7.46654,0.7013,45.708,23.774,
IMG_2308,calibrated,acceptable,0°,4x6,13,1.10918,26.48264,0.8428,1.27028,-1.70049,0.9618,1.13472,3.48761,0.9793,45.308,24.071,
IMG_2292,calibrated,acceptable,0°,4x6,14,0.87404,29.26751,0.6676,1.13473,-0.98587,0.9547,1.06128,1.40886,0.9495,42.046,24.162,
IMG_2282,calibrated,acceptable,0°,4x6,13,1.04644,23.96545,0.8848,1.15822,-1.81507,0.9702,1.04407,2.77016,0.9837,42.68,24.245,
IMG_2299,calibrated,acceptable,0°,4x6,13,0.76131,37.45849,0.5311,1.18493,-1.95016,0.9694,1.07809,8.19156,0.6269,42.948,24.259,
IMG_2290,calibrated,acceptable,0°,4x6,13,1.0685,25.35729,0.8577,1.21933,-1.74633,0.9619,1.09145,3.35318,0.9812,44.04,24.316,
IMG_2286,calibrated,acceptable,0°,4x6,13,1.14982,27.59332,0.8353,1.36457,-1.7501,0.9593,1.20804,3.73624,0.9699,47.001,24.529,
IMG_2293,calibrated,acceptable,0°,4x6,13,1.03878,24.93308,0.821,1.19417,-1.87901,0.966,1.07036,3.17766,0.9806,43.378,24.7,
IMG_2278,calibrated,acceptable,0°,4x6,13,1.08636,27.46015,0.8436,1.28662,-1.71262,0.9559,1.13865,3.47868,0.9693,46.049,24.751,
IMG_2287,calibrated,acceptable,0°,4x6,13,1.10259,28.29441,0.7764,1.3379,-1.66504,0.9515,1.184,4.17874,0.972,46.806,24.804,
IMG_1656,no_checker_found,,,,,,,,,,,,,,,,use day-level fallback
IMG_1662,no_checker_found,,,,,,,,,,,,,,,,use day-level fallback
IMG_1687,no_checker_found,,,,,,,,,,,,,,,,use day-level fallback
IMG_1689,no_checker_found,,,,,,,,,,,,,,,,use day-level fallback
IMG_1695,no_checker_found,,,,,,,,,,,,,,,,use day-level fallback
IMG_1697,no_checker_found,,,,,,,,,,,,,,,,use day-level fallback
IMG_1698,no_checker_found,,,,,,,,,,,,,,,,use day-level fallback
IMG_1701,no_checker_found,,,,,,,,,,,,,,,,use day-level fallback
IMG_1706,no_checker_found,,,,,,,,,,,,,,,,use day-level fallback
IMG_1740,no_checker_found,,,,,,,,,,,,,,,,use day-level fallback
IMG_1995,no_checker_found,,,,,,,,,,,,,,,,use day-level fallback
IMG_1996,no_checker_found,,,,,,,,,,,,,,,,use day-level fallback
IMG_1998,no_checker_found,,,,,,,,,,,,,,,,use day-level fallback
IMG_2001,no_checker_found,,,,,,,,,,,,,,,,use day-level fallback
IMG_2004,no_checker_found,,,,,,,,,,,,,,,,use day-level fallback
IMG_2009,no_checker_found,,,,,,,,,,,,,,,,use day-level fallback
IMG_2010,no_checker_found,,,,,,,,,,,,,,,,use day-level fallback
IMG_2013,no_checker_found,,,,,,,,,,,,,,,,use day-level fallback
IMG_2014,no_checker_found,,,,,,,,,,,,,,,,use day-level fallback
IMG_2016,no_checker_found,,,,,,,,,,,,,,,,use day-level fallback
IMG_2117,no_checker_found,,,,,,,,,,,,,,,,use day-level fallback
IMG_2121,no_checker_found,,,,,,,,,,,,,,,,use day-level fallback
IMG_2131,no_checker_found,,,,,,,,,,,,,,,,use day-level fallback
IMG_2277,no_checker_found,,,,,,,,,,,,,,,,use day-level fallback
IMG_2284,no_checker_found,,,,,,,,,,,,,,,,use day-level fallback
IMG_2285,no_checker_found,,,,,,,,,,,,,,,,use day-level fallback
IMG_2316,fit_failed,,,,,,,,,,,,,,,,
IMG_2673,no_checker_found,,,,,,,,,,,,,,,,use day-level fallback
IMG_2674,no_checker_found,,,,,,,,,,,,,,,,use day-level fallback
IMG_2676,no_checker_found,,,,,,,,,,,,,,,,use day-level fallback
IMG_2678,no_checker_found,,,,,,,,,,,,,,,,use day-level fallback
IMG_2679,no_checker_found,,,,,,,,,,,,,,,,use day-level fallback
