image_ID,date,farm,section,tank,YC ,age,diet_name,diet_code,shade_coverage,section_coverage,tank_position,abalone_number,length_mm,width_mm,area_mm2,lightness,A,B,hue,saturation,brightness,lip_score,L_slope,L_intercept,L_r2,a_slope,a_intercept,a_r2,b_slope,b_intercept,b_r2,lightness_corrected,a_corrected,b_corrected,chroma
IMG_1623,15/04/2024,North,Northern,L3-2,22,19,Pink,1,single,single,Middle ,1,0,0,0,23.444,-5.684,11.079,53.051,86.482,58.819,2,1.14688,26.04993,0.9871,1.25072,-2.4721,0.9817,1.25658,-0.98867,0.9893,52.93738472,-9.58119248,12.93297982,16.09537873
IMG_1624,15/04/2024,North,Northern,L3-2,22,19,Pink,1,single,single,Middle ,2,0,0,0,30.051,-8.62,13.431,58.64,89.041,75.536,2,1.12052,25.41113,0.9874,1.21226,-2.55455,0.9816,1.21959,-1.09762,0.9891,59.08387652,-13.0042312,15.28269329,20.0666575
IMG_1625,15/04/2024,North,Northern,L3-2,22,19,Pink,1,single,single,Middle ,3,0,0,0,24.039,-4.863,11.964,54.008,94.211,62.598,2,1.12734,25.62109,0.9871,1.22089,-2.67321,0.9818,1.2276,-1.06706,0.9888,52.72121626,-8.61039807,13.6199464,16.1134073
IMG_1626,15/04/2024,North,Northern,L3-2,22,19,Pink,1,single,single,Middle ,4,0,0,0,22.447,-3.926,10.569,48.002,84.393,56.287,2,1.20903,27.35499,0.9875,1.3307,-2.66607,0.9826,1.33568,-0.82632,0.9898,54.49408641,-7.8903982,13.29048192,15.45623801
IMG_1627,15/04/2024,North,Northern,L3-2,22,19,Pink,1,single,single,Middle ,5,0,0,0,29.331,-3.059,10.995,46.45,75.198,73.832,2,1.12875,25.32643,0.9873,1.22199,-2.78513,0.9824,1.22368,-0.82907,0.9897,58.43379625,-6.52319741,12.6252916,14.21091455
IMG_1628,15/04/2024,North,Northern,L3-2,22,19,Pink,1,single,single,Middle ,6,0,0,0,24.572,-10.317,6.236,92.226,87.042,63.34,2,1.04669,23.29084,0.9858,1.11536,-2.868,0.9824,1.11774,-0.91088,0.9892,49.01010668,-14.37516912,6.05934664,15.60003747
IMG_1629,15/04/2024,North,Northern,L3-2,22,19,Pink,1,single,single,Middle ,7,0,0,0,26.339,-13.978,8.177,92.708,105.032,68.345,2,1.06229,23.76584,0.9861,1.1341,-2.7621,0.9828,1.13811,-0.92344,0.9893,51.74549631,-18.6145498,8.38288547,20.41504918
IMG_1630,15/04/2024,North,Northern,L3-2,22,19,Pink,1,single,single,Middle ,8,0,0,0,25.143,-7.351,19.975,47.285,143.73,64.544,2,1.08915,24.71911,0.9866,1.17075,-2.47828,0.982,1.18283,-1.14487,0.9893,52.10360845,-11.08446325,22.48215925,25.06616864
IMG_1631,15/04/2024,North,Northern,L3-2,22,19,Pink,1,single,single,Middle ,9,0,0,0,22.327,-5.589,11.108,55.99,93.36,57.012,2,1.19224,27.23449,0.9873,1.30917,-2.45865,0.9824,1.32099,-0.96014,0.9894,53.85363248,-9.77560113,13.71341692,16.84102672
IMG_1632,15/04/2024,North,Northern,L3-2,22,19,Pink,1,single,single,Middle ,10,0,0,0,24.052,-5.069,9.605,56.867,78.43,61.4,2,1.21019,27.54354,0.9869,1.32437,-2.73184,0.9823,1.33815,-0.84485,0.9893,56.65102988,-9.44507153,12.00808075,15.27754494
IMG_1633,15/04/2024,North,Northern,L3-2,22,19,Pink,1,single,single,Middle ,11,0,0,0,28.822,-3.885,13.583,45.28,92.922,73.2,2,0.77193,38.52625,0.5987,1.29173,-2.66088,0.9152,1.24376,0.92417,0.8829,60.77481646,-7.67925105,17.81816208,19.40252037
IMG_1634,15/04/2024,North,Northern,L3-2,22,19,Pink,1,single,single,Middle ,12,0,0,0,33.985,-6.027,14.723,48.1,85.251,84.271,2,1.06209,23.86414,0.9859,1.13154,-2.49129,0.9823,1.14114,-1.11145,0.9886,59.95926865,-9.31108158,15.68955422,18.24440604
IMG_1635,15/04/2024,North,Northern,L3-2,22,19,Pink,1,single,single,Middle ,13,0,0,0,21.427,-9.971,5.914,97.797,102.951,56.511,2,1.051,24.60804,0.9819,1.15264,-1.89792,0.9825,1.16248,-1.296,0.988,47.127817,-13.39089344,5.57890672,14.50655808
IMG_1636,15/04/2024,North,Northern,L3-2,22,19,Pink,1,single,single,Middle ,14,0,0,0,23.29,-6.783,11.825,57.343,95.81,59.941,2,1.12316,25.53149,0.9868,1.2211,-2.94925,0.9822,1.22155,-0.91191,0.9892,51.6898864,-11.2319713,13.53291875,17.58684364
IMG_1637,15/04/2024,North,Northern,L3-2,22,19,Pink,1,single,single,Middle ,15,0,0,0,20.835,-9.818,7.277,83.532,88.963,54.296,2,1.13096,25.82743,0.9868,1.23227,-2.8518,0.9822,1.23468,-0.9062,0.9896,49.3909816,-14.95022686,8.07856636,16.99330802
IMG_1638,15/04/2024,North,Northern,L3-2,22,19,Pink,1,single,single,Middle ,16,0,0,0,27.604,-8.145,14.055,55.131,96.297,69.164,2,1.19506,27.13809,0.9856,1.31059,-2.80386,0.9819,1.31702,-0.77113,0.9892,60.12652624,-13.47861555,17.7395861,22.2792727
IMG_1639,15/04/2024,North,Northern,L3-2,22,19,Pink,1,single,single,Middle ,17,0,0,0,26.916,-5.043,14.973,46.888,104.836,68.653,2,1.17324,26.45181,0.9869,1.28039,-2.79426,0.9832,1.28759,-0.91503,0.9896,58.03073784,-9.25126677,18.36405507,20.56269572
IMG_1640,15/04/2024,North,Northern,L3-2,22,19,Pink,1,single,single,Middle ,18,0,0,0,20.508,-4.73,8.423,64.465,79.18,52.666,2,1.17303,26.85725,0.9871,1.2889,-2.83165,0.9819,1.29462,-0.89019,0.9894,50.91374924,-8.928147,10.01439426,13.41640418
IMG_1641,15/04/2024,North,Northern,L3-2,22,19,Pink,1,single,single,Middle ,19,0,0,0,31.273,-5.135,19.522,41.349,116.889,78.027,2,1.09899,24.67878,0.9867,1.1804,-2.77495,0.9834,1.19187,-1.10406,0.9892,59.04749427,-8.836304,22.16362614,23.86014652
IMG_1642,15/04/2024,North,Northern,L3-2,22,19,Pink,1,single,single,Middle ,20,0,0,0,27.012,-9.246,15.614,57.857,109.316,68.146,2,1.11287,25.27193,0.9858,1.20459,-2.88489,0.9822,1.20975,-0.9669,0.9892,55.33277444,-14.02252914,17.9221365,22.75597285
IMG_1643,15/04/2024,North,Northern,L3-3,22,19,Pink,1,single,single,Middle ,1,73.46,59.72,3498.51,31.8,-11.894,8.296,89.203,77.72,80.698,2,0.89236,35.02219,0.7026,1.25537,-3.08773,0.9477,1.31229,1.0164,0.8975,63.399238,-18.01910078,11.90315784,21.59567455
IMG_1644,15/04/2024,North,Northern,L3-3,22,19,Pink,1,single,single,Middle ,2,67.92,55.57,3022.26,32.696,-6.975,10.858,64.501,74.479,82.488,2,0.83868,38.31353,0.6074,1.3116,-4.62922,0.93,1.32917,0.37509,0.9198,65.73501128,-13.77763,14.80721786,20.22564682
IMG_1645,15/04/2024,North,Northern,L3-3,22,19,Pink,1,single,single,Middle ,3,71.18,56.21,3221.01,31.747,-1.834,12.453,43.636,81.58,80.547,2,0.80735,39.04077,0.5843,1.29721,-4.53722,0.9276,1.32261,0.64616,0.9093,64.67171045,-6.91630314,17.11662233,18.46114864
IMG_1646,15/04/2024,North,Northern,L3-3,22,19,Pink,1,single,single,Middle ,4,67.79,60.72,3195.28,32.722,-4.842,10.968,64.566,79.112,84.072,2,1.08674,25.87633,0.9778,1.20255,-2.70973,0.9818,1.20768,-0.82716,0.9876,61.43663628,-8.5324771,12.41867424,15.06740307
IMG_1647,15/04/2024,North,Northern,L3-3,22,19,Pink,1,single,single,Middle ,5,73.77,61.46,3615.29,25.593,-7.794,9.833,71.578,87.303,66.123,2,0.88682,35.19241,0.6952,1.23593,-3.29334,0.9515,1.2995,1.41646,0.8944,57.88879426,-12.92617842,14.1944435,19.19813311
IMG_1648,15/04/2024,North,Northern,L3-3,22,19,Pink,1,single,single,Middle ,6,67.57,56.44,3014.5,28.444,-9.883,10.621,73.5,80.601,72.195,2,1.04842,24.82132,0.9772,1.16253,-2.49266,0.9813,1.16388,-1.08909,0.9881,54.64257848,-13.98194399,11.27247948,17.96005433
IMG_1649,15/04/2024,North,Northern,L3-3,22,19,Pink,1,single,single,Middle ,7,69.74,57.89,3114.98,27.313,-4.999,9.229,56.365,65.717,67.506,2,0.82475,38.28192,0.6045,1.28678,-4.55872,0.9337,1.31239,0.70347,0.918,60.80831675,-10.99133322,12.81551731,16.88333172
IMG_1650,15/04/2024,North,Northern,L3-3,22,19,Pink,1,single,single,Middle ,8,67.06,52.25,2769.39,28.049,-7.491,10.244,62.304,71.007,69.571,2,0.91178,34.81442,0.7129,1.27988,-4.24655,0.9536,1.27974,0.17251,0.9544,60.38893722,-13.83413108,13.28216656,19.17808988
IMG_1651,15/04/2024,North,Northern,L3-3,22,19,Pink,1,single,single,Middle ,9,71.73,51.25,2830.2,38.887,-2.91,15.98,38.786,84.332,97.965,2,0.88438,36.40931,0.6707,1.30165,-4.38585,0.9477,1.30712,0.50119,0.944,70.80019506,-8.1736515,21.3889676,22.897522
IMG_1652,15/04/2024,North,Northern,L3-3,22,19,Pink,1,single,single,Middle ,10,69.14,56.33,3093.06,26.251,-4.977,10.514,52.138,75.08,65.685,2,0.88817,35.5411,0.6922,1.28453,-4.55201,0.9503,1.28358,-0.1331,0.9502,58.85645067,-10.94511581,13.36246012,17.27283707
IMG_1653,15/04/2024,North,Northern,L3-3,22,19,Pink,1,single,single,Middle ,11,68.47,61.55,3222.44,33.778,-4.768,9.028,54.738,55.19,82.486,2,0.80862,38.40201,0.6177,1.25025,-3.44183,0.9307,1.32276,2.0079,0.8339,65.71557636,-9.403022,13.94977728,16.82299346
IMG_1654,15/04/2024,North,Northern,L3-3,22,19,Pink,1,single,single,Middle ,12,68.42,52.45,2939.9,26.959,-7.989,11.446,62.626,85.435,68.241,2,0.89421,35.31182,0.7033,1.24581,-3.53103,0.9517,1.31214,1.20819,0.8968,59.41882739,-13.48380609,16.22694444,21.09802722
IMG_1655,15/04/2024,North,Northern,L3-3,22,19,Pink,1,single,single,Middle ,13,69.79,53.62,3010.74,31.67,-5.589,8.907,59.681,58.032,77.734,2,0.80236,39.06685,0.5781,1.28958,-4.80528,0.9287,1.31372,0.74217,0.9029,64.4775912,-12.01274262,12.44347404,17.29583856
IMG_1656,15/04/2024,North,Northern,L3-3,22,19,Pink,1,single,single,Middle ,14,69.74,58.37,3231.41,26.708,-5.243,9.949,55.204,72.197,66.431,2,0,0,0,0,0,0,0,0,0,0,0,0,0
IMG_1657,15/04/2024,North,Northern,L3-3,22,19,Pink,1,single,single,Middle ,15,70.22,55.24,3028.96,18.547,-5.724,5.579,75.473,67.074,48.14,2,0.94562,33.50747,0.7525,1.27227,-4.30315,0.9604,1.26162,0.07585,0.9599,51.04588414,-11.58562348,7.11442798,13.59565213
IMG_1658,15/04/2024,North,Northern,L3-3,22,19,Pink,1,single,single,Middle ,16,72.4,58.11,3362.97,25.904,-4.04,16.12,43.519,117.796,67.733,2,0.89237,35.1109,0.6557,1.23618,-3.52458,0.9447,1.30751,2.25466,0.8689,58.22685248,-8.5187472,23.3317212,24.83824205
IMG_1659,15/04/2024,North,Northern,L3-3,22,19,Pink,1,single,single,Middle ,17,67.64,54.73,2990.78,26.368,-3.679,16.03,42.561,113.076,67.393,2,1.08753,25.65878,0.9778,1.20501,-2.79308,0.9827,1.20593,-0.97135,0.9881,54.33477104,-7.22631179,18.3597079,19.73064764
IMG_1660,15/04/2024,North,Northern,L3-3,22,19,Pink,1,single,single,Middle ,18,58.93,49.42,2357.28,27.649,-7.283,8.504,74.849,73.102,69.973,2,0.76582,38.66992,0.5653,1.25002,-4.62475,0.9231,1.26623,0.64436,0.9108,59.84407718,-13.72864566,11.41237992,17.85267843
IMG_1661,15/04/2024,North,Northern,L3-3,22,19,Pink,1,single,single,Middle ,19,73.35,56.98,3373.17,30.76,-8.847,12.165,64.62,81.547,77.39,2,0.7188,40.25047,0.5204,1.24372,-4.28414,0.9079,1.26598,0.653,0.8797,62.360758,-15.28733084,16.0536467,22.16804133
IMG_1662,15/04/2024,North,Northern,L3-3,22,19,Pink,1,single,single,Middle ,20,84.89,58.52,3758.15,29.481,-3.4,8.088,49.461,52.964,71.944,2,0,0,0,0,0,0,0,0,0,0,0,0,0
IMG_1663,15/04/2024,North,Northern,L3-3,22,19,Pink,1,single,single,Middle ,21,62.15,59.9,2969.09,25.32,-5.026,12.112,53.549,93.857,65.389,2,0.9897,36.05346,0.7234,1.35635,-3.2183,0.9504,1.43656,1.33028,0.9014,61.112664,-10.0353151,18.72989472,21.24891775
IMG_1665,15/04/2024,North,Northern,L3-6,22,19,Pink,1,single,single,Middle ,1,63.61,56.14,2812.68,36.29,-5.341,17.385,44.355,96.862,91.5,2,1.06319,24.81754,0.9805,1.17433,-2.38557,0.9814,1.17074,-0.95632,0.9887,63.4007051,-8.65766653,19.3969949,21.24143594
IMG_1666,15/04/2024,North,Northern,L3-6,22,19,Pink,1,single,single,Middle ,2,67.12,53.58,2878.2,20.106,-7.048,10.624,64.712,96.168,51.971,2,1.05934,24.5718,0.9802,1.15837,-2.18773,0.9815,1.16686,-1.00814,0.9871,45.87089004,-10.35192176,11.38858064,15.39032336
IMG_1667,15/04/2024,North,Northern,L3-6,22,19,Pink,1,single,single,Middle ,3,70.39,67.47,3678.87,33.696,-6.818,16.206,49.817,96.591,84.653,2,0.77904,38.81312,0.585,1.22934,-2.7429,0.9284,1.29311,2.02938,0.8171,65.06365184,-11.12454012,22.98552066,25.53604419
IMG_1668,15/04/2024,North,Northern,L3-6,22,19,Pink,1,single,single,Middle ,4,70.47,64.82,3618.3,32.311,-9.705,13.561,64.882,85,81.078,2,1.08224,25.19003,0.9801,1.18162,-2.49434,0.9824,1.19014,-1.09814,0.9878,60.15828664,-13.9619621,15.04134854,20.5226351
IMG_1669,15/04/2024,North,Northern,L3-6,22,19,Pink,1,single,single,Middle ,5,77.04,60.46,3586.17,31.789,-8.126,12.145,61.035,77.718,79.581,2,0.85349,37.47267,0.645,1.26314,-3.33439,0.9422,1.33893,1.76031,0.8566,64.60426361,-13.59866564,18.02161485,22.57658763
IMG_1670,15/04/2024,North,Northern,L3-6,22,19,Pink,1,single,single,Middle ,6,75.11,64.25,3838.84,23.368,-2.419,15.414,39.156,117.596,60.859,2,0.9148,36.0964,0.647,1.28024,-3.53865,0.9404,1.35293,2.39802,0.8589,57.4734464,-6.63555056,23.25208302,24.18036178
IMG_1671,15/04/2024,North,Northern,L3-6,22,19,Pink,1,single,single,Middle ,7,73.52,60.53,3502.83,32.539,-5.659,8.577,69.366,60.13,80.882,2,1.16242,27.16308,0.9799,1.28782,-2.72299,0.9816,1.29439,-0.75827,0.9884,64.98706438,-10.01076338,10.34371303,14.39471371
IMG_1672,15/04/2024,North,Northern,L3-6,22,19,Pink,1,single,single,Middle ,8,72.51,59.89,3418.29,25.076,-14.082,11.725,83.803,112.873,65.766,2,0.74918,34.97231,0.5811,1.05777,-4.47021,0.8979,1.10019,0.9054,0.9128,53.75874768,-19.36572714,13.80512775,23.78261844
IMG_1673,15/04/2024,North,Northern,L3-6,22,19,Pink,1,single,single,Middle ,9,77.23,69.04,4171.83,25.538,-4.991,7.877,65.72,69.207,64.732,2,0.86126,32.74172,0.579,1.16963,-4.49514,0.9302,1.19176,1.39516,0.885,54.73657788,-10.33276333,10.78265352,14.93424303
IMG_1674,15/04/2024,North,Northern,L3-6,22,19,Pink,1,single,single,Middle ,10,60.6,54.76,2670.04,29.424,-4.177,10.068,48.134,66.533,72.105,2,0.66739,40.48976,0.4864,1.17797,-4.92176,0.909,1.20367,0.73898,0.8633,60.12704336,-9.84214069,12.85752956,16.19209065
IMG_1675,15/04/2024,North,Northern,L3-6,22,19,Pink,1,single,single,Middle ,11,67.64,62.67,3297.39,27.438,-6.32,11.672,55.368,81.375,68.403,2,0.77816,35.60004,0.6383,1.13318,-3.33925,0.9412,1.19417,1.55525,0.8649,56.95119408,-10.5009476,15.49360224,18.71688037
IMG_1676,15/04/2024,North,Northern,L3-6,22,19,Pink,1,single,single,Middle ,12,65.53,53.17,2727.98,31.26,-9.131,15.357,57.418,96.408,78.83,2,1.12737,26.30677,0.9789,1.24351,-2.83427,0.9821,1.24277,-0.6629,0.988,61.5483562,-14.18875981,18.42231889,23.25301568
IMG_1677,15/04/2024,North,Northern,L3-6,22,19,Pink,1,single,single,Middle ,13,68.5,53.67,2949.17,27.793,-7.028,7.838,80.151,67.666,70.145,2,1.1488,26.84842,0.979,1.26824,-2.80396,0.9823,1.27396,-0.70266,0.9876,58.7770184,-11.71715072,9.28263848,14.94854502
IMG_1678,15/04/2024,North,Northern,L3-6,22,19,Pink,1,single,single,Middle ,14,77.01,57.91,3693.66,27.584,-10.382,9.129,78.294,80.294,69.93,2,0.90791,37.46641,0.6644,1.31427,-3.61614,0.9425,1.39534,1.67143,0.8648,62.51019944,-17.26089114,14.40948886,22.48492233
IMG_1679,15/04/2024,North,Northern,L3-6,22,19,Pink,1,single,single,Middle ,15,72.82,49.49,2820.8,21.939,-5.676,5.598,80.101,59.861,55.761,2,1.14389,26.82899,0.9794,1.27021,-2.77862,0.9822,1.27281,-0.7608,0.9879,51.92479271,-9.98833196,6.36439038,11.84365823
IMG_1680,15/04/2024,North,Northern,L3-6,22,19,Pink,1,single,single,Middle ,16,73.16,61.31,3541.82,22.868,-3.235,8.814,46.798,69.846,57.252,2,1.21676,28.85316,0.9789,1.37334,-2.92243,0.981,1.36999,-0.35591,0.989,56.67802768,-7.3651849,11.71918186,13.84142955
IMG_1681,15/04/2024,North,Northern,L3-6,22,19,Pink,1,single,single,Middle ,17,70.57,62.53,3575.97,15.658,-2.436,4.937,60.905,59.227,41.159,2,0.88915,34.18273,0.7218,1.20842,-3.47716,0.9507,1.27368,0.86869,0.9044,48.1050407,-6.42087112,7.15684816,9.614991499
IMG_1682,15/04/2024,North,Northern,L3-6,22,19,Pink,1,single,single,Middle ,18,73.37,58,3355.14,17.184,-6.921,12.006,55.608,119.228,45.604,2,0.89393,37.95765,0.6482,1.31635,-3.5237,0.9349,1.39697,1.66018,0.8504,53.31894312,-12.63415835,18.43220182,22.34654383
IMG_1683,15/04/2024,North,Northern,L3-6,22,19,Pink,1,single,single,Middle ,19,73.69,59.92,3498.19,26.829,-8.791,9.706,70.074,80.14,67.93,2,0.82193,35.92243,0.6554,1.18578,-3.45914,0.9443,1.25936,1.07942,0.8686,57.97398997,-13.88333198,13.30276816,19.22785863
IMG_1685,15/04/2024,North,Northern,L3-8,22,19,Pink,1,double,double,Middle ,1,92.41,69.41,5114.08,36.29,-5.314,9.712,57.272,57.41,88.812,2,0.79251,37.97775,0.5916,1.2213,-3.19608,0.9411,1.23952,2.47625,0.8572,66.7379379,-9.6860682,14.51446824,17.44963339
IMG_1686,15/04/2024,North,Northern,L3-8,22,19,Pink,1,double,double,Middle ,2,98.45,62.15,4621.87,36.013,-4.501,8.938,57.609,54.42,88.199,2,0.7589,38.33835,0.584,1.18264,-3.38958,0.9343,1.2592,1.83311,0.8232,65.6686157,-8.71264264,13.0878396,15.72264886
IMG_1687,15/04/2024,North,Northern,L3-8,22,19,Pink,1,double,double,Middle ,3,74.94,54.53,3266.38,36.739,-6.048,9.286,61.166,53.801,90.277,2,0,0,0,0,0,0,0,0,0,0,0,0,0
IMG_1688,15/04/2024,North,Northern,L3-8,22,19,Pink,1,double,double,Middle ,4,71.6,60.03,3474.74,28.46,-11.247,2.917,104.602,92.706,72.522,2,0.82055,37.17032,0.6361,1.2279,-2.70963,0.9359,1.30406,1.46998,0.851,60.523173,-16.5198213,5.27392302,17.34124447
IMG_1689,15/04/2024,North,Northern,L3-8,22,19,Pink,1,double,double,Middle ,5,77.55,58.45,3739.56,27.774,-8.542,4.202,96.154,68.307,69.947,2,0,0,0,0,0,0,0,0,0,0,0,0,0
IMG_1690,15/04/2024,North,Northern,L3-8,22,19,Pink,1,double,double,Middle ,6,83.02,62.37,4025.12,35.013,-8.181,5.44,90.381,60.625,87.403,2,0.91623,35.64152,0.6979,1.27229,-3.30723,0.9515,1.34369,1.45029,0.8923,67.72148099,-13.71583449,8.7599636,16.27455308
IMG_1691,15/04/2024,North,Northern,L3-8,22,19,Pink,1,double,double,Middle ,7,81.85,50.56,3413.45,34.126,-8.578,4.366,98.251,60.48,85.373,2,0.7803,32.79826,0.6583,1.01097,-3.2453,0.9059,1.09012,1.78452,0.876,59.4267778,-11.91740066,6.54398392,13.59588776
IMG_1692,15/04/2024,North,Northern,L3-8,22,19,Pink,1,double,double,Middle ,8,66.01,64.69,3399.93,33.329,-8.727,5.603,90.913,58.856,82.905,2,0.81279,38.62638,0.5915,1.29196,-4.69284,0.9285,1.31433,0.75959,0.9173,65.71585791,-15.96777492,8.12378099,17.91551432
IMG_1693,15/04/2024,North,Northern,L3-8,22,19,Pink,1,double,double,Middle ,9,73.5,57.16,3354.85,33.553,-7.109,9.326,73.986,73.894,85.515,2,0.88627,35.94098,0.6764,1.28636,-4.37028,0.9466,1.2944,0.31667,0.9429,65.67799731,-13.51501324,12.3882444,18.33368981
IMG_1694,15/04/2024,North,Northern,L3-8,22,19,Pink,1,double,double,Middle ,10,77.89,58.74,3628.23,34.021,-4.483,10.523,63.779,76.694,87.254,2,1.16898,27.27238,0.9793,1.2981,-2.67882,0.9825,1.3043,-0.73452,0.9889,67.04224858,-8.4982023,12.9906289,15.52339787
IMG_1695,15/04/2024,North,Northern,L3-8,22,19,Pink,1,double,double,Middle ,11,67.07,62.42,3348.61,37.331,-6.087,8.549,74.925,68.241,94.437,2,0,0,0,0,0,0,0,0,0,0,0,0,0
IMG_1696,15/04/2024,North,Northern,L3-8,22,19,Pink,1,double,double,Middle ,12,80.87,58.16,3687.6,23.258,-10.685,4.261,98.463,97.956,60.416,2,1.11375,26.0243,0.9792,1.22312,-2.72354,0.9811,1.22938,-0.69774,0.9882,51.9278975,-15.7925772,4.54064818,16.43237599
IMG_1697,15/04/2024,North,Northern,L3-8,22,19,Pink,1,double,double,Middle ,13,93.22,64.18,4645.77,30.179,-3.377,10.267,48.859,68.201,75.506,2,0,0,0,0,0,0,0,0,0,0,0,0,0
IMG_1698,15/04/2024,North,Northern,L3-8,22,19,Pink,1,double,double,Middle ,14,79.2,58.21,3485.51,35.125,-8.112,6.919,80.242,55.871,87.024,2,0,0,0,0,0,0,0,0,0,0,0,0,0
IMG_1699,15/04/2024,North,Northern,L3-8,22,19,Pink,1,double,double,Middle ,15,90.27,65.78,4767.89,30.33,-8.324,8.656,79.198,76.595,77.122,2,0.93112,38.03516,0.6641,1.36248,-3.26135,0.9416,1.44398,1.93837,0.8621,66.2760296,-14.60263352,14.43746088,20.53477982
IMG_1700,15/04/2024,North,Northern,L3-8,22,19,Pink,1,double,double,Middle ,16,96.82,64.32,4938.14,37.853,-4.866,12.572,55.035,71.381,95.754,2,1.11521,26.14114,0.9793,1.22901,-3.09169,0.9811,1.22733,-0.61463,0.9883,68.35518413,-9.07205266,14.81536276,17.3723088
IMG_1701,15/04/2024,North,Northern,L3-8,22,19,Pink,1,double,double,Middle ,17,86,56.25,3748.81,39.906,-4.233,10.89,56.091,61.015,99.591,2,0,0,0,0,0,0,0,0,0,0,0,0,0
IMG_1702,15/04/2024,North,Northern,L3-8,22,19,Pink,1,double,double,Middle ,18,79.3,59.16,3687.39,29.249,-9.386,6.432,85.545,81.745,74.189,2,0.9248,35.16744,0.7137,1.27029,-3.27077,0.9487,1.34053,1.18593,0.8964,62.2169152,-15.19371194,9.80821896,18.08452492
IMG_1703,15/04/2024,North,Northern,L3-8,22,19,Pink,1,double,double,Middle ,19,56.35,46.17,2101.04,38.616,-0.794,12.023,33.275,68.025,97.475,1,0.85923,37.98646,0.6234,1.32266,-4.62343,0.9336,1.33237,0.52645,0.9273,71.16648568,-5.67362204,16.54553451,17.49127495
IMG_1704,15/04/2024,North,Northern,L3-8,22,19,Pink,1,double,double,Middle ,20,70.43,62.34,3580.3,30.516,-5.768,8.822,61.87,61.623,75.316,2,0.84021,34.31658,0.6949,1.16422,-3.18539,0.9487,1.2312,0.89195,0.8909,59.95642836,-9.90061096,11.7535964,15.36779508
IMG_1705,15/04/2024,North,Northern,L3-8,22,19,Pink,1,double,double,Middle ,21,79.57,63.71,4022.71,31.29,-6.002,9.854,75.311,92.412,81.858,2,0.83634,37.6246,0.6262,1.28656,-4.53343,0.9328,1.30357,0.38574,0.9303,63.7936786,-12.25536312,13.23111878,18.03486705
IMG_1706,15/04/2024,North,Northern,L3-8,22,19,Pink,1,double,double,Middle ,22,67.85,61.83,3398.99,30.126,-11.108,5.192,95.186,98.109,77.224,2,0,0,0,0,0,0,0,0,0,0,0,0,0
IMG_1707,15/04/2024,North ,Northern,L4-2,21,31,Pink,1,single,single,Middle ,1,86.25,70.74,4848.74,27.567,-10.458,13.375,71.219,103.859,71.158,2,0.90554,30.27897,0.7703,1.08514,-3.18596,0.9271,1.15181,1.19965,0.9275,55.24199118,-14.53435412,16.60510875,22.06755732
IMG_1708,15/04/2024,North ,Northern,L4-2,21,31,Pink,1,single,single,Middle ,2,87.26,71.23,4885.5,27.842,-10.227,13.174,69.447,100.917,71.662,2,0.76703,29.59567,0.7411,0.96304,-0.88267,0.7902,1.0128,0.14105,0.9041,50.95131926,-10.73168008,13.4836772,17.23306439
IMG_1709,15/04/2024,North ,Northern,L4-2,21,31,Pink,1,single,single,Middle ,3,90.89,72.73,5226.98,27.565,-3.432,9.497,45.912,66.761,67.957,2,1.06361,24.9265,0.9769,1.16493,-3.02429,0.9808,1.16304,-0.59092,0.9875,54.24490965,-7.02232976,10.45447088,12.59400955
IMG_1710,15/04/2024,North ,Northern,L4-2,21,31,Pink,1,single,single,Middle ,4,87.8,72.13,5062.58,23.564,-2.782,15.529,40.969,121.107,62.095,2,1.1435,26.57512,0.978,1.25833,-2.89688,0.9807,1.25897,-0.44805,0.9879,53.520554,-6.39755406,19.10249513,20.14532249
IMG_1711,15/04/2024,North ,Northern,L4-2,21,31,Pink,1,single,single,Middle ,5,96.53,81.02,6447.37,30.718,-5.634,13.916,48.651,87.525,76.151,2,1.03636,25.51416,0.9783,1.13675,-3.11853,0.9782,1.13655,-0.75089,0.9855,57.34906648,-9.5229795,15.0653398,17.82278322
IMG_1712,15/04/2024,North ,Northern,L4-2,21,31,Pink,1,single,single,Middle ,6,98.51,81.93,6396.6,29.742,-3.79,18.864,40.803,120.673,75.566,2,0.88013,32.73735,0.7758,1.14829,-3.2243,0.9524,1.18853,0.2999,0.9272,58.91417646,-7.5763191,22.72032992,23.95024014
IMG_1713,15/04/2024,North ,Northern,L4-2,21,31,Pink,1,single,single,Middle ,7,91.91,72.42,5244.85,29.181,-6.986,14.123,52.569,94.058,73.188,2,1.02692,25.28444,0.9776,1.12417,-3.07055,0.9778,1.12401,-0.69654,0.9848,55.25099252,-10.92400162,15.17785323,18.70029519
IMG_1714,15/04/2024,North ,Northern,L4-2,21,31,Pink,1,single,single,Middle ,8,98.05,78.64,6193.32,27.239,-7.474,16.707,51.145,118.79,69.23,2,0.88884,32.24617,0.7834,1.16052,-3.1485,0.9545,1.20614,-0.16201,0.9277,56.45728276,-11.82222648,19.98897098,23.22335031
IMG_1715,15/04/2024,North ,Northern,L4-2,21,31,Pink,1,single,single,Middle ,9,101.27,76.43,6248.74,24.987,-1.791,12.341,41.306,93.703,65.418,2,1.13186,26.9178,0.9776,1.25268,-2.87245,0.9792,1.25311,-0.49213,0.9871,55.19958582,-5.11599988,14.97250051,15.82242795
IMG_1716,15/04/2024,North ,Northern,L4-2,21,31,Pink,1,single,single,Middle ,10,109.36,76.41,6644.47,28.478,-5.097,18.062,50.257,124.007,72.319,2,0.83828,30.9092,0.721,1.01675,-4.70923,0.9092,1.0604,3.27385,0.8977,54.78173784,-9.89160475,22.4267948,24.51132329
IMG_1717,15/04/2024,North ,Northern,L4-2,21,31,Pink,1,single,single,Middle ,11,88.81,77.22,5396.94,28.694,-9.162,14.071,59.679,95.431,72.233,2,0.8853,32.42901,0.7671,1.16246,-3.25839,0.9539,1.21018,0.15379,0.9223,57.8318082,-13.90884852,17.18223278,22.10622515
IMG_1718,15/04/2024,North ,Northern,L4-2,21,31,Pink,1,single,single,Middle ,12,87.52,69.69,4844.79,21.851,-1.616,11.639,40.966,98.923,57.935,2,0.86879,33.37487,0.7471,1.16548,-3.24895,0.952,1.21925,0.20643,0.9124,52.35880029,-5.13236568,14.39728075,15.28472671
IMG_1719,15/04/2024,North ,Northern,L4-2,21,31,Pink,1,single,single,Middle ,13,102.24,83.96,6718.51,32.595,-5.353,11.028,53.335,69.974,80.469,2,0.8635,33.20898,0.7513,1.15286,-3.20488,0.9494,1.20483,0.12966,0.9131,61.3547625,-9.37613958,13.41652524,16.3681136
IMG_1720,15/04/2024,North ,Northern,L4-2,21,31,Pink,1,single,single,Middle ,14,89.33,74.04,5344.05,29.323,-7.29,14.714,54.587,99.867,74.682,2,1.03133,25.17976,0.9777,1.13019,-2.84718,0.98,1.13562,-1.15722,0.9855,55.42144959,-11.0862651,15.55229268,19.0991906
IMG_1721,15/04/2024,North ,Northern,L4-2,21,31,Pink,1,single,single,Middle ,15,97.66,71.63,5509.27,24.748,-6.706,12.838,53.45,96.633,62.478,2,1.0344,24.41025,0.9775,1.13587,-2.77074,0.9826,1.13698,-1.0182,0.9877,50.0095812,-10.38788422,13.57834924,17.09618983
IMG_1722,15/04/2024,North ,Northern,L4-2,21,31,Pink,1,single,single,Middle ,16,88.94,75.1,5234.04,25.837,-3.75,18.701,41.968,136.069,67.524,2,0.89063,29.21159,0.7711,1.06198,-3.93483,0.9131,1.08597,2.39277,0.9126,52.22279731,-7.917255,22.70149497,24.04247909
IMG_1723,15/04/2024,North ,Northern,L4-2,21,31,Pink,1,single,single,Middle ,17,86.03,76.47,5152.32,31.529,-6.833,12.557,53.825,78.635,78.292,2,1.035,25.39192,0.9786,1.13301,-2.92025,0.9794,1.1399,-1.06303,0.9852,58.024435,-10.66210733,13.2506943,17.00768744
IMG_1724,15/04/2024,North ,Northern,L4-2,21,31,Pink,1,single,single,Middle ,18,95.64,75.19,5708.28,21.895,-10.502,9.076,83.249,94.098,57.449,2,0.89188,32.00771,0.7818,1.16589,-3.06222,0.9545,1.21619,-0.03181,0.9273,51.5354226,-15.30639678,11.00633044,18.85272108
IMG_1726,15/04/2024,North,Northern,L4-3,22,19,Pink,1,single,single,Middle ,1,64.12,52.22,2758.21,27.918,-1.455,7.883,40.155,58.22,69.566,2,0.8958,32.65076,0.7604,1.18009,-3.15046,0.954,1.23686,0.35204,0.9208,57.6597044,-4.86749095,10.10220738,11.21369975
IMG_1727,15/04/2024,North,Northern,L4-3,22,19,Pink,1,single,single,Middle ,2,66.71,57.1,2981.01,31.942,-4.611,10.429,55.274,65.645,79.207,2,0.92287,31.34897,0.8031,1.17913,-3.13146,0.9567,1.21863,0.13971,0.9374,60.82728354,-8.56842843,12.84880227,15.44375879
IMG_1728,15/04/2024,North,Northern,L4-3,22,19,Pink,1,single,single,Middle ,3,68.56,54.77,2947.84,33.576,-2.856,9.056,49.629,56.953,82.718,2,0.79909,36.62851,0.6495,1.18341,-3.48771,0.9289,1.2421,1.49626,0.8507,63.45875584,-6.86752896,12.7447176,14.47725045
IMG_1729,15/04/2024,North,Northern,L4-3,22,19,Pink,1,single,single,Middle ,4,69.2,51.91,2879.26,30.836,-9.456,7.58,81.343,70.668,77.489,2,0.91214,31.96867,0.7849,1.18546,-3.27077,0.9565,1.23197,-0.04746,0.93,60.09541904,-14.48047976,9.2908726,17.20478444
IMG_1730,15/04/2024,North,Northern,L4-3,22,19,Pink,1,single,single,Middle ,5,77.11,67.06,4069.02,27.331,-11.713,8.837,83.812,88.277,70.055,2,1.14859,34.12078,0.8032,1.51007,-3.31152,0.9699,1.57355,1.16669,0.909,65.51289329,-20.99896991,15.07215135,25.84814275
IMG_1731,15/04/2024,North,Northern,L4-3,22,19,Pink,1,single,single,Middle ,6,67.16,55.46,2923.66,35.018,-5.52,14.156,50.937,82.944,88.169,2,1.19165,27.60743,0.9773,1.3225,-2.86189,0.9806,1.32353,-0.33806,0.9878,69.3366297,-10.16209,18.39783068,21.01780785
IMG_1732,15/04/2024,North,Northern,L4-3,22,19,Pink,1,single,single,Middle ,7,75.36,61.88,3536.07,33.662,-4.077,11.106,57.055,68.702,85.394,2,0.99257,32.67158,0.816,1.27969,-3.18309,0.9565,1.31925,0.09958,0.9378,66.08347134,-8.40038613,14.7511705,16.97537977
IMG_1733,15/04/2024,North,Northern,L4-3,22,19,Pink,1,single,single,Middle ,8,65.41,54.34,2900.51,26.003,-1.891,11.039,38.358,83.208,65.988,1,1.11354,26.57432,0.9769,1.24134,-2.92957,0.9813,1.24063,-0.74221,0.9877,55.52970062,-5.27694394,12.95310457,13.9867457
IMG_1734,15/04/2024,North,Northern,L4-3,22,19,Pink,1,single,single,Middle ,9,67.56,57.71,3090.98,30.082,-7.364,8.943,73.277,66.844,75.658,2,1.11669,26.4342,0.9773,1.23928,-2.86435,0.9813,1.2389,-0.6985,0.9877,60.02646858,-11.99040792,10.3809827,15.85984502
IMG_1735,15/04/2024,North,Northern,L4-3,22,19,Pink,1,single,single,Middle ,10,66.59,53.38,2849.26,35.992,-3.503,14.997,40.702,82.134,89.73,2,1.10457,26.28455,0.9761,1.22959,-2.92982,0.9815,1.22684,-0.65192,0.9874,66.04023344,-7.23707377,17.74699948,19.16588707
IMG_1736,15/04/2024,North,Northern,L4-3,22,19,Pink,1,single,single,Middle ,11,68.96,54.66,3018.91,28.047,-6.04,6.839,71.309,52.804,69.371,2,1.11514,25.11087,0.9866,1.20678,-2.74531,0.9809,1.20532,-0.5346,0.9904,56.38720158,-10.0342612,7.70858348,12.65340496
IMG_1737,15/04/2024,North,Northern,L4-3,22,19,Pink,1,single,single,Middle ,12,65.26,51.27,2653.55,30.226,-6.687,8.148,72.847,61.631,75.336,2,0.90863,33.85467,0.7633,1.21192,-2.98605,0.9504,1.26149,0.41973,0.9178,61.31892038,-11.09015904,10.69835052,15.40929367
IMG_1738,15/04/2024,North,Northern,L4-3,22,19,Pink,1,single,single,Middle ,13,65.66,50.06,2618.64,38.061,-2.918,11.808,42.215,64.944,94.296,2,0.95882,33.6775,0.7872,1.27396,-3.31293,0.9517,1.3191,0.23298,0.9238,70.17114802,-7.03034528,15.8089128,17.30166115
IMG_1739,15/04/2024,North,Northern,L4-3,22,19,Pink,1,single,single,Middle ,14,72.02,57.48,3353.78,36.957,-5.662,7.207,72.12,47.855,91.2,2,1.11451,26.58939,0.9758,1.23847,-2.9947,0.9806,1.23825,-0.64894,0.9874,67.77833607,-10.00691714,8.27512775,12.98522737
IMG_1740,15/04/2024,North,Northern,L4-3,22,19,Pink,1,single,single,Middle ,15,64.98,53.11,2823.27,21.239,-5.548,8.094,64.189,76.409,54,2,0,0,0,0,0,0,0,0,0,0,0,0,0
IMG_1741,15/04/2024,North,Northern,L4-3,22,19,Pink,1,single,single,Middle ,16,67.25,52.56,2793.85,33.373,-4.557,9.455,54.289,58.133,82.14,2,0.98251,21.37347,0.9826,0.98887,-2.85556,0.96,1.01089,-0.54649,0.9863,54.16277623,-7.36184059,9.01147495,11.6362957
IMG_1742,15/04/2024,North,Northern,L4-3,22,19,Pink,1,single,single,Middle ,17,54.32,49.42,2166.16,32.539,-4.897,10.26,56.42,65.783,80.703,2,1.0873,25.98501,0.9775,1.19916,-2.90218,0.9806,1.2032,-0.82502,0.9868,61.3646647,-8.77446652,11.519812,14.48092992
IMG_1743,15/04/2024,North,Northern,L4-3,22,19,Pink,1,single,single,Middle ,18,64.37,52.89,2775.39,28.237,-2.818,8.03,57.653,59.593,71.189,2,0.87366,36.37634,0.6863,1.23991,-3.31686,0.9386,1.31257,1.15732,0.8778,61.04587742,-6.81092638,11.6972571,13.53567663
IMG_1744,15/04/2024,North,Northern,L4-3,22,19,Pink,1,single,single,Middle ,19,72.02,55.5,3229.97,32.716,-3.671,9.05,50.171,54.999,79.918,2,1.09993,26.24231,0.9766,1.21255,-2.90977,0.9799,1.21747,-0.67542,0.9871,62.22761988,-7.36104105,10.3426835,12.69472439
IMG_1745,15/04/2024,North,Northern,L4-3,22,19,Pink,1,single,single,Middle ,20,63.87,51.82,2692.97,29.702,-2.466,7.813,45.032,52.221,72.636,2,0.98933,32.06955,0.7983,1.26122,-3.88368,0.9545,1.27297,1.99355,0.9219,61.45462966,-6.99384852,11.93926461,13.8369056
IMG_1746,15/04/2024,North,Northern,L4-3,22,19,Pink,1,single,single,Middle ,21,55.64,40.24,1747.36,31.902,-3.613,14.909,43.087,91.49,80.704,2,1.11195,26.29588,0.9773,1.23107,-2.89288,0.9815,1.233,-0.62579,0.9876,61.7693089,-7.34073591,17.757007,19.21451798
IMG_1748,15/04/2024,North,Northern,L4-6,22,19,Pink,1,single,single,Middle ,1,68.09,50.99,2787.62,30.754,-3.786,9.839,52.463,64.071,76.757,2,1.12155,26.92809,0.9753,1.25894,-2.93187,0.9816,1.25858,-0.67535,0.9876,61.4202387,-7.69821684,11.70781862,14.01197914
IMG_1749,15/04/2024,North,Northern,L4-6,22,19,Pink,1,single,single,Middle ,2,41.88,33.2,1102.58,26.446,-2.263,13.89,38.993,98.316,67.86,2,1.29093,29.96335,0.9728,1.50137,-2.5827,0.9883,1.50159,-0.92837,0.988,64.10328478,-5.98030031,19.9287151,20.80667387
IMG_1750,15/04/2024,North,Northern,L4-6,22,19,Pink,1,single,single,Middle ,3,76.3,65.8,4011.43,31.582,-9.69,16.028,57.655,100.008,79.706,2,1.15247,26.45061,0.9833,1.26443,-3.11239,0.9805,1.25657,-0.41509,0.9888,62.84791754,-15.3647167,19.72521396,25.0031715
IMG_1751,15/04/2024,North,Northern,L4-6,22,19,Pink,1,single,single,Middle ,4,59.59,48.06,2359.84,36.157,-5.189,20.29,42.505,108.438,91.127,2,1.02942,23.38851,0.9814,1.11447,-2.16874,0.9836,1.12061,-1.19418,0.988,60.60924894,-7.95172483,21.5429969,22.96368096
IMG_1752,15/04/2024,North,Northern,L4-6,22,19,Pink,1,single,single,Middle ,5,61.92,51.16,2527.82,30.622,-8.284,8.802,76.118,75.074,77.738,2,1.08649,24.61656,0.9842,1.17711,-2.92014,0.9821,1.17686,-0.91832,0.9886,57.88705678,-12.67131924,9.44040172,15.80137703
IMG_1753,15/04/2024,North,Northern,L4-6,22,19,Pink,1,single,single,Middle ,6,57.12,46.1,2085.84,22.583,-4.64,5.639,72.383,54.961,57.028,2,1.06297,24.32412,0.983,1.15106,-2.67221,0.9823,1.15818,-1.15546,0.9885,48.32917151,-8.0131284,5.37551702,9.649166285
IMG_1754,15/04/2024,North,Northern,L4-6,22,19,Pink,1,single,single,Middle ,7,78.6,60.38,3749.47,24.188,-7.719,8.715,73.251,72.324,61.415,2,1.06151,24.20454,0.9818,1.14694,-2.73066,0.9821,1.15065,-0.9431,0.9881,49.88034388,-11.58388986,9.08481475,14.72142532
IMG_1755,15/04/2024,North,Northern,L4-6,22,19,Pink,1,single,single,Middle ,8,66.84,56.46,3032.37,32.472,-10.416,11.588,68.468,76.901,81.395,2,1.12768,25.6334,0.9846,1.23019,-2.83969,0.9814,1.22568,-0.51827,0.9893,62.25142496,-15.65334904,13.68490984,20.79192376
IMG_1757,15/04/2024,North,Northern,L4-6,22,19,Pink,1,single,single,Middle ,10,67.9,56.17,3057.99,26.442,-7.746,11.423,63.466,87.318,68.101,2,1.11839,25.38175,0.9843,1.21856,-2.71769,0.9824,1.21988,-0.90209,0.9893,54.95421838,-12.15665576,13.03259924,17.82225918
IMG_1758,15/04/2024,North,Northern,L4-6,22,19,Pink,1,single,single,Middle ,11,62.01,46.16,2238.12,26.24,-1.429,5.801,53.992,47.722,65.348,2,1.01202,21.64175,0.9846,1.03627,-2.52491,0.9663,1.05638,-0.88519,0.9884,48.1971548,-4.00573983,5.24287038,6.598002835
IMG_1759,15/04/2024,North,Northern,L4-6,22,19,Pink,1,single,single,Middle ,12,62.92,48.84,2343.11,26.386,-3.44,7.921,53.57,59.498,65.56,2,1.0401,23.53652,0.983,1.11683,-2.7446,0.9831,1.11804,-0.98581,0.9885,50.9805986,-6.5864952,7.87018484,10.2626375
IMG_1760,15/04/2024,North,Northern,L4-6,22,19,Pink,1,single,single,Middle ,13,62.13,42.97,2146.74,35.698,-2.974,15.096,47.451,88.321,92.691,2,1.03791,23.57515,0.9829,1.11432,-2.65875,0.9822,1.11878,-1.08908,0.9884,60.62646118,-5.97273768,15.80002288,16.89124976
IMG_1761,15/04/2024,North,Northern,L4-6,22,19,Pink,1,single,single,Middle ,14,58.82,49.05,2288.02,23.614,-7.104,6.57,84.608,89.03,61.77,2,1.04986,23.79715,0.9834,1.12658,-2.6683,0.9822,1.13259,-1.03367,0.9884,48.58854404,-10.67152432,6.4074463,12.44736114
IMG_1762,15/04/2024,North,Northern,L4-6,22,19,Pink,1,single,single,Middle ,15,72.4,61.9,3594.22,28.201,-9.382,9.097,76.685,81.597,71.772,2,1.01346,21.82611,0.9841,1.03177,-2.88957,0.9623,1.04728,-0.75409,0.9864,50.40669546,-12.56963614,8.77301616,15.32845606
IMG_1763,15/04/2024,North,Northern,L4-6,22,19,Pink,1,single,single,Middle ,16,71.63,58.35,3303.54,27.675,-5.488,9.097,58.486,69.481,68.808,2,1.03975,23.46566,0.9843,1.12206,-2.83629,0.9829,1.12006,-1.07343,0.9891,52.24074125,-8.99415528,9.11575582,12.80592962
IMG_1764,15/04/2024,North,Northern,L4-6,22,19,Pink,1,single,single,Middle ,17,60.78,52.42,2553.89,32.287,-6.321,13.009,51.524,78.626,79.608,2,1.09838,25.09793,0.9832,1.1941,-2.71873,0.9825,1.1969,-0.91257,0.9888,60.56132506,-10.2666361,14.6579021,17.89575119
IMG_1765,15/04/2024,North,Northern,L4-6,22,19,Pink,1,single,single,Middle ,18,65.59,55.9,2891.74,30.74,-8.025,6.658,80.183,60.08,76.386,2,1.03002,23.28849,0.9831,1.10564,-2.66211,0.9821,1.10821,-1.01301,0.9887,54.9513048,-11.534871,6.36545218,13.17468142
IMG_1766,15/04/2024,North,Northern,L4-6,22,19,Pink,1,single,single,Middle ,19,74.74,58.55,3440.25,24.133,-9.858,14.547,59.795,112.289,62.091,2,1.08374,24.55279,0.9825,1.17053,-2.73083,0.9829,1.17447,-0.8691,0.9889,50.70668742,-14.26991474,16.21591509,21.60061038
IMG_1767,15/04/2024,North,Northern,L4-6,22,19,Pink,1,single,single,Middle ,20,79.04,61.25,3863,28.395,-8.877,8.075,80.908,69.909,71.596,2,1.07196,24.54031,0.9834,1.16121,-2.77783,0.9816,1.16324,-0.86826,0.9887,54.9786142,-13.08589117,8.524903,15.61776293
IMG_1768,15/04/2024,North,Northern,L4-6,22,19,Pink,1,single,single,Middle ,21,72.15,57.04,3250.68,24.12,-10.426,14.938,60.859,115.043,61.915,2,1.08463,24.86192,0.9828,1.17587,-2.74766,0.9815,1.18206,-0.86317,0.9889,51.0231956,-15.00728062,16.79444228,22.5226944
IMG_1769,15/04/2024,North,Northern,L4-6,22,19,Pink,1,single,single,Middle ,22,81.19,61.01,3940.81,26.152,-6.357,7.332,74.731,65.721,65.911,2,1.03827,23.35268,0.984,1.11408,-2.7913,0.9829,1.11488,-0.9153,0.989,50.50551704,-9.87350656,7.25900016,12.25476296
IMG_1772,15/04/2024,North,Northern,L4-8,22,19,Pink,1,double,double,Middle ,1,82.11,55.8,3586.65,38.795,-4.851,9.938,52.817,52.871,94.73,2,1.03136,37.45413,0.6397,1.49174,-3.72707,0.954,1.53231,3.42673,0.7831,77.4657412,-10.96350074,18.65482678,21.6379507
IMG_1773,15/04/2024,North,Northern,L4-8,22,19,Pink,1,double,double,Middle ,2,89.55,73.94,5206.12,27.454,-8.672,5.911,86.37,93.299,70.532,2,1.14594,26.59379,0.9804,1.26369,-2.82813,0.9817,1.26608,-0.69461,0.9879,58.05442676,-13.78684968,6.78918888,15.36783361
IMG_1774,15/04/2024,North,Northern,L4-8,22,19,Pink,1,double,double,Middle ,3,80.66,70.46,4592.91,36.843,-4.602,7.603,60.522,46.129,90.23,2,0.81647,37.14081,0.6443,1.20961,-3.21583,0.931,1.28693,1.3686,0.8501,67.22201421,-8.78245522,11.15312879,14.19590791
IMG_1775,15/04/2024,North,Northern,L4-8,22,19,Pink,1,double,double,Middle ,4,88.51,68.31,4679.64,32.606,-9.33,7.717,85.301,98.678,84.53,2,1.02838,24.02484,0.9782,1.12902,-2.73946,0.9798,1.11896,-0.7421,0.9865,57.55619828,-13.2732166,7.89291432,15.44268032
IMG_1776,15/04/2024,North,Northern,L4-8,22,19,Pink,1,double,double,Middle ,5,91.25,77.04,5544.24,33.195,-8.476,7.181,81.583,68.328,83.377,2,1.22547,28.61198,0.9807,1.37577,-2.81977,0.9811,1.37402,-0.60817,0.9886,69.29145665,-14.48079652,9.25866762,17.18768146
IMG_1777,15/04/2024,North,Northern,L4-8,22,19,Pink,1,double,double,Middle ,6,89.14,67.8,4821.29,37.344,-7.317,7.537,77.746,52.437,92.429,2,0.74296,36.50396,0.5774,1.05369,-3.37922,0.8943,1.13525,2.36123,0.8232,64.24905824,-11.08906973,10.91760925,15.56154424
IMG_1778,15/04/2024,North,Northern,L4-8,22,19,Pink,1,double,double,Middle ,7,101.32,55.62,4301.03,37.362,-6.63,5.304,81.891,44.951,91.829,2,1.04632,24.41177,0.9793,1.13983,-2.84084,0.9818,1.14253,-0.9319,0.9875,63.50437784,-10.3979129,5.12807912,11.59369605
IMG_1779,15/04/2024,North,Northern,L4-8,22,19,Pink,1,double,double,Middle ,8,81.16,59.88,3870.52,30.904,-5.91,7.752,67.152,60.818,76.744,2,1.05121,24.30674,0.9804,1.13894,-2.82956,0.9819,1.14322,-0.88606,0.988,56.79333384,-9.5606954,7.97618144,12.45095847
IMG_1780,15/04/2024,North,Northern,L4-8,22,19,Pink,1,double,double,Middle ,9,91.25,66.34,4778.9,35.516,-8.798,8.055,83.311,75.842,90.102,2,1.05061,24.51629,0.9813,1.15308,-2.28008,0.9796,1.1488,-0.89218,0.9867,61.82975476,-12.42487784,8.361404,14.97633687
IMG_1781,15/04/2024,North,Northern,L4-8,22,19,Pink,1,double,double,Middle ,10,62.29,56.65,2861.63,34.475,-6.569,6.715,74.769,47.49,84.774,2,1.10656,25.86054,0.9785,1.22369,-2.79209,0.9817,1.2216,-0.76554,0.9877,64.009196,-10.83050961,7.437504,13.13835622
IMG_1782,15/04/2024,North,Northern,L4-8,22,19,Pink,1,double,double,Middle ,11,80.98,71.37,4529.04,34.708,-7.144,6.632,84.119,58.262,86.719,2,1.24228,28.86824,0.9793,1.39201,-2.91798,0.9813,1.39546,-0.51279,0.9889,71.98529424,-12.86249944,8.74190072,15.55200052
IMG_1783,15/04/2024,North,Northern,L4-8,22,19,Pink,1,double,double,Middle ,12,86.92,69.2,4710.03,38.444,-4.745,13.037,47.543,70.216,95.616,2,1.21913,31.05663,0.8276,1.40178,-2.29775,0.9769,1.45013,1.89852,0.9009,77.92486372,-8.9491961,20.80386481,22.64705062
IMG_1784,15/04/2024,North,Northern,L4-8,22,19,Pink,1,double,double,Middle ,13,78.11,61.19,3867.55,29.028,-6.653,5.253,89.892,54.297,72.472,2,0.84666,32.9658,0.6899,1.07889,-3.39766,0.9111,1.15249,1.62915,0.8878,57.54264648,-10.57551517,7.68317997,13.07183138
IMG_1785,15/04/2024,North,Northern,L4-8,22,19,Pink,1,double,double,Middle ,14,93.91,60.67,4450.69,30.687,-7.916,5.659,90.736,72.125,77.636,2,0.96361,21.23966,0.9838,0.98026,-3.18549,0.9605,1.00106,-0.72695,0.9868,50.80996007,-10.94522816,4.93804854,12.00759522
IMG_1786,15/04/2024,North,Northern,L4-8,22,19,Pink,1,double,double,Middle ,15,76.34,68.07,4181.19,28.968,-5.327,10.178,59.253,72.783,73.205,2,0.7429,33.75789,0.6279,0.97411,-3.70416,0.9014,1.05332,1.94297,0.8652,55.2782172,-8.89324397,12.66366096,15.47443366
IMG_1787,15/04/2024,North,Northern,L4-8,22,19,Pink,1,double,double,Middle ,16,89.82,67.07,4857.79,25.665,-10.046,4.855,95.094,83.829,65.609,2,1.24147,28.76227,0.9789,1.3922,-3.04545,0.9797,1.3875,-0.31059,0.9886,60.62459755,-17.0314912,6.4257225,18.20334041
IMG_1788,15/04/2024,North,Northern,L4-8,22,19,Pink,1,double,double,Middle ,17,66.29,61.71,3261.21,37.832,-4.64,8.105,57.797,45.052,92.06,2,1.05876,24.59324,0.979,1.15447,-2.74282,0.9819,1.15891,-0.96673,0.9878,64.64824832,-8.0995608,8.42623555,11.68778553
IMG_1789,15/04/2024,North,Northern,L4-8,22,19,Pink,1,double,double,Middle ,18,72.93,59.35,3405.64,27.8,-9.982,6.823,87.582,79.01,70.627,2,1.06395,24.45789,0.9801,1.15204,-2.72648,0.9817,1.15725,-0.85774,0.9879,54.0357,-14.22614328,7.03817675,15.87195907
IMG_1790,15/04/2024,North,Northern,L4-8,22,19,Pink,1,double,double,Middle ,19,78.02,58.87,3709.74,33.425,-6.644,10.471,60.581,65.347,82.797,2,0.93604,35.60258,0.6711,1.29748,-3.55753,0.9425,1.36,2.0757,0.8705,66.889717,-12.17798712,16.31626,20.35985537
IMG_1791,15/04/2024,North,Northern,L4-8,22,19,Pink,1,double,double,Middle ,20,85.65,62.75,4242.48,37.154,-4.407,9.628,55,55.736,91.502,2,1.08569,25.51917,0.9783,1.21656,-2.51313,0.9808,1.20136,-0.80148,0.9889,65.85689626,-7.87450992,10.76521408,13.33783118
IMG_1792,15/04/2024,North,Northern,L4-8,22,19,Pink,1,double,double,Middle ,21,78.76,73.54,4587.45,36.009,-4.088,11.264,49.616,65.064,89.455,2,0.87644,37.80525,0.648,1.29568,-3.53704,0.9374,1.36668,2.23778,0.8549,69.36497796,-8.83377984,17.63206352,19.72118988
IMG_1793,15/04/2024,North,Northern,L4-8,22,19,Pink,1,double,double,Middle ,22,74.66,71.53,4237.88,30.626,-5.61,6.772,70.959,51.264,75.659,2,1.15524,27.01849,0.9782,1.28387,-4.26926,0.9774,1.25013,1.02827,0.9891,62.39887024,-11.4717707,9.49415036,14.89095074
IMG_1795,15/04/2024,North ,Centrals,K03,21,31,Pink,1,double,double,Middle ,1,114.71,83.47,7431.17,36.07,-2.851,12.394,42.556,71.133,89.924,2,1.1691,24.40676,0.9639,1.21454,-2.40108,0.9778,1.2162,-0.62755,0.9922,66.576197,-5.86373354,14.4460328,15.59074195
IMG_1796,15/04/2024,North ,Centrals,K03,21,31,Pink,1,double,double,Middle ,2,106.57,93.63,7683.45,38.624,-2.72,11.749,44.148,64.725,96.417,2,1.18196,24.39019,0.9667,1.2215,-2.47256,0.9773,1.22184,-0.53592,0.992,70.04221304,-5.79504,13.81947816,14.98534168
IMG_1797,15/04/2024,North ,Centrals,K03,21,31,Pink,1,double,double,Middle ,3,131.45,91.26,9332.49,36.984,-0.227,16.417,34.765,94.764,96.64,1,1.29781,26.61496,0.9649,1.35243,-2.49956,0.9759,1.34531,-0.02243,0.9917,74.61316504,-2.80656161,22.06352427,22.24131047
IMG_1798,15/04/2024,North ,Centrals,K03,21,31,Pink,1,double,double,Middle ,4,124.91,113.69,11413.11,34.855,-5.303,10.169,56.236,63.391,86.075,2,1.26436,25.95985,0.9656,1.32258,-2.46484,0.9765,1.31583,-0.34759,0.9915,70.0291178,-9.47848174,13.03308527,16.11530104
IMG_1799,15/04/2024,North ,Centrals,K03,21,31,Pink,1,double,double,Middle ,5,100.94,79.71,6384.93,27.367,-4.544,11.507,52.205,83.507,69.775,2,1.15261,23.79,0.9679,1.19293,-2.27747,0.9787,1.19447,-0.82146,0.9919,55.33347787,-7.69814392,12.92330629,15.0423823
IMG_1800,15/04/2024,North ,Centrals,K03,21,31,Pink,1,double,double,Middle ,6,100.97,79.41,6442.36,34.208,-1.968,13.621,38.121,80.746,86.373,1,1.07715,29.40224,0.8188,1.27454,-3.35251,0.9696,1.26477,-0.55228,0.9307,66.2493872,-5.86080472,16.67515217,17.67511618
IMG_1801,15/04/2024,North ,Centrals,K03,21,31,Pink,1,double,double,Middle ,7,128.74,89.19,9114.69,32.999,-3.768,10.656,48.229,66.751,82.163,2,1.07766,22.07392,0.9642,1.1141,-2.46977,0.9789,1.10445,-0.66497,0.9921,57.63562234,-6.6676988,11.1040492,12.95214715
IMG_1802,15/04/2024,North ,Centrals,K03,21,31,Pink,1,double,double,Middle ,8,120.39,93.39,9018.39,25.949,-5.348,10.46,56.616,79.47,65.172,2,1.25516,25.48646,0.9734,1.30295,-2.32184,0.9783,1.30695,-0.64862,0.9918,58.05660684,-9.2900166,13.022077,15.99621511
IMG_1803,15/04/2024,North ,Centrals,K03,21,31,Pink,1,double,double,Middle ,9,103.22,81.57,6821.75,30.635,-6.268,8.812,64.027,62.815,75.855,2,1.17465,24.17942,0.968,1.21705,-2.32282,0.9778,1.216,-0.78149,0.992,60.16482275,-9.9512894,9.933902,14.06095906
IMG_1804,15/04/2024,North ,Centrals,K03,21,31,Pink,1,double,double,Middle ,10,110.61,90.66,8153.88,30.448,-4.352,11.102,49.902,72.967,75.656,2,1.17377,24.12054,0.9686,1.2173,-2.56812,0.9786,1.21599,-0.6794,0.9922,59.85948896,-7.8658096,12.82052098,15.04116747
IMG_1805,15/04/2024,North ,Centrals,K03,21,31,Pink,1,double,double,Middle ,11,106.74,76.81,6757.67,27.784,-6.64,10.593,63.137,78.639,69.754,2,1.14827,23.04321,0.9674,1.18855,-2.01232,0.9809,1.18367,-1.11031,0.9916,54.94674368,-9.904292,11.42830631,15.12286961
IMG_1806,15/04/2024,North ,Centrals,K03,21,31,Pink,1,double,double,Middle ,12,111.67,87.72,7669.52,29.343,-3.4,10.274,53.639,70.384,73.879,2,1.18365,24.22797,0.9682,1.22209,-2.22287,0.9781,1.22622,-0.82026,0.9918,58.95981195,-6.377976,11.77792428,13.39395678
IMG_1807,15/04/2024,North ,Centrals,K03,21,31,Pink,1,double,double,Middle ,13,112.54,81.01,7488.27,31.314,-6.768,9.595,64.104,63.149,77.557,2,1.13496,27.78308,0.8747,1.27234,-2.96803,0.9755,1.27591,-0.65923,0.9467,63.32321744,-11.57922712,11.58312645,16.37825751
IMG_1808,15/04/2024,North ,Centrals,K03,21,31,Pink,1,double,double,Middle ,14,113.29,87.84,7987.34,32.844,-7.413,10.282,64.891,69.846,81.642,2,1.18189,24.29712,0.9689,1.21827,-2.44345,0.976,1.22069,-0.65283,0.9916,63.11511516,-11.47448551,11.89830458,16.52977524
IMG_1809,15/04/2024,North ,Centrals,K03,21,31,Pink,1,double,double,Middle ,15,112.87,79.99,7016.21,30.874,-4.188,12.028,47.628,76.137,76.6,2,1.18252,24.42479,0.9688,1.22996,-2.28314,0.9783,1.22825,-0.86786,0.9917,60.93391248,-7.43421248,13.905531,15.76804704
IMG_1810,15/04/2024,North ,Centrals,K03,21,31,Pink,1,double,double,Middle ,16,105.63,80.7,6822.91,28.755,-7.71,9.433,70.265,73.021,72.029,2,1.13779,23.13706,0.9661,1.17586,-1.88317,0.9785,1.1711,-0.87344,0.9918,55.85421145,-10.9490506,10.1735463,14.94599456
IMG_1811,15/04/2024,North ,Centrals,K03,21,31,Pink,1,double,double,Middle ,17,110.26,91.79,8057.04,30.021,-4.461,9.506,52.36,63.099,74.188,2,1.17117,24.08425,0.9691,1.21215,-2.43168,0.9776,1.2136,-0.86102,0.9918,59.24394457,-7.83908115,10.6754616,13.24449598
IMG_1812,15/04/2024,North ,Centrals,K03,21,31,Pink,1,double,double,Middle ,18,115.51,91.21,8414.95,30.371,-3.941,9.783,52.199,64.613,75.005,2,1.13157,23.30197,0.9676,1.17257,-2.41167,0.9793,1.16885,-0.88684,0.9919,57.66888247,-7.03276837,10.54801955,12.67756078
IMG_1813,15/04/2024,North ,Centrals,K03,21,31,Pink,1,double,double,Middle ,19,104.54,75.81,6465.86,33.308,-6.149,8.375,64.459,56.96,81.815,2,1.18379,24.36919,0.9691,1.22966,-2.49639,0.9775,1.22419,-0.61916,0.9919,63.79886732,-10.05756934,9.63343125,13.92686967
IMG_1814,15/04/2024,North ,Centrals,K03,21,31,Pink,1,double,double,Middle ,20,110.11,86.58,7662.31,32.895,-2.183,12.512,37.204,77.217,82.238,2,1.1817,24.46803,0.9679,1.22677,-2.32928,0.9767,1.22683,-0.75013,0.9918,63.3400515,-5.00731891,14.59996696,15.43477495
IMG_1816,15/04/2024,North ,Centrals,K07,21,31,Pink,1,double,double,Middle ,1,112.16,80.41,6934.51,35.822,-2.538,11.179,40.961,64.936,88.655,2,1.02513,27.97383,0.8234,1.19838,-3.28653,0.9707,1.18796,-0.78998,0.9384,64.69603686,-6.32801844,12.49022484,14.00176896
IMG_1817,15/04/2024,North ,Centrals,K07,21,31,Pink,1,double,double,Middle ,2,108.63,80.5,7019.74,30.28,-4.744,10.05,57.876,71.708,76.397,2,1.13112,23.50259,0.9721,1.16943,-2.49253,0.9782,1.16415,-0.43398,0.992,57.7529036,-8.04030592,11.2657275,13.84063349
IMG_1819,15/04/2024,North ,Centrals,K07,21,31,Pink,1,double,double,Middle ,3,109.05,77,6555.93,28.117,-5.205,9.091,63.156,75.436,71.021,2,1.16077,23.85568,0.9737,1.20035,-2.34216,0.9779,1.20229,-0.9927,0.9914,56.49305009,-8.58998175,9.93731839,13.13537526
IMG_1820,15/04/2024,North ,Centrals,K07,21,31,Pink,1,double,double,Middle ,4,102.54,78.07,6644.61,34.505,-4.239,10.008,49.825,58.788,84.418,2,1.09814,22.65784,0.9699,1.13561,-2.52671,0.9783,1.12897,-0.81799,0.9918,60.5491607,-7.34056079,10.48074176,12.79569383
IMG_1821,15/04/2024,North ,Centrals,K07,21,31,Pink,1,double,double,Middle ,5,111.16,77.75,6861.53,35.976,-6.385,8.363,66.804,53.336,88.658,2,1.09924,22.82208,0.9705,1.13812,-2.46302,0.9793,1.12908,-0.48398,0.9922,62.36833824,-9.7299162,8.95851604,13.22596987
IMG_1822,15/04/2024,North ,Centrals,K07,21,31,Pink,1,double,double,Middle ,6,103.95,53.93,4431.79,32.374,-6.12,8.703,63.211,55.808,79.726,2,1.09839,22.78568,0.971,1.13381,-2.36752,0.9794,1.13438,-0.89786,0.9918,58.34495786,-9.3064372,8.97464914,12.92880894
IMG_1823,15/04/2024,North ,Centrals,K07,21,31,Pink,1,double,double,Middle ,7,121.17,85.86,8063.71,28.672,-4.282,7.666,63.864,58.429,71.04,2,1.04807,21.07571,0.9718,1.0807,-1.61811,0.9814,1.07965,-1.29102,0.9915,51.12597304,-6.2456674,6.9855769,9.370520044
IMG_1824,15/04/2024,North ,Centrals,K07,21,31,Pink,1,double,double,Middle ,8,101.95,80.26,6523.98,31.098,-7.551,10.49,64.07,70.093,77.378,2,1.04854,21.13273,0.9719,1.07767,-1.60673,0.9788,1.07902,-1.10042,0.9913,53.74022692,-9.74421617,10.2184998,14.1197552
IMG_1825,15/04/2024,North ,Centrals,K07,21,31,Pink,1,double,double,Middle ,9,83.26,69.56,4651.33,31.061,-3.541,9.514,51.091,61.44,76.578,2,1.02769,28.50199,0.8055,1.21849,-3.38455,0.9697,1.20548,-0.55992,0.9418,60.42306909,-7.69922309,10.90901672,13.35232871
IMG_1826,15/04/2024,North ,Centrals,K07,21,31,Pink,1,double,double,Middle ,10,93.57,76.67,5605.16,33.513,-2.031,11.365,37.415,69.722,83.413,2,1.10647,22.95866,0.9713,1.14432,-2.44377,0.9798,1.14518,-0.90951,0.9919,60.03978911,-4.76788392,12.1054607,13.01056862
IMG_1827,15/04/2024,North ,Centrals,K07,21,31,Pink,1,double,double,Middle ,11,92.47,74.79,5471.45,31.506,-7.777,8.878,70.345,66.433,78.685,2,0.9626,28.82367,0.7707,1.18414,-3.02934,0.9626,1.15412,-0.24399,0.9298,59.1513456,-12.23839678,10.00228736,15.80582513
IMG_1828,15/04/2024,North ,Centrals,K07,21,31,Pink,1,double,double,Middle ,12,91.13,80.35,5933.98,27.193,-5.7,9.99,59.884,75.716,68.901,2,1.13013,23.19611,0.9748,1.16453,-2.3583,0.9802,1.16588,-0.76649,0.9917,53.92773509,-8.996121,10.8806512,14.11802973
IMG_1829,15/04/2024,North ,Centrals,K07,21,31,Pink,1,double,double,Middle ,13,101.75,83.99,6741.46,36.42,-1.469,13.085,37.55,76.084,92.489,1,1.1348,23.38616,0.9719,1.17034,-2.40054,0.9795,1.16621,-0.42004,0.9921,64.715576,-4.11976946,14.83981785,15.40106146
IMG_1830,15/04/2024,North ,Centrals,K07,21,31,Pink,1,double,double,Middle ,14,105.9,78.86,6802.62,26.563,-4.722,6.971,63.614,53.466,65.678,2,1.2409,25.48809,0.9748,1.292,-2.35651,0.9781,1.29492,-0.61504,0.992,58.4501167,-8.457334,8.41184732,11.92835587
IMG_1831,15/04/2024,North ,Centrals,K07,21,31,Pink,1,double,double,Middle ,15,94.52,74.53,5539.03,25.383,-3.803,8.664,50.273,66.75,62.841,2,1.00209,27.5244,0.8096,1.18294,-2.62929,0.9707,1.16947,-0.65135,0.9342,52.96045047,-7.12801082,9.48093808,11.86156504
IMG_1832,15/04/2024,North ,Centrals,K07,21,31,Pink,1,double,double,Middle ,16,106.24,83.75,6958.93,32.396,-3.099,11.301,42.559,68.572,79.865,2,1.09986,22.957,0.9673,1.1413,-2.47577,0.9793,1.13597,-0.84073,0.9917,58.58806456,-6.0126587,11.99686697,13.41927277
IMG_1833,15/04/2024,North ,Centrals,K07,21,31,Pink,1,double,double,Middle ,17,95.13,82.17,6338.67,27.687,-5.661,8.148,70.011,72.878,70.234,2,1.10202,22.39066,0.9684,1.13766,-1.74391,0.9778,1.13538,-0.95838,0.9913,52.90228774,-8.18420326,8.29269624,11.65117994
IMG_1835,15/04/2024,North ,Centrals,K16,21,31,Pink,1,double,double,Middle ,1,98.92,92.16,7237.24,37.242,-0.316,11.701,34.558,69.988,94.497,1,1.34858,25.95091,0.9662,1.39035,-2.2476,0.9837,1.38996,-0.40878,0.9908,76.17472636,-2.6869506,15.85514196,16.08120736
IMG_1836,15/04/2024,North ,Centrals,K16,21,31,Pink,1,double,double,Middle ,2,101.8,94.32,7927.08,38.094,0.22,12.918,31.96,76.547,98.116,1,1.48321,28.88381,0.9681,1.58123,-2.67665,0.9834,1.56517,-0.41042,0.9891,85.38521174,-2.3287794,19.80844606,19.94486773
IMG_1837,15/04/2024,North ,Centrals,K16,21,31,Pink,1,double,double,Middle ,3,115.79,74.24,7002.07,28.857,-8.699,6.722,83.385,62.908,72.204,2,1.06173,21.22876,0.9719,1.08981,-1.79103,0.9801,1.08803,-1.17821,0.9914,51.86710261,-11.27128719,6.13552766,12.83302827
IMG_1838,15/04/2024,North ,Centrals,K16,21,31,Pink,1,double,double,Middle ,4,114.6,91.86,8241.27,34.217,-1.788,13.964,35.721,83.137,86.335,1,1.42272,28.96591,0.957,1.52896,-2.25836,0.9812,1.51863,-0.26144,0.9895,77.64712024,-4.99214048,20.94470932,21.53142622
IMG_1840,15/04/2024,North ,Centrals,K16,21,31,Pink,1,double,double,Middle ,5,103.27,87.82,7301.18,36.132,-5.394,11.553,50.782,65.324,88.565,2,1.43369,29.06379,0.9577,1.55532,-2.47875,0.9809,1.52304,0.0318,0.9894,80.86587708,-10.86814608,17.62748112,20.70856562
IMG_1841,15/04/2024,North ,Centrals,K16,21,31,Pink,1,double,double,Middle ,6,98.87,78.15,6095.27,27.802,-3.331,11.948,51.91,83.723,69.663,2,1.43994,29.09745,0.9569,1.54522,-2.33971,0.9795,1.53224,-0.0204,0.9889,69.13066188,-7.48683782,18.28680352,19.76005879
IMG_1842,15/04/2024,North ,Centrals,K16,21,31,Pink,1,double,double,Middle ,7,109.23,84.81,7337.98,36.487,-0.681,14.121,33.895,83.153,93.582,1,1.17889,24.45153,0.97,1.22296,-2.51298,0.977,1.2185,-0.50143,0.9918,67.46568943,-3.34581576,16.7050085,17.03677763
IMG_1843,15/04/2024,North ,Centrals,K16,21,31,Pink,1,double,double,Middle ,8,115.32,88.08,8024.27,36.9,-3.734,9.71,47.33,54.284,90.196,2,1.10968,32.11346,0.7836,1.44305,-3.83893,0.9558,1.31158,-0.68532,0.99,73.060652,-9.2272787,12.0501218,15.17722332
IMG_1844,15/04/2024,North ,Centrals,K16,21,31,Pink,1,double,double,Middle ,9,110.77,85.71,7426,38.163,-2.938,10.511,44.843,58.918,94.55,2,1.3375,26.2361,0.9705,1.39688,-2.28484,0.9836,1.39384,-0.77912,0.9902,77.2791125,-6.38887344,13.87153224,15.27210236
IMG_1845,15/04/2024,North ,Centrals,K16,21,31,Pink,1,double,double,Middle ,10,119.86,85.54,8054.35,35.752,-1.959,11.297,41.756,66.884,89.151,2,1.23188,25.36768,0.9711,1.28004,-2.50678,0.9781,1.2762,-0.53352,0.9917,69.40985376,-5.01437836,13.8837114,14.76148477
IMG_1846,15/04/2024,North ,Centrals,K16,21,31,Pink,1,double,double,Middle ,11,99.02,88.45,6963.64,36.113,-1.579,11.568,36.782,67.342,90.293,1,1.20668,24.77055,0.9707,1.2486,-2.28419,0.9782,1.25034,-0.63921,0.9919,68.34738484,-4.2557294,13.82472312,14.46493007
IMG_1847,15/04/2024,North ,Centrals,K16,21,31,Pink,1,double,double,Middle ,12,118.85,94.4,8687.07,27.883,-6.082,8.384,67.809,70.18,70.211,2,1.21223,25.04936,0.9696,1.26197,-2.40751,0.9775,1.26329,-0.65938,0.992,58.84996909,-10.08281154,9.93204336,14.15304115
IMG_1848,15/04/2024,North ,Centrals,K16,21,31,Pink,1,double,double,Middle ,13,105.12,80.8,6578.09,29.316,-5.088,9.397,62.871,68.467,74.079,2,1.13053,23.54337,0.9693,1.17173,-2.35809,0.9781,1.17058,-0.93066,0.9912,56.68598748,-8.31985224,10.06928026,13.06178955
IMG_1849,15/04/2024,North ,Centrals,K16,21,31,Pink,1,double,double,Middle ,14,104.69,81.43,6694.09,27.34,-4.91,9.238,56.182,66.418,67.781,2,1.1408,23.74152,0.9688,1.18097,-2.43435,0.979,1.18131,-0.87105,0.9915,54.930992,-8.2329127,10.04189178,12.98539341
IMG_1850,15/04/2024,North ,Centrals,K16,21,31,Pink,1,double,double,Middle ,15,99.18,79.82,6450.91,34.757,-3.28,11.076,44.363,65.069,85.59,2,1.12577,23.48414,0.9681,1.16807,-2.38628,0.979,1.16766,-0.90629,0.9917,62.61252789,-6.2175496,12.02671216,13.53882301
IMG_1851,15/04/2024,North ,Centrals,K16,21,31,Pink,1,double,double,Middle ,16,91.29,85.01,5972.9,37.74,-1.302,14.31,35.073,80.025,96.122,1,1.13688,23.7648,0.9674,1.17516,-2.36304,0.9782,1.1725,-0.51079,0.9919,66.6706512,-3.89309832,16.267685,16.72703769
IMG_1852,15/04/2024,North ,Centrals,K16,21,31,Pink,1,double,double,Middle ,17,109.33,80.53,6974.21,27.722,-6.341,8.395,67.455,65.945,69.427,2,1.22941,25.16437,0.9697,1.27296,-2.34779,0.9772,1.28237,-0.88577,0.9918,59.24607402,-10.41962936,9.87972615,14.35888801
IMG_1853,15/04/2024,North ,Centrals,K16,21,31,Pink,1,double,double,Middle ,18,101.56,85.31,6970.59,28.981,-6.774,9.385,64.59,67.556,72.167,2,1.36617,26.4393,0.9716,1.42446,-2.23607,0.9837,1.41191,-0.34658,0.9902,66.03227277,-11.88536204,12.90419535,17.54366234
IMG_1854,15/04/2024,North ,Centrals,K16,21,31,Pink,1,double,double,Middle ,19,111.72,96.39,8474.44,23.868,-6.784,6.582,75.017,63.107,60.215,2,1.19874,24.70185,0.9711,1.24359,-2.50376,0.9763,1.23744,-0.32362,0.9918,53.31337632,-10.94027456,7.82121008,13.44845473
IMG_1855,15/04/2024,North ,Centrals,K16,21,31,Pink,1,double,double,Middle ,20,110.04,91.96,8025.12,29.398,-4.59,11.406,52.599,76.466,73.835,2,1.15783,29.63399,0.848,1.33752,-3.20636,0.9725,1.32898,-0.43036,0.9392,63.67187634,-9.3455768,14.72798588,17.44286025
IMG_1857,15/04/2024,North ,Centrals,K15,22,19,Pink,1,double,double,Middle ,1,93.32,63.41,4742.35,31.789,-7.279,8.812,73.49,69.053,80.245,2,1.12688,23.41154,0.9631,1.17108,-1.86014,0.9764,1.17272,-0.99671,0.9918,59.23392832,-10.38443132,9.33729864,13.96501198
IMG_1858,15/04/2024,North ,Centrals,K15,22,19,Pink,1,double,double,Middle ,2,90.19,59.46,4081.93,34.5,-6.347,6.843,76.199,51.108,85.533,2,1.15008,23.32464,0.9661,1.18754,-2.25308,0.9821,1.18932,-0.77579,0.9921,63.0024,-9.79039638,7.36272676,12.24996354
IMG_1859,15/04/2024,North ,Centrals,K15,22,19,Pink,1,double,double,Middle ,3,100.98,70.37,5328.98,33.731,-0.821,8.493,34.821,53.938,83.774,1,1.19333,24.76647,0.9689,1.24258,-2.55003,0.9766,1.23726,-0.45653,0.992,65.01868423,-3.57018818,10.05151918,10.66673715
IMG_1860,15/04/2024,North ,Centrals,K15,22,19,Pink,1,double,double,Middle ,4,95.38,67.46,5007,28.397,-5.722,6.407,75.536,55.611,70.934,2,1.27862,26.22931,0.9681,1.33367,-2.60201,0.9784,1.33593,-0.59151,0.9915,62.53828214,-10.23326974,7.96779351,12.96940797
IMG_1861,15/04/2024,North ,Centrals,K15,22,19,Pink,1,double,double,Middle ,5,71.11,62.49,3540.56,33.413,-4.091,8.968,53.458,56.734,82.129,2,1.18983,24.30892,0.9631,1.24684,-2.24959,0.9788,1.22982,-0.81912,0.9916,64.06470979,-7.35041244,10.20990576,12.58056989
IMG_1862,15/04/2024,North ,Centrals,K15,22,19,Pink,1,double,double,Middle ,6,101.03,65.18,4989.21,30.259,-8.982,3.331,101.488,66.025,75.704,2,1.08681,30.35845,0.8017,1.30961,-3.31936,0.9674,1.29285,-0.42087,0.925,63.24423379,-15.08227702,3.88561335,15.5747575
IMG_1863,15/04/2024,North ,Centrals,K15,22,19,Pink,1,double,double,Middle ,7,66.43,49.49,2628.25,36.491,0.235,23.518,31.477,131.971,98.434,1,1.18885,24.32047,0.9656,1.2363,-2.16755,0.9805,1.23463,-0.76429,0.9917,67.70279535,-1.8770195,28.27173834,28.33397944
IMG_1864,15/04/2024,North ,Centrals,K15,22,19,Pink,1,double,double,Middle ,8,72.9,54.92,3114.56,36.623,-1.961,8.196,41.08,47.476,89.74,2,1.20867,24.8076,0.9625,1.25048,-2.43878,0.9752,1.24908,-0.64478,0.9914,69.07272141,-4.89097128,9.59267968,10.76759507
IMG_1865,15/04/2024,North ,Centrals,K15,22,19,Pink,1,double,double,Middle ,9,71.07,61.23,3491.67,34.901,-3.845,12.366,47.21,72.483,87.25,2,1.46923,28.88623,0.9508,1.57204,-2.49291,0.9799,1.54407,0.03184,0.989,80.16382623,-8.5374038,19.12580962,20.94478115
IMG_1866,15/04/2024,North ,Centrals,K15,22,19,Pink,1,double,double,Middle ,10,82.79,70.05,4578.51,38.689,-3.69,9.146,54.521,50.945,95.334,2,1.46692,28.70731,0.9499,1.56507,-2.3612,0.9804,1.54629,-0.21808,0.9894,85.46097788,-8.1363083,13.92428834,16.12716089
IMG_1867,15/04/2024,North ,Centrals,K15,22,19,Pink,1,double,double,Middle ,11,80.37,55.64,3587.25,31.955,-8.524,7.322,82.202,69.528,80.508,2,1.47031,28.73777,0.9527,1.55912,-2.15576,0.9806,1.54764,-0.14597,0.9893,75.72152605,-15.44569888,11.18585008,19.07073297
IMG_1868,15/04/2024,North ,Centrals,K15,22,19,Pink,1,double,double,Middle ,12,77.38,58.79,3599.11,34.063,-8.425,4.793,92.131,54.991,84.557,2,1.46558,28.90702,0.9525,1.57008,-2.30453,0.9801,1.54892,-0.14605,0.9886,78.82907154,-15.532454,7.27792356,17.15299678
IMG_1869,15/04/2024,North ,Centrals,K15,22,19,Pink,1,double,double,Middle ,13,72.56,57.81,3314.37,26.367,-2.244,7.991,49.574,61.59,66.217,2,1.26229,25.77352,0.9627,1.31943,-2.30648,0.9759,1.30949,-0.5384,0.9912,59.05632043,-5.26728092,9.92573459,11.23674577
IMG_1870,15/04/2024,North ,Centrals,K15,22,19,Pink,1,double,double,Middle ,14,70.63,57.76,3195.78,30.054,-9.406,7.75,82.824,77.976,76.329,2,1.23434,25.37638,0.964,1.28447,-2.38202,0.9775,1.28386,-0.49407,0.9921,62.47323436,-14.46374482,9.455845,17.2804201
IMG_1871,15/04/2024,North ,Centrals,K15,22,19,Pink,1,double,double,Middle ,15,83.98,69.83,4673.89,32.252,-4.801,9.472,53.544,59.708,79.166,2,1.44859,28.52448,0.9491,1.53783,-2.3388,0.9802,1.51703,-0.09812,0.9889,75.24440468,-9.72192183,14.27118816,17.26796385
IMG_1872,15/04/2024,North ,Centrals,K15,22,19,Pink,1,double,double,Middle ,16,78.06,60.24,3567.61,41.215,-5.643,9.784,60.445,51.965,101.928,2,1.47576,29.27598,0.9504,1.58132,-2.45494,0.9806,1.56085,0.08859,0.9895,90.0994284,-11.37832876,15.3599464,19.11529018
IMG_1873,15/04/2024,North ,Centrals,K15,22,19,Pink,1,double,double,Middle ,17,71.66,71,4073.92,34.98,-4.662,7.747,60.674,48.444,85.412,2,1.48257,29.18604,0.9524,1.59041,-2.40517,0.9798,1.56038,0.10758,0.9886,81.0463386,-9.81966142,12.19584386,15.65772518
IMG_1874,15/04/2024,North ,Centrals,K15,22,19,Pink,1,double,double,Middle ,18,74.04,57.87,3416.14,39.694,-3.081,11.697,43.947,61.819,97.764,2,1.49278,29.2654,0.9504,1.59724,-2.52086,0.9793,1.56506,0.21268,0.9884,88.51980932,-7.44195644,18.51918682,19.95853191
IMG_1875,15/04/2024,North ,Centrals,K15,22,19,Pink,1,double,double,Middle ,19,80.12,71.21,4581.15,35.376,-4.683,7.107,72.08,51.522,88.026,2,1.22595,25.53496,0.9665,1.27967,-2.37371,0.9777,1.28337,-0.55555,0.9918,68.9041672,-8.36640461,8.56536059,11.97339251
IMG_1876,15/04/2024,North ,Centrals,K15,22,19,Pink,1,double,double,Middle ,20,65.15,54.5,2889.45,39.319,-2.093,11.542,40.019,61.472,97.647,2,1.15087,27.45541,0.8794,1.27478,-3.20295,0.9764,1.27659,-0.57359,0.9492,72.70646753,-5.87106454,14.16081178,15.32964413
IMG_1877,15/04/2024,North ,Centrals,K15,22,19,Pink,1,double,double,Middle ,21,70.53,52.03,2880.63,23.164,-3.083,8.237,56.733,66.704,57.959,2,1.48895,29.17111,0.9497,1.59688,-2.47278,0.9802,1.56601,0.17416,0.9888,63.6611478,-7.39596104,13.07338437,15.02044003
IMG_1878,15/04/2024,North ,Centrals,K06,22,19,Pink,1,double,double,Middle ,1,81.8,61.12,4023.86,27.612,-10.009,3.488,102.047,97.252,70.91,2,1.0899,22.11007,0.9673,1.13905,-1.83307,0.9843,1.12934,-1.05239,0.9923,52.2043888,-13.23382145,2.88674792,13.54501177
IMG_1879,15/04/2024,North ,Centrals,K06,22,19,Pink,1,double,double,Middle ,2,87.7,65.1,4545.64,38.65,-2.363,10.898,46.604,62.321,96.92,2,1.21604,24.88828,0.9672,1.28224,-1.89983,0.98,1.27216,-0.85604,0.9919,71.888226,-4.92976312,13.00795968,13.91077207
IMG_1880,15/04/2024,North ,Centrals,K06,22,19,Pink,1,double,double,Middle ,3,79.31,64.18,3902.5,32.18,-3.674,8.445,52.559,52.862,78.735,2,1.06808,31.42451,0.7821,1.33416,-3.24229,0.9656,1.30817,-0.48111,0.9177,65.7953244,-8.14399384,10.56638565,13.34065746
IMG_1881,15/04/2024,North ,Centrals,K06,22,19,Pink,1,double,double,Middle ,4,86.62,70.65,4879.94,28.63,-10.079,2.428,108.494,79.946,72.523,2,1.12102,23.11401,0.9676,1.16787,-2.14819,0.9777,1.16594,-0.92843,0.9916,55.2088126,-13.91915173,1.90247232,14.04856526
IMG_1882,15/04/2024,North ,Centrals,K06,22,19,Pink,1,double,double,Middle ,5,90.44,67.24,4779.29,31.808,-7.528,5.056,89.584,55.82,79.133,2,1.16248,24.4824,0.9664,1.21476,-2.42245,0.978,1.21726,-0.80326,0.992,61.45856384,-11.56716328,5.35120656,12.74498639
IMG_1883,15/04/2024,North ,Centrals,K06,22,19,Pink,1,double,double,Middle ,6,73.32,57.28,3410.83,34.534,-1.747,10.868,37.073,64.334,85.902,1,1.19273,25.01672,0.9663,1.25357,-2.40618,0.9784,1.25251,-0.74945,0.9923,66.20645782,-4.59616679,12.86282868,13.65932322
IMG_1884,15/04/2024,North ,Centrals,K06,22,19,Pink,1,double,double,Middle ,7,62.35,47.11,2350.94,31.791,-0.711,14.074,34.254,90.529,82.481,1,1.12733,23.76649,0.9707,1.17936,-1.89601,0.9768,1.17537,-0.82993,0.9906,59.60543803,-2.73453496,15.71222738,15.94840966
IMG_1885,15/04/2024,North ,Centrals,K06,22,19,Pink,1,double,double,Middle ,8,77.36,69.62,4254.48,33.277,-3.91,7.714,56.029,49.936,81.707,2,1.1976,25.19328,0.9653,1.25795,-2.34616,0.9769,1.25427,-0.6952,0.9921,65.0458152,-7.2647445,8.98023878,11.55080955
IMG_1886,15/04/2024,North ,Centrals,K06,22,19,Pink,1,double,double,Middle ,9,82.4,59.44,3912.85,31.921,-7.715,4.735,89.552,58.926,79.515,2,1.19203,24.91099,0.9664,1.248,-2.39723,0.978,1.251,-0.79434,0.9923,62.96177963,-12.02555,5.129145,13.07371337
IMG_1887,15/04/2024,North ,Centrals,K06,22,19,Pink,1,double,double,Middle ,10,87.35,71.84,4997.03,36.322,-3.265,6.266,54.245,35.774,87.63,2,0.90339,37.63487,0.595,1.40083,-3.09718,0.927,1.30228,1.6221,0.8571,70.44780158,-7.67088995,9.78218648,12.43115944
IMG_1888,15/04/2024,North ,Centrals,K06,22,19,Pink,1,double,double,Middle ,11,73.27,55.92,3262.25,37.732,-4.416,7.55,59.434,44.201,92.221,2,0.95544,34.73755,0.6547,1.3474,-2.8293,0.9417,1.27232,1.23989,0.8762,70.78821208,-8.7794184,10.845906,13.95391932
IMG_1889,15/04/2024,North ,Centrals,K06,22,19,Pink,1,double,double,Middle ,12,98.79,65.86,5031.48,35.826,-6.431,6.575,77.823,58.11,89.405,2,1.25447,25.99749,0.9661,1.31037,-2.61398,0.9776,1.30719,-0.13533,0.9919,70.94013222,-11.04096947,8.45944425,13.90917697
IMG_1890,15/04/2024,North ,Centrals,K06,22,19,Pink,1,double,double,Middle ,13,70.17,52,2901.07,36.94,-4.6,7.235,58.068,42.475,89.592,2,1.19943,25.14408,0.9653,1.25666,-2.51563,0.9774,1.25729,-0.73914,0.9924,69.4510242,-8.296266,8.35735315,11.77596625
IMG_1891,15/04/2024,North ,Centrals,K06,22,19,Pink,1,double,double,Middle ,14,94.35,67.53,4794.8,35.653,-4.145,8.283,55.863,50.409,87.438,2,1.21019,25.36617,0.9653,1.27111,-2.49011,0.9778,1.26794,-0.50955,0.9924,68.51307407,-7.75886095,9.99279702,12.6513207
IMG_1892,15/04/2024,North ,Centrals,K06,22,19,Pink,1,double,double,Middle ,15,83.14,60.34,4025.09,28.823,-7.548,5.764,85.835,62.22,72.134,2,1.14865,23.02749,0.9655,1.18297,-1.9037,0.979,1.18171,-0.85202,0.9919,56.13502895,-10.83275756,5.95935644,12.36376017
IMG_1893,15/04/2024,North ,Centrals,K06,22,19,Pink,1,double,double,Middle ,16,83.23,62.52,4159.84,33.633,-4.355,8.809,64.42,59.86,84.683,2,1.21408,25.43627,0.9659,1.27116,-2.48007,0.9773,1.27224,-0.45568,0.992,66.26942264,-8.0159718,10.75148216,13.41082296
IMG_1894,15/04/2024,North ,Centrals,K06,22,19,Pink,1,double,double,Middle ,17,87.61,66.22,4614.24,32.999,-3.993,8.428,58.36,57.538,82.461,2,1.23285,25.74039,0.9661,1.29329,-2.54304,0.9771,1.29298,-0.51915,0.992,66.42320715,-7.70714697,10.37808544,12.92690109
IMG_1895,15/04/2024,North ,Centrals,K06,22,19,Pink,1,double,double,Middle ,18,78.69,55.89,3568.09,30.929,-6.341,6.324,74.544,48.073,76.101,2,0.90032,37.40592,0.5957,1.37709,-3.01287,0.9235,1.29599,1.59549,0.8627,65.25191728,-11.74499769,9.79133076,15.29101464
IMG_1896,15/04/2024,North ,Centrals,K06,22,19,Pink,1,double,double,Middle ,19,91.14,70.28,5063.04,30.213,-9.947,3.206,100.539,76.131,76.024,2,1.18755,24.81109,0.9674,1.23954,-2.51576,0.9775,1.23865,-0.49978,0.9924,60.69053815,-14.84546438,3.4713319,15.2459161
IMG_1897,15/04/2024,North ,Centrals,K06,22,19,Pink,1,double,double,Middle ,20,84.9,57.4,3923.1,27.057,-7.154,4.377,94.917,57.18,67.829,2,1.18729,24.9585,0.966,1.23997,-2.37955,0.9776,1.24309,-0.6009,0.9925,57.08300553,-11.25029538,4.84010493,12.24727569
IMG_1901,16/04/2024,North ,Centrals,J05,21,31,Light blue ,2,double,double,Middle ,1,101.83,84.82,6852.74,32.143,-4.179,9.66,50.359,60.712,78.886,2,1.13703,24.01469,0.9732,1.19385,-2.21645,0.9788,1.19483,-0.87035,0.9927,60.56224529,-7.20554915,10.6717078,12.87654014
IMG_1902,16/04/2024,North ,Centrals,J05,21,31,Light blue ,2,double,double,Middle ,2,107.85,77.03,6560.52,37.276,-3.414,9.54,49.121,55.063,91.332,2,1.07615,22.25245,0.9717,1.13088,-1.74981,0.9829,1.12782,-1.15686,0.9932,62.3670174,-5.61063432,9.6025428,11.12151274
IMG_1903,16/04/2024,North ,Centrals,J05,21,31,Light blue ,2,double,double,Middle ,3,93.01,79.24,5983.42,33.858,-3.928,7.143,54.749,45.413,82.46,2,1.15433,24.35089,0.9725,1.21503,-2.21847,0.9792,1.2154,-0.76182,0.9928,63.43419514,-6.99110784,7.9197822,10.56402096
IMG_1904,16/04/2024,North ,Centrals,J05,21,31,Light blue ,2,double,double,Middle ,4,120.65,93.82,8718.98,28.556,-3.458,7.088,53.344,52.691,70.298,2,1.18479,25.02815,0.9739,1.2475,-2.39696,0.9775,1.24961,-0.63598,0.9929,58.86101324,-6.710815,8.22125568,10.61244943
IMG_1905,16/04/2024,North ,Centrals,J05,21,31,Light blue ,2,double,double,Middle ,5,108.92,85.53,7423.96,36.292,-1.414,11.155,35.851,64.943,90.812,1,1.116,23.57738,0.9718,1.17032,-2.26514,0.9793,1.16352,-0.43233,0.9931,64.079252,-3.91997248,12.5467356,13.14483771
IMG_1906,16/04/2024,North ,Centrals,J05,21,31,Light blue ,2,double,double,Middle ,6,89.3,76.19,5501.9,34.537,-1.175,9.808,34.89,60.865,85.934,1,1.13528,23.90388,0.9712,1.18889,-2.1126,0.9791,1.19251,-0.806,0.9928,63.11304536,-3.50954575,10.89013808,11.44167902
IMG_1907,16/04/2024,North ,Centrals,J05,21,31,Light blue ,2,double,double,Middle ,7,103.52,79.92,6604.59,37.922,-1.764,11.291,38.814,65.153,95.008,1,1.18151,24.83681,0.9723,1.24561,-2.35835,0.9786,1.24435,-0.65853,0.993,69.64203222,-4.55560604,13.39142585,14.14509925
IMG_1908,16/04/2024,North ,Centrals,J05,21,31,Light blue ,2,double,double,Middle ,8,108.67,84.29,7447.54,25.903,-4.628,7.97,58.083,61.294,64.175,2,1.18518,24.89562,0.9727,1.24618,-2.42901,0.9783,1.24599,-0.56194,0.9928,55.59533754,-8.19633104,9.3686003,12.44791204
IMG_1910,16/04/2024,South ,Bench 4,4-11A,21,31,Ridley ,3,single,single,Middle ,1,112.18,101.38,8986.25,36.762,-0.549,21.492,34.255,119.756,97.541,1,1.13459,27.5189,0.8696,1.27066,-2.34132,0.9732,1.26545,-0.32158,0.9414,69.22869758,-3.03891234,26.8754714,27.04673642
IMG_1911,16/04/2024,South ,Bench 4,4-11A,21,31,Ridley ,3,single,single,Middle ,2,109.48,90.14,7760.22,27.519,-8.325,13.832,56.405,96.455,69.021,2,1.17235,24.14052,0.9616,1.21575,-2.4274,0.9779,1.21232,-0.57711,0.9917,56.40241965,-12.54851875,16.19170024,20.48503062
IMG_1912,16/04/2024,South ,Bench 4,4-11A,21,31,Ridley ,3,single,single,Middle ,3,104.28,100.9,8245.15,34.706,0.659,17.886,30.645,109.175,92.859,1,1.25656,25.39335,0.964,1.30487,-2.4786,0.9774,1.3006,-0.49945,0.9917,69.00352136,-1.61869067,22.7630816,22.82056186
IMG_1913,16/04/2024,South ,Bench 4,4-11A,21,31,Ridley ,3,single,single,Middle ,4,118.3,93.65,8503.15,38.029,-4.877,14.308,44.363,75.838,93.812,1,1.2237,25.03762,0.9629,1.27464,-2.41163,0.9776,1.26945,-0.5642,0.992,71.5737073,-8.62804928,17.5990906,19.60028633
IMG_1914,16/04/2024,South ,Bench 4,4-11A,21,31,Ridley ,3,single,single,Middle ,5,100.98,85.35,6564.4,28.773,-3.317,12.616,42.815,84.595,71.683,1,1.21855,24.74161,0.958,1.26735,-2.29498,0.9785,1.25801,-0.49208,0.992,59.80294915,-6.49877995,15.37897416,16.69571763
IMG_1915,16/04/2024,South ,Bench 4,4-11A,21,31,Ridley ,3,single,single,Middle ,6,98.9,86.37,6902.39,32.647,-4.278,14.442,43.396,85.955,81.01,1,1.15675,23.54212,0.9613,1.19674,-2.42857,0.978,1.18908,-0.42679,0.9922,61.30653725,-7.54822372,16.74590336,18.36847736
IMG_1916,16/04/2024,South ,Bench 4,4-11A,21,31,Ridley ,3,single,single,Middle ,7,97.79,92.48,7042.09,39.968,-3.424,21.383,38.075,106.384,101.542,1,1.17912,23.83965,0.9619,1.21517,-2.4217,0.9782,1.21231,-0.53677,0.9918,70.96671816,-6.58244208,25.38605473,26.22556612
IMG_1917,16/04/2024,South ,Bench 4,4-11A,21,31,Ridley ,3,single,single,Middle ,8,97.18,93.95,7118.41,31.106,-6.991,14.147,54.308,89.244,77.156,2,1.1648,21.46274,0.9489,1.16621,-2.23291,0.9801,1.15356,-0.758,0.9916,57.6950088,-10.38588411,15.56141332,18.70893298
IMG_1918,16/04/2024,South ,Bench 4,4-11A,21,31,Ridley ,3,single,single,Middle ,9,111.47,80.61,6986.27,32.343,-3.739,13.626,45.424,84.044,80.379,1,1.17502,24.04621,0.9592,1.2184,-2.47844,0.9781,1.2146,-0.75887,0.9918,62.04988186,-7.0340376,15.7912696,17.28704372
IMG_1919,16/04/2024,South ,Bench 4,4-11A,21,31,Ridley ,3,single,single,Middle ,10,0,0,0,32.846,-1.97,18.158,37.874,111.178,85.594,1,1.1599,22.41678,0.9493,1.17783,-2.10778,0.9808,1.17203,-0.85024,0.9917,60.5148554,-4.4281051,20.43148074,20.90582503
IMG_1920,16/04/2024,South ,Bench 4,4-11A,21,31,Ridley ,3,single,single,Middle ,11,101.09,88.11,7225.34,35.165,-2.279,17.896,35.754,102.319,89.845,1,1.17363,23.96307,0.9593,1.21627,-2.49095,0.9787,1.21113,-0.4567,0.9924,65.23376895,-5.26282933,21.21768248,21.86063637
IMG_1921,16/04/2024,South ,Bench 4,4-11A,21,31,Ridley ,3,single,single,Middle ,12,97.43,86.09,6668.05,27.939,-6.616,12.864,53.532,88.098,69.883,2,1.18244,23.79989,0.9608,1.22528,-2.30708,0.9794,1.21959,-0.66771,0.9921,56.83608116,-10.41353248,15.02109576,18.27771803
IMG_1922,16/04/2024,South ,Bench 4,4-11A,21,31,Ridley ,3,single,single,Middle ,13,102.06,84.68,6985.91,38.005,-3.35,18.002,37.835,94.189,95.616,1,1.17634,24.00425,0.9605,1.21888,-2.51746,0.978,1.21362,-0.50601,0.9923,68.7110517,-6.600708,21.34157724,22.33903009
IMG_1923,16/04/2024,South ,Bench 4,4-11A,21,31,Ridley ,3,single,single,Middle ,14,109.39,99.44,8163.2,38.765,-3.03,17.012,40.379,90.883,99.054,1,1.1425,23.38151,0.9583,1.1846,-2.3964,0.9784,1.17803,-0.66477,0.9922,67.6705225,-5.985738,19.37587636,20.27938964
IMG_1924,16/04/2024,South ,Bench 4,4-11A,21,31,Ridley ,3,single,single,Middle ,15,103.73,91.11,7412.05,35.534,-3.598,11.737,46.647,68.048,87.846,1,1.169,23.82588,0.9602,1.20976,-2.57867,0.9778,1.20693,-0.69907,0.9921,65.365126,-6.93138648,13.46666741,15.14579974
IMG_1925,16/04/2024,South ,Bench 4,4-11A,21,31,Ridley ,3,single,single,Middle ,16,105.25,72.69,6095.69,32.894,-2.606,10.905,42.593,67.57,82.1,1,1.15364,23.49744,0.9596,1.1887,-2.61759,0.977,1.18104,-0.24954,0.9922,61.44527416,-5.7153422,12.6297012,13.86270136
IMG_1926,16/04/2024,South ,Bench 4,4-11A,21,31,Ridley ,3,single,single,Middle ,17,102.4,85.73,7120.2,32.431,-8.688,11.583,63.891,74.51,80.437,2,1.15936,23.42943,0.959,1.20255,-2.56316,0.979,1.1925,-0.77506,0.9918,61.02863416,-13.0109144,13.0376675,18.41913862
IMG_1927,16/04/2024,South ,Bench 4,4-11A,21,31,Ridley ,3,single,single,Middle ,18,117.52,88.84,8165.69,35.293,-5.647,12.103,51.766,68.791,86.67,2,1.29575,26.30644,0.9555,1.36021,-2.35042,0.977,1.34837,-0.29465,0.9913,72.03734475,-10.03152587,16.02467211,18.90559778
IMG_1928,16/04/2024,South ,Bench 4,4-11A,21,31,Ridley ,3,single,single,Middle ,19,116.09,89.65,8641.19,30.824,-8.501,11.176,63.902,75.445,76.759,2,1.17664,22.95673,0.9419,1.20126,-2.15873,0.9761,1.19047,-0.77655,0.992,59.22548136,-12.37064126,12.52814272,17.60645124
IMG_1929,16/04/2024,South ,Bench 4,4-11A,21,31,Ridley ,3,single,single,Middle ,20,103.49,89.48,7367.1,26.466,-6.504,14.357,51.11,101.787,66.613,2,1.2893,24.94893,0.9438,1.31734,-2.50448,0.9778,1.30643,-0.39861,0.9915,59.0715438,-11.07245936,18.35780551,21.43847894
IMG_1930,16/04/2024,South ,Bench 4,4-11A,21,31,Ridley ,3,single,single,Middle ,21,96.18,75.1,5800.27,34.006,-2.256,16.999,39.062,100.464,86.912,1,1.25622,25.2749,0.9599,1.30601,-2.72638,0.9779,1.29067,-0.09196,0.992,67.99391732,-5.67273856,21.84813933,22.57257528
IMG_1931,16/04/2024,South ,Bench 4,4-11B,21,31,Ridley ,3,single,single,Middle ,1,107.62,82.42,7102.88,27.565,-6.376,19.521,44.938,130.84,69.861,2,1.34367,25.9017,0.9566,1.39405,-2.02978,0.9825,1.37916,-0.31776,0.9901,62.93996355,-10.9182428,26.60482236,28.75803538
IMG_1932,16/04/2024,South ,Bench 4,4-11B,21,31,Ridley ,3,single,single,Middle ,2,123.8,92.6,8838.43,29.203,-7.499,11.728,61.804,83.849,73.303,2,1.27746,26.08146,0.9622,1.33862,-2.41087,0.9766,1.32739,-0.33589,0.9916,63.38712438,-12.44918138,15.23173992,19.67201103
IMG_1933,16/04/2024,South ,Bench 4,4-11B,21,31,Ridley ,3,single,single,Middle ,3,106.82,82.96,7013.48,29.058,-2.158,19.915,35.152,133.063,75.934,1,0.9796,27.50037,0.7781,1.18947,-2.60892,0.968,1.15044,-0.47149,0.9103,55.9655868,-5.17579626,22.4395226,23.02870039
IMG_1934,16/04/2024,South ,Bench 4,4-11B,21,31,Ridley ,3,single,single,Middle ,4,81.88,70.85,4692.15,32.658,-4.652,14.314,43.739,83.399,80.298,1,1.26089,25.68344,0.9623,1.3187,-2.38625,0.9768,1.31193,-0.46572,0.9919,66.86158562,-8.5208424,18.31324602,20.19850824
IMG_1935,16/04/2024,South ,Bench 4,4-11B,21,31,Ridley ,3,single,single,Middle ,5,106.3,87.11,7541.28,28.143,-6.534,14.728,51.975,98.369,70.191,2,1.11345,21.05041,0.9451,1.11278,-1.87116,0.9785,1.11042,-0.41914,0.9926,52.38623335,-9.14206452,15.93512576,18.37132485
IMG_1936,16/04/2024,South ,Bench 4,4-11B,21,31,Ridley ,3,single,single,Middle ,6,99.32,85.63,6820.52,27.614,-7.215,11.158,60.706,80.394,69.27,2,1.24505,25.15983,0.9616,1.29951,-2.46171,0.9787,1.28779,-0.46101,0.9919,59.5406407,-11.83767465,13.90815082,18.26382217
IMG_1937,16/04/2024,South ,Bench 4,4-11B,21,31,Ridley ,3,single,single,Middle ,7,95.86,74.34,5810.86,25.353,-1.15,12.089,37.684,94.013,66.205,1,1.23437,24.91146,0.9617,1.27936,-2.31832,0.9784,1.27998,-0.56388,0.992,56.20644261,-3.789584,14.90979822,15.38385614
IMG_1938,16/04/2024,South ,Bench 4,4-11B,21,31,Ridley ,3,single,single,Middle ,8,101.43,84.89,6947.31,33.568,-1.163,17.46,34.733,105.841,87.407,1,1.39354,26.567,0.9528,1.44839,-2.26793,0.9817,1.43134,-0.07784,0.9896,73.34535072,-3.95240757,24.9133564,25.22492523
IMG_1939,16/04/2024,South ,Bench 4,4-11B,21,31,Ridley ,3,single,single,Middle ,9,86.56,64.82,4622.31,33.127,-3.393,18.589,38.542,109.285,84.253,1,1.28223,24.3895,0.9422,1.30364,-2.21225,0.978,1.29244,-0.566,0.992,66.86593321,-6.63550052,23.45916716,24.37954862
IMG_1940,16/04/2024,South ,Bench 4,4-11B,21,31,Ridley ,3,single,single,Middle ,10,99.67,81.37,6451.22,34.524,-6.787,17.778,48.913,101.833,86.877,2,1.207,23.2852,0.9476,1.22563,-1.50419,0.9785,1.22421,-0.57933,0.9915,64.955668,-9.82254081,21.18467538,23.35107661
IMG_1941,16/04/2024,South ,Bench 4,4-11B,21,31,Ridley ,3,single,single,Middle ,11,98.72,86.15,6918.25,25.675,-4.388,12.686,47.068,90.662,64.608,1,1.17769,23.76543,0.9607,1.21728,-2.45118,0.9779,1.21038,-0.51007,0.9924,54.00262075,-7.79260464,14.84481068,16.76583106
IMG_1942,16/04/2024,South ,Bench 4,4-11B,21,31,Ridley ,3,single,single,Middle ,12,95.12,75.85,5704.46,28.679,-2.207,18.309,37.542,121.477,74.418,1,1.2378,25.08265,0.9626,1.29068,-2.49525,0.9788,1.28193,-0.44212,0.992,60.5815162,-5.34378076,23.02873637,23.6406153
IMG_1943,16/04/2024,South ,Bench 4,4-11B,21,31,Ridley ,3,single,single,Middle ,13,96.57,94.23,7138.81,25.605,-5.313,13.81,48.619,100.181,63.947,2,1.22574,24.89967,0.9608,1.28321,-2.50178,0.9779,1.27321,-0.54501,0.9927,56.2847427,-9.31947473,17.0380201,19.42026617
IMG_1944,16/04/2024,South ,Bench 4,4-11B,21,31,Ridley ,3,single,single,Middle ,14,95.05,76.71,5850.82,28.337,-8.41,17.104,54.966,116.992,71.99,2,1.23734,23.10334,0.9462,1.23881,-1.86625,0.9792,1.2407,-0.90436,0.9907,58.16584358,-12.2846421,20.3165728,23.74185254
IMG_1945,16/04/2024,South ,Bench 4,4-11B,21,31,Ridley ,3,single,single,Middle ,15,118.92,90.43,8567.92,32.818,-2.658,18.199,36.395,108.527,83.607,1,1.26486,25.39511,0.964,1.31888,-2.32175,0.9781,1.31212,-0.53871,0.9917,66.90528548,-5.82733304,23.34056188,24.05700811
IMG_1946,16/04/2024,South ,Bench 4,4-11B,21,31,Ridley ,3,single,single,Middle ,16,87.65,65.64,4504.16,33.21,-2.651,17.618,36.335,103.902,84.25,1,1.22019,24.81153,0.9611,1.26971,-2.58367,0.9778,1.26543,-0.62532,0.9922,65.3340399,-5.94967121,21.66902574,22.47098716
IMG_1947,16/04/2024,South ,Bench 4,4-11B,21,31,Ridley ,3,single,single,Middle ,17,101.5,77.56,6345.2,21.368,-4.073,10.249,49.656,83.076,54.395,1,1.22752,24.90211,0.9594,1.27713,-2.52416,0.9775,1.26657,-0.3164,0.9923,51.13175736,-7.72591049,12.66467593,14.83521855
IMG_1948,16/04/2024,South ,Bench 4,4-11B,21,31,Ridley ,3,single,single,Middle ,18,111.3,90.17,7848.62,36.681,-6.322,14.908,48.407,80.554,90.679,2,1.22184,24.64681,0.9615,1.26961,-2.24837,0.979,1.26358,-0.5734,0.9923,69.46512304,-10.27484442,18.26405064,20.95585774
IMG_1949,16/04/2024,South ,Bench 4,4-11B,21,31,Ridley ,3,single,single,Middle ,19,104.34,89.28,7457.85,28.379,-7.022,12.724,55.007,86.008,70.796,2,1.24096,25.3266,0.9604,1.29422,-2.27656,0.9782,1.29152,-0.50219,0.9923,60.54380384,-11.36457284,15.93111048,19.56920532
IMG_1950,16/04/2024,South ,Bench 4,4-11B,21,31,Ridley ,3,single,single,Middle ,20,94.03,93.76,6992.71,31.921,-8.343,17.054,53.631,103.423,80.349,2,1.3744,26.82186,0.9477,1.44442,-2.30224,0.9821,1.4287,-0.38744,0.9898,70.6940824,-14.35303606,23.9776098,27.9452217
IMG_1951,16/04/2024,South ,Bench 4,4-09A,21,31,Ridley ,3,mixed,double,Middle ,1,119.19,86.89,7800.12,31.584,-4.908,8.639,55.376,56.169,77.287,1,1.09185,22.61625,0.9755,1.12248,-2.28847,0.9807,1.13005,-1.11378,0.9919,57.1012404,-7.79760184,8.64872195,11.64486951
IMG_1952,16/04/2024,South ,Bench 4,4-09A,21,31,Ridley ,3,mixed,double,Middle ,2,105.72,81.27,6779.16,33.113,-3.598,9.959,46.592,59.962,80.82,1,1.19372,25.02987,0.9821,1.24376,-2.28144,0.9798,1.25136,-0.8439,0.9913,64.55752036,-6.75648848,11.61839424,13.44013472
IMG_1953,16/04/2024,South ,Bench 4,4-09A,21,31,Ridley ,3,mixed,double,Middle ,3,96.5,75.07,5904.57,36.395,-1.9,8.999,37.988,50.117,88.878,1,1.05543,21.80089,0.9749,1.08624,-2.41948,0.9811,1.09109,-1.28732,0.9917,60.21326485,-4.483336,8.53139891,9.637690027
IMG_1954,16/04/2024,South ,Bench 4,4-09A,21,31,Ridley ,3,mixed,double,Middle ,4,95.31,74.69,5738.84,29.71,-6.001,6.173,71.623,46.093,72.919,2,1.15228,23.86086,0.9811,1.18887,-2.49198,0.9805,1.2006,-1.14025,0.9913,58.0950988,-9.62638887,6.2710538,11.48884148
IMG_1955,16/04/2024,South ,Bench 4,4-09A,21,31,Ridley ,3,mixed,double,Middle ,5,91.35,90.72,6342.83,33.915,-2.841,9.343,42.778,55.479,82.935,1,1.22376,25.57471,0.9831,1.27723,-2.55428,0.9792,1.28655,-0.64925,0.9914,67.0785304,-6.18289043,11.37098665,12.94324038
IMG_1956,16/04/2024,South ,Bench 4,4-09A,21,31,Ridley ,3,mixed,double,Middle ,6,116.17,80.83,7154.91,35.69,-2.993,8.366,45.558,47.598,86.588,1,1.11063,22.95717,0.9798,1.14699,-2.41663,0.9807,1.14968,-0.91979,0.9917,62.5955547,-5.84957107,8.69843288,10.48237646
IMG_1958,16/04/2024,South ,Bench 4,4-09A,21,31,Ridley ,3,mixed,double,Middle ,7,99.74,72.38,5877.88,20.506,-6.409,8.016,66.797,78.186,52.429,2,1.14012,23.60088,0.9817,1.17685,-2.48058,0.9805,1.18765,-1.10079,0.9914,46.98018072,-10.02301165,8.4194124,13.08996821
IMG_1959,16/04/2024,South ,Bench 4,4-09A,21,31,Ridley ,3,mixed,double,Middle ,8,101.12,89.8,6922.57,34.848,1.815,13.635,28.37,89.773,92.841,1,1.12789,23.20755,0.9812,1.16492,-2.47254,0.9808,1.16795,-0.91294,0.9918,62.51226072,-0.3582102,15.01205825,15.01633136
IMG_1960,16/04/2024,South ,Bench 4,4-09A,21,31,Ridley ,3,mixed,double,Middle ,9,106.57,81.28,6730.27,25.268,-3.84,7.812,56.056,60.501,62.603,1,1.09315,22.4926,0.9803,1.12217,-2.39663,0.9812,1.13102,-1.16984,0.9914,50.1143142,-6.7057628,7.66568824,10.1847941
IMG_1961,16/04/2024,South ,Bench 4,4-09A,21,31,Ridley ,3,mixed,double,Middle ,10,73.04,56.74,3339.39,29.94,0.437,17.504,30.035,117.957,80.46,1,1.24961,25.89041,0.9837,1.31148,-2.45327,0.981,1.3206,-1.03277,0.9913,63.3037334,-1.88015324,22.0830124,22.16290624
IMG_1962,16/04/2024,South ,Bench 4,4-09A,21,31,Ridley ,3,mixed,double,Middle ,11,106.07,74.68,6075.31,35.134,-0.999,10.833,32.979,64.783,88,1,1.12167,23.35378,0.9807,1.16093,-2.3828,0.981,1.16449,-0.84967,0.9912,62.76253378,-3.54256907,11.76525017,12.2870219
IMG_1963,16/04/2024,South ,Bench 4,4-09A,21,31,Ridley ,3,mixed,double,Middle ,12,86.02,79.87,5391.6,36.49,-0.438,13.33,33.419,78.16,93.539,1,1.12741,23.32482,0.982,1.16046,-2.2852,0.9805,1.1676,-0.8796,0.9914,64.4640109,-2.79348148,14.684508,14.94785316
IMG_1964,16/04/2024,South ,Bench 4,4-09A,21,31,Ridley ,3,mixed,double,Middle ,13,104.31,74.5,6063.28,34.152,-0.354,11.287,31.322,71.064,86.822,1,1.20118,25.15555,0.9837,1.25193,-2.41526,0.9787,1.25598,-0.61547,0.9914,66.17824936,-2.85844322,13.56077626,13.85876439
IMG_1965,16/04/2024,South ,Bench 4,4-09A,21,31,Ridley ,3,mixed,double,Middle ,14,99.27,91.87,7067.43,35.445,0.4,15.113,30.36,91.808,92.834,1,1.17459,24.68814,0.9823,1.2211,-2.37733,0.9784,1.22737,-0.7648,0.9914,66.32148255,-1.88889,17.78444281,17.88447124
IMG_1966,16/04/2024,South ,Bench 4,4-09A,21,31,Ridley ,3,mixed,double,Middle ,15,90.34,83.71,6159.09,26.628,-3.12,6.622,50.977,47.177,64.921,1,1.2343,25.52121,0.9828,1.28459,-2.40315,0.9808,1.29809,-0.91713,0.9914,58.3881504,-6.4110708,7.67882198,10.00330624
IMG_1967,16/04/2024,South ,Bench 4,4-09A,21,31,Ridley ,3,mixed,double,Middle ,16,99.23,78.03,5993.19,36.838,0.927,13.544,27.993,83.362,96.352,1,1.13476,23.80072,0.9822,1.17514,-2.29805,0.9807,1.1845,-0.91698,0.9917,65.60300888,-1.20869522,15.125888,15.17410399
IMG_1968,16/04/2024,South ,Bench 4,4-09A,21,31,Ridley ,3,mixed,double,Middle ,17,101.07,79.44,6299.07,33.604,-1.853,9.901,37.149,60.568,82.947,1,1.13548,23.6049,0.9825,1.17084,-2.25858,0.9806,1.18288,-0.91958,0.992,61.76156992,-4.42814652,10.79211488,11.66525718
IMG_1969,16/04/2024,South ,Bench 4,4-09A,21,31,Ridley ,3,mixed,double,Middle ,18,83.77,71.92,4764.33,30.782,-5.415,10.8,53.507,70.169,75.9,2,1.07713,22.26518,0.9703,1.1193,-1.64012,0.9801,1.11551,-1.38231,0.9915,55.42139566,-7.7011295,10.665198,13.15499312
IMG_1970,16/04/2024,South ,Bench 4,4-09A,21,31,Ridley ,3,mixed,double,Middle ,19,101.43,89.58,7049.22,28.308,-4.868,5.333,71.006,44.578,69.572,1,1.17891,24.73488,0.9826,1.23,-2.42979,0.9808,1.23549,-0.9745,0.9915,58.10746428,-8.41743,5.61436817,10.11801649
IMG_1971,16/04/2024,South ,Bench 4,4-09B,21,31,Ridley ,3,mixed,double,Middle ,1,118.98,110.19,10078.95,30.23,-1.956,9.731,43.358,65.832,75.229,1,1.04318,21.02679,0.9744,1.06943,-2.00339,0.9807,1.06675,-0.89112,0.9913,52.5621214,-4.09519508,9.48942425,10.33536624
IMG_1972,16/04/2024,South ,Bench 4,4-09B,21,31,Ridley ,3,mixed,double,Middle ,2,136.36,91.43,9995.27,29.902,-4.062,8.914,54.116,63.931,74.295,1,1.05738,21.56935,0.9793,1.07998,-2.16293,0.9814,1.08501,-1.0635,0.9912,53.18712676,-6.54980876,8.60827914,10.81676775
IMG_1973,16/04/2024,South ,Bench 4,4-09B,21,31,Ridley ,3,mixed,double,Middle ,3,103.39,71.68,5684.37,31.516,-0.538,11.967,36.682,80.011,81.053,1,1.12492,23.42554,0.9824,1.16359,-2.24778,0.9816,1.17143,-0.91877,0.992,58.87851872,-2.87379142,13.09973281,13.41125187
IMG_1974,16/04/2024,South ,Bench 4,4-09B,21,31,Ridley ,3,mixed,double,Middle ,4,136.78,97.56,10446.96,34.033,-4.941,9.176,57.839,56.605,83.37,1,1.10619,22.95074,0.9817,1.14284,-1.97477,0.9814,1.14982,-0.89531,0.992,60.59770427,-7.62154244,9.65543832,12.30103241
IMG_1975,16/04/2024,South ,Bench 4,4-09B,21,31,Ridley ,3,mixed,double,Middle ,5,134.89,94.46,9941.16,34.035,-4.654,9.769,51.654,59.09,83.528,1,1.15906,24.154,0.9839,1.20103,-2.51261,0.9785,1.20636,-0.77416,0.9914,63.6026071,-8.10220362,11.01077084,13.6705076
IMG_1976,16/04/2024,South ,Bench 4,4-09B,21,31,Ridley ,3,mixed,double,Middle ,6,129.52,120.42,12150.98,27.807,-5.587,7.526,72.957,60.472,69.142,2,1.15396,23.84854,0.9837,1.19445,-2.44287,0.98,1.19673,-0.84504,0.9913,55.93670572,-9.11626215,8.16154998,12.23589529
IMG_1977,16/04/2024,South ,Bench 4,4-09B,21,31,Ridley ,3,mixed,double,Middle ,7,123.46,118.77,11269.5,32.453,-4.185,8.018,56.095,50.993,79.109,1,1.21402,25.4167,0.9846,1.26692,-2.35139,0.979,1.27603,-0.69278,0.9908,64.81529106,-7.6534502,9.53842854,12.22934663
IMG_1978,16/04/2024,South ,Bench 4,4-09B,21,31,Ridley ,3,mixed,double,Middle ,8,117.33,93.59,8674.59,28.202,-3.482,9.149,50.316,64.931,70.136,1,1.17391,24.33191,0.9835,1.22124,-2.57381,0.9795,1.22605,-1.00562,0.9914,57.43851982,-6.82616768,10.21151145,12.2829773
IMG_1979,16/04/2024,South ,Bench 4,4-09B,21,31,Ridley ,3,mixed,double,Middle ,9,110.3,93.65,8536.13,37.039,0.02,12.616,34.159,75.513,95.073,1,1.10894,23.01678,0.9824,1.14233,-2.44601,0.9797,1.1475,-0.85412,0.9912,64.09080866,-2.4231634,13.62274,13.83657349
IMG_1980,16/04/2024,South ,Bench 4,4-09B,21,31,Ridley ,3,mixed,double,Middle ,10,129.27,90.59,9127.97,36.39,-3.409,8.67,47.6,50.225,88.667,1,1.10994,23.01226,0.9812,1.14343,-2.46356,0.9802,1.14767,-0.79672,0.9914,63.4029766,-6.36151287,9.1535789,11.14705578
IMG_1981,16/04/2024,South ,Bench 4,4-09B,21,31,Ridley ,3,mixed,double,Middle ,11,125.21,100.59,9843.61,30.54,-5.393,7.357,65.605,51.817,75.211,2,1.10533,23.05512,0.9804,1.13938,-2.36321,0.9804,1.14613,-0.99569,0.9911,56.8118982,-8.50788634,7.43638841,11.29973462
IMG_1982,16/04/2024,South ,Bench 4,4-09B,21,31,Ridley ,3,mixed,double,Middle ,12,79.34,63.24,3980.33,30.663,-0.67,13.359,32.844,88.927,79.095,1,1.1219,23.25052,0.9819,1.15969,-2.40675,0.9807,1.16701,-1.19783,0.9914,57.6513397,-3.1837423,14.39225659,14.74019216
IMG_1983,16/04/2024,South ,Bench 4,4-09B,21,31,Ridley ,3,mixed,double,Middle ,13,118.4,90.35,8456.38,33.727,-0.672,13.162,34.235,81.522,86.292,1,1.20107,25.10417,0.9844,1.24986,-2.51935,0.9783,1.25582,-0.68656,0.9911,65.61265789,-3.35925592,15.84254284,16.19477582
IMG_1984,16/04/2024,South ,Bench 4,4-09B,21,31,Ridley ,3,mixed,double,Middle ,14,127.44,95.03,9409.56,34.007,0.303,15.882,30.332,99.774,89.7,1,1.17829,24.36119,0.9834,1.21814,-2.43084,0.979,1.22591,-0.78117,0.9917,64.43129803,-2.06174358,18.68873262,18.8021146
IMG_1985,16/04/2024,South ,Bench 4,4-09B,21,31,Ridley ,3,mixed,double,Middle ,15,91.04,81.75,5897.28,33.839,1.1,14.589,28.791,93.707,89.68,1,1.1725,24.58559,0.9845,1.2151,-2.27792,0.9778,1.22451,-0.81905,0.9911,64.2618175,-0.94131,17.04532639,17.07129802
IMG_1986,16/04/2024,South ,Bench 4,4-09B,21,31,Ridley ,3,mixed,double,Middle ,16,118.3,96.47,9000.99,31.026,-2.688,10.829,42.431,68.917,76.708,1,1.08891,22.42811,0.9821,1.11814,-2.49945,0.9792,1.11903,-0.89375,0.9913,56.21263166,-5.50501032,11.22422587,12.50153531
IMG_1987,16/04/2024,South ,Bench 4,4-09B,21,31,Ridley ,3,mixed,double,Middle ,17,116.74,87.83,8271.82,36.081,-1.047,11.421,34.114,67.698,90.557,1,1.08415,22.28454,0.9809,1.11043,-2.46954,0.9801,1.11392,-0.907,0.9912,61.40175615,-3.63216021,11.81508032,12.36077306
IMG_1988,16/04/2024,South ,Bench 4,4-09B,21,31,Ridley ,3,mixed,double,Middle ,18,116.11,94.85,8621.29,27.125,-8.783,7.126,78.42,67.894,68.06,2,1.07421,22.2524,0.9815,1.10395,-2.4947,0.9804,1.10984,-1.15915,0.991,51.39034625,-12.19069285,6.74956984,13.93447829
IMG_1989,16/04/2024,South ,Bench 4,4-09B,21,31,Ridley ,3,mixed,double,Middle ,19,139.34,103.03,11111.89,30.531,-3.847,8.407,55.793,59.744,75.815,1,1.14744,23.9555,0.9836,1.19271,-2.51555,0.9799,1.19539,-0.84309,0.9916,58.98799064,-7.10390537,9.20655373,11.6286759
IMG_1990,16/04/2024,South ,Bench 4,4-09B,21,31,Ridley ,3,mixed,double,Middle ,20,123.56,96.78,9610.73,33.068,-2.196,11.998,37.341,73.17,82.203,1,1.16862,24.3259,0.984,1.21193,-2.4991,0.9796,1.21448,-0.73513,0.9913,62.96982616,-5.16049828,13.83620104,14.76723406
IMG_1991,16/04/2024,South ,Bench 4,4-09B,21,31,Ridley ,3,mixed,double,Middle ,21,96.68,74.29,5723.36,27.353,-0.7,14.459,33.527,104.413,71.569,1,1.00801,20.06629,0.975,1.03407,-1.95373,0.9814,1.02985,-1.23881,0.9915,47.63838753,-2.677579,13.65179115,13.9118953
IMG_1992,16/04/2024,South ,Bench 4,4-09B,21,31,Ridley ,3,mixed,double,Middle ,22,91.42,72.45,5193.56,35.667,1.42,13.745,27.038,86.711,94.145,1,1.04835,21.38348,0.9823,1.07606,-2.29283,0.9815,1.08086,-1.37646,0.9913,58.77497945,-0.7648248,13.4799607,13.50164055
IMG_1995,16/04/2024,South ,Bench 4,4-09B,21,31,Ridley ,3,mixed,double,Middle ,23,65.99,53.58,2818.23,32.93,-7.706,11.948,65.142,76.54,82.302,2,0,0,0,0,0,0,0,0,0,0,0,0,0
IMG_1996,16/04/2024,South ,Bench 3,3-09A,22,19,Mari,4,single,single,Middle ,1,68,48.64,2658.92,31.17,-0.976,19.901,33.781,125.329,82.632,1,0,0,0,0,0,0,0,0,0,0,0,0,0
IMG_1997,16/04/2024,South ,Bench 3,3-09A,22,19,Mari,4,single,single,Middle ,2,70.17,50.85,2899.37,30.678,-5.37,10.222,53.653,64.885,75.265,2,1.04917,24.00939,0.9761,1.14999,-2.09808,0.9859,1.15585,-0.94722,0.9892,56.19582726,-8.2735263,10.8678787,13.65877099
IMG_1998,16/04/2024,South ,Bench 3,3-09A,22,19,Mari,4,single,single,Middle ,3,72.33,63.03,3628.61,33.957,-5.247,15.558,45.506,88.235,83.841,2,0,0,0,0,0,0,0,0,0,0,0,0,0
IMG_1999,16/04/2024,South ,Bench 3,3-09A,22,19,Mari,4,single,single,Middle ,4,83.72,69.86,4737.7,36.265,-4.751,13.108,48.852,72.346,89.014,1,1.04619,23.8324,0.9781,1.14249,-2.16651,0.9841,1.14682,-0.82687,0.9892,61.77248035,-7.59447999,14.20564656,16.10827491
IMG_2000,16/04/2024,South ,Bench 3,3-09A,22,19,Mari,4,single,single,Middle ,5,80.49,63.28,3970.97,34.093,-6.176,20.411,44.72,112.75,85.283,2,0.88987,34.72333,0.7406,1.23785,-3.13932,0.9528,1.30786,0.62132,0.9117,65.06166791,-10.7842816,27.31605046,29.36779431
IMG_2001,16/04/2024,South ,Bench 3,3-09A,22,19,Mari,4,single,single,Middle ,6,67.87,48.85,2652.29,32.273,-2.6,13.441,38.349,81.647,80.874,1,0,0,0,0,0,0,0,0,0,0,0,0,0
IMG_2002,16/04/2024,South ,Bench 3,3-09A,22,19,Mari,4,single,single,Middle ,7,62.01,45.47,2284.87,27.98,-3.482,11.153,50.326,79.158,70.5,1,0.84709,36.38286,0.673,1.28325,-4.62412,0.9328,1.27168,-0.3766,0.9611,60.0844382,-9.0923965,13.80644704,16.53147465
IMG_2003,16/04/2024,South ,Bench 3,3-09A,22,19,Mari,4,single,single,Middle ,8,63.9,51.5,2614.19,34.769,-1.525,13.663,34.991,80.453,87.853,1,1.09708,25.46186,0.9778,1.21098,-2.85349,0.984,1.21493,-0.6561,0.9891,63.60623452,-4.7002345,15.94348859,16.62188415
IMG_2004,16/04/2024,South ,Bench 3,3-09A,22,19,Mari,4,single,single,Middle ,9,76.17,61.11,3743.31,36.648,-3.333,10.286,45.814,56.695,89.73,1,0,0,0,0,0,0,0,0,0,0,0,0,0
IMG_2005,16/04/2024,South ,Bench 3,3-09A,22,19,Mari,4,single,single,Middle ,10,70.82,54.45,3057.81,32.072,-3.013,9.653,48.158,58.613,78.804,1,0.93514,31.33205,0.8174,1.20478,-2.44995,0.9706,1.24807,-0.16747,0.9486,61.32386008,-6.07995214,11.88014971,13.34555264
IMG_2006,16/04/2024,South ,Bench 3,3-09A,22,19,Mari,4,single,single,Middle ,11,70.21,54.68,3146.98,33.494,-1.345,10.395,38.813,65.12,83.776,1,0.76289,38.61855,0.6156,1.30295,-2.50308,0.9074,1.25497,0.85937,0.8915,64.17078766,-4.25554775,13.90478315,14.54141262
IMG_2007,16/04/2024,South ,Bench 3,3-09A,22,19,Mari,4,single,single,Middle ,12,75.21,69.85,4095.99,33.627,-7.214,8.714,67.952,56.598,82.825,2,1.07512,25.02999,0.9771,1.18548,-2.87401,0.9834,1.18888,-0.89117,0.9885,61.18305024,-11.42606272,9.46873032,14.83953379
IMG_2008,16/04/2024,South ,Bench 3,3-09A,22,19,Mari,4,single,single,Middle ,13,77.01,59.89,3744.18,30.065,-4.223,9.729,58.88,66.386,74.506,1,1.10477,25.91442,0.9771,1.22367,-2.69632,0.9832,1.22728,-0.71898,0.9885,59.12933005,-7.86387841,11.22122712,13.70242759
IMG_2009,16/04/2024,South ,Bench 3,3-09A,22,19,Mari,4,single,single,Middle ,14,73.29,56.95,3373.52,33.319,-8.736,9.46,72.262,60.462,82.632,2,0,0,0,0,0,0,0,0,0,0,0,0,0
IMG_2010,16/04/2024,South ,Bench 3,3-09A,22,19,Mari,4,single,single,Middle ,15,76.62,56.17,3470.03,28.172,-4.191,13.114,49.124,89.157,70.799,1,0,0,0,0,0,0,0,0,0,0,0,0,0
IMG_2011,16/04/2024,South ,Bench 3,3-09A,22,19,Mari,4,single,single,Middle ,16,78.29,63.91,4156.67,36.563,-6.64,14.785,53.888,80.669,90.681,2,0.7552,37.10274,0.5985,1.18535,-2.18486,0.8571,1.17063,1.50907,0.8881,64.7151176,-10.055584,18.81683455,21.33513609
IMG_2012,16/04/2024,South ,Bench 3,3-09A,22,19,Mari,4,single,single,Middle ,17,82.07,58.32,3720.68,33.589,-8.273,12.553,65.064,75.591,83.492,2,1.0678,24.89015,0.9774,1.17335,-2.93995,0.9843,1.17835,-0.90973,0.9889,60.7564842,-12.64707455,13.88209755,18.77927387
IMG_2013,16/04/2024,South ,Bench 3,3-09A,22,19,Mari,4,single,single,Middle ,18,78.81,63.08,3991.68,32.026,-1.107,16.433,33.187,101.846,82.925,1,0,0,0,0,0,0,0,0,0,0,0,0,0
IMG_2014,16/04/2024,South ,Bench 3,3-09A,22,19,Mari,4,single,single,Middle ,19,75.05,56.63,3389.23,30.72,-7.782,12.354,58.867,77.241,75.918,2,0,0,0,0,0,0,0,0,0,0,0,0,0
IMG_2015,16/04/2024,South ,Bench 3,3-09A,22,19,Mari,4,single,single,Middle ,20,67.79,63.94,3499.55,37.491,-4.699,11.98,48.906,64.549,92.087,1,1.04085,23.12788,0.9786,1.08037,-2.52207,0.9634,1.10515,-0.61372,0.988,62.15038735,-7.59872863,12.625977,14.73621295
IMG_2016,16/04/2024,South ,Bench 3,3-09B,22,19,Mari,4,single,single,Middle ,1,78.83,60.48,3826.92,30.262,-8.327,11.157,63.148,76.602,75.522,2,0,0,0,0,0,0,0,0,0,0,0,0,0
IMG_2017,16/04/2024,South ,Bench 3,3-09B,22,19,Mari,4,single,single,Middle ,2,89.03,66.96,4761.93,24.336,-11.116,8.631,83.525,84.28,62.569,2,1.02677,23.7448,0.9787,1.10706,-2.61411,0.9834,1.11864,-1.11985,0.9877,48.73227472,-14.92018896,8.53513184,17.18896489
IMG_2018,16/04/2024,South ,Bench 3,3-09B,22,19,Mari,4,single,single,Middle ,3,67.83,53.1,2885.35,26.412,-5.487,11.805,55.099,85.509,66.695,2,1.01005,22.0878,0.9816,1.02491,-2.52804,0.9627,1.05625,-1.05692,0.9859,48.7652406,-8.15172117,11.41211125,14.02450859
IMG_2019,16/04/2024,South ,Bench 3,3-09B,22,19,Mari,4,single,single,Middle ,4,70.53,61.15,3423.04,27.138,-7.257,8.88,67.376,67.479,67.872,2,1.12121,26.02864,0.9816,1.2264,-2.79623,0.9827,1.23519,-0.81019,0.9888,56.45603698,-11.6962148,10.1582972,15.49168947
IMG_2020,16/04/2024,South ,Bench 3,3-09B,22,19,Mari,4,single,single,Middle ,5,82.21,65.57,4363.88,35.112,-3.952,15.115,41.135,84.173,87.121,1,1.17516,27.46719,0.9818,1.3017,-2.82899,0.9815,1.30917,-0.72927,0.9889,68.72940792,-7.9733084,19.05883455,20.65944872
IMG_2021,16/04/2024,South ,Bench 3,3-09B,22,19,Mari,4,single,single,Middle ,6,72.28,59.87,3423.21,35.142,-5.386,15.307,45.16,84.965,86.896,2,1.12034,26.14985,0.9807,1.23066,-2.82413,0.9825,1.23631,-0.73223,0.9884,65.52083828,-9.45246476,18.19196717,20.50114045
IMG_2022,16/04/2024,South ,Bench 3,3-09B,22,19,Mari,4,single,single,Middle ,7,87.27,73.11,5161.85,23.746,-3.747,8.974,51.565,70.789,59.575,1,1.1044,25.91596,0.9809,1.20676,-2.86451,0.9819,1.21816,-0.68955,0.9885,52.1410424,-7.38623972,10.24221784,12.62772994
IMG_2023,16/04/2024,South ,Bench 3,3-09B,22,19,Mari,4,single,single,Middle ,8,83.32,77.33,5090.14,25.932,-8.863,7.982,77.4,76.734,65.939,2,1.15728,27.51637,0.9779,1.28434,-2.9402,0.9814,1.29215,-0.60752,0.988,57.52695496,-14.32330542,9.7064213,17.3023609
IMG_2024,16/04/2024,South ,Bench 3,3-09B,22,19,Mari,4,single,single,Middle ,9,67.26,58.62,3075.86,27.678,-6.965,7.524,74.813,64.217,69.111,2,1.02764,24.18513,0.9771,1.12274,-2.03788,0.9841,1.13305,-1.16198,0.9865,52.62814992,-9.8577641,7.3630882,12.30408797
IMG_2025,16/04/2024,South ,Bench 3,3-09B,22,19,Mari,4,single,single,Middle ,10,80.06,60.58,3843.12,33.383,-2.84,12.796,39.827,75.002,82.676,1,1.15573,27.01001,0.9799,1.26995,-2.69622,0.9819,1.28407,-0.71696,0.9884,65.59174459,-6.302878,15.71399972,16.93092018
IMG_2026,16/04/2024,South ,Bench 3,3-09B,22,19,Mari,4,single,single,Middle ,11,68.54,53.87,2921.38,36.211,-5.025,14.967,45.88,80.736,89.673,2,1.08196,25.72155,0.9772,1.19167,-2.7207,0.9826,1.19907,-0.82001,0.9876,64.90040356,-8.70884175,17.12647069,19.21353489
IMG_2027,16/04/2024,South ,Bench 3,3-09B,22,19,Mari,4,single,single,Middle ,12,92.49,69,5055.92,25.288,-8.892,10.145,69.322,82.544,64.284,2,1.0832,25.42778,0.9795,1.18401,-2.65644,0.9832,1.1953,-0.86716,0.9882,52.8197416,-13.18465692,11.2591585,17.33793033
IMG_2028,16/04/2024,South ,Bench 3,3-09B,22,19,Mari,4,single,single,Middle ,13,81.65,67.57,4410.6,31.744,-5.239,12.275,53.208,77.15,79.449,2,1.07664,25.4135,0.979,1.17441,-2.74146,0.9818,1.18802,-0.88974,0.9879,59.59036016,-8.89419399,13.6932055,16.32821373
IMG_2029,16/04/2024,South ,Bench 3,3-09B,22,19,Mari,4,single,single,Middle ,14,75.24,58.59,3527.28,28.548,-5.49,14.542,50.28,95.134,71.553,2,1.07688,25.58234,0.9792,1.17952,-2.69918,0.982,1.18995,-0.87527,0.9878,56.32511024,-9.1747448,16.4289829,18.81721077
IMG_2030,16/04/2024,South ,Bench 3,3-09B,22,19,Mari,4,single,single,Middle ,15,83.4,61.93,4091.55,28.456,-5.911,8.048,69.697,61.126,70.841,2,1.07341,25.51852,0.9792,1.1739,-2.68666,0.9809,1.18403,-0.90333,0.9874,56.06347496,-9.6255829,8.62574344,12.92498727
IMG_2031,16/04/2024,South ,Bench 3,3-09B,22,19,Mari,4,single,single,Middle ,16,90.62,68.97,4903.91,28.473,-4.635,12.887,50.44,87.441,71.073,1,1.02967,23.75389,0.9802,1.11625,-1.85488,0.9815,1.12391,-1.26684,0.987,53.07168391,-7.02869875,13.21698817,14.96968211
IMG_2032,16/04/2024,South ,Bench 3,3-09B,22,19,Mari,4,single,single,Middle ,17,81.2,60.85,3919.79,28.092,-8.766,11.709,64.099,82.919,70.569,2,1.02556,23.9099,0.9781,1.11256,-2.00538,0.9829,1.12149,-1.11187,0.9869,52.71993152,-11.75808096,12.01965641,16.81441667
IMG_2033,16/04/2024,South ,Bench 3,3-09B,22,19,Mari,4,single,single,Middle ,18,83.6,69.01,4568.69,30.726,-10.182,16.615,57.772,104.736,77.602,2,1.0643,25.31436,0.9774,1.16642,-2.7912,0.9812,1.17144,-0.77511,0.9876,58.0160418,-14.66768844,18.6883656,23.75702197
IMG_2034,16/04/2024,South ,Bench 3,3-09B,22,19,Mari,4,single,single,Middle ,19,84.91,65.12,4400.48,28.819,-5.942,11.365,55.533,78.709,72.27,2,1.06774,25.43696,0.9777,1.17104,-2.77878,0.9816,1.18045,-0.76254,0.9877,56.20815906,-9.73709968,12.65327425,15.96610345
IMG_2035,16/04/2024,South ,Bench 3,3-09B,22,19,Mari,4,single,single,Middle ,20,79.37,66.14,4182.59,32.168,-3.15,14.278,50.706,89.056,81.924,1,1.07076,25.48496,0.9772,1.17473,-2.79878,0.9812,1.18314,-0.77136,0.9875,59.92916768,-6.4991795,16.12151292,17.38224706
IMG_2036,16/04/2024,South ,Bench 3,3-09B,22,19,Mari,4,single,single,Middle ,21,79.85,62.58,3915.13,32.809,-2.467,15.067,36.004,90.5,82.302,1,0.9149,32.40382,0.8458,1.26131,-2.31518,0.9524,1.23532,-1.25626,0.9542,62.4207741,-5.42683177,17.35630644,18.18493542
IMG_2037,16/04/2024,South ,Bench 3,3-09B,22,19,Mari,4,single,single,Middle ,22,79.9,62.15,4016.56,26.082,-4.134,12.172,45.66,85.406,64.975,1,1.13404,26.96374,0.978,1.25484,-2.9115,0.9815,1.26018,-0.56581,0.9877,56.54177128,-8.09900856,14.77310096,16.8475058
IMG_2038,16/04/2024,South ,Bench 3,3-09B,22,19,Mari,4,single,single,Middle ,23,79.77,63.79,4052.57,29.966,-8.971,9.588,71.849,70.447,75.031,2,1.04887,24.98098,0.9767,1.15112,-2.85925,0.9814,1.15363,-0.74789,0.9875,56.41141842,-13.18594752,10.31311444,16.74005799
IMG_2039,16/04/2024,South ,Bench 3,3-09B,22,19,Mari,4,single,single,Middle ,24,83.53,63.52,4174.51,26.731,-3.226,11.694,44.472,81.503,67.596,1,1.01723,22.95035,0.9796,1.05154,-2.49449,0.9639,1.07985,-0.78167,0.9873,50.14192513,-5.88675804,11.8460959,13.22814833
IMG_2042,16/04/2024,South ,Bench 3,3-09C,22,19,Mari,4,single,single,Middle ,1,79.58,64.96,4106.9,30.243,-2.079,9.864,41.443,64.754,75.164,1,1.14142,27.6047,0.9747,1.28137,-2.7195,0.9824,1.2911,-0.74329,0.9875,62.12466506,-5.38346823,11.9921204,13.14506302
IMG_2043,16/04/2024,South ,Bench 3,3-09C,22,19,Mari,4,single,single,Middle ,2,71.3,63.22,3590.54,33.298,-2.669,15.365,37.2,90.49,83.738,1,1.07333,27.18531,0.9711,1.22421,-2.76135,0.9824,1.23385,-0.78056,0.9875,62.92505234,-6.02876649,18.17754525,19.15121867
IMG_2044,16/04/2024,South ,Bench 3,3-09C,22,19,Mari,4,single,single,Middle ,3,66.02,45.78,2460.98,28.092,-3.504,6.54,55.248,45.797,68.665,1,1.06962,27.12955,0.9721,1.21632,-2.81209,0.9818,1.22766,-0.74993,0.9874,57.17731504,-7.07407528,7.2789664,10.15016714
IMG_2045,16/04/2024,South ,Bench 3,3-09C,22,19,Mari,4,single,single,Middle ,4,79.18,62.28,4040.7,29.747,-7.347,9.299,65.429,65.403,73.828,2,1.0444,27.94637,0.9716,1.20289,-2.9373,0.9783,1.21683,-0.88046,0.9856,59.0141368,-11.77493283,10.43484217,15.73324424
IMG_2046,16/04/2024,South ,Bench 3,3-09C,22,19,Mari,4,single,single,Middle ,5,74.73,58.79,3491.47,32.828,-4.245,14.114,43.769,83.916,81.822,1,1.09997,28.78794,0.9691,1.27665,-2.93092,0.98,1.28673,-0.81925,0.9855,64.89775516,-8.35029925,17.34165722,19.24735236
IMG_2047,16/04/2024,South ,Bench 3,3-09C,22,19,Mari,4,single,single,Middle ,6,69.23,53.14,2993.79,36.921,-0.43,11.134,33.869,65.978,93.563,1,1.0232,26.74199,0.9692,1.17304,-2.81489,0.9814,1.18441,-1.00954,0.9867,64.5195572,-3.3192972,12.17768094,12.621951
IMG_2048,16/04/2024,South ,Bench 3,3-09C,22,19,Mari,4,single,single,Middle ,7,90.47,64.3,4550.24,31.052,-6.249,7.407,69.336,53.511,76.517,2,0.96878,32.47894,0.892,1.32522,-2.3313,0.9601,1.29632,-1.18178,0.9723,62.56149656,-10.61259978,8.42006224,13.54712967
IMG_2049,16/04/2024,South ,Bench 3,3-09C,22,19,Mari,4,single,single,Middle ,8,73.64,55.3,3230.29,34.015,-6.839,7.834,70.376,58.844,84.347,2,1.03924,27.44771,0.9702,1.18974,-2.82507,0.9794,1.20626,-0.91503,0.9859,62.7974586,-10.96170186,8.53481084,13.89251251
IMG_2050,16/04/2024,South ,Bench 3,3-09C,22,19,Mari,4,single,single,Middle ,9,63.74,56.19,2834.09,36.522,-0.511,9.631,31.287,58.661,91.45,1,1.03867,26.7588,0.9735,1.16966,-2.70341,0.9794,1.18274,-1.01266,0.9856,64.69310574,-3.30110626,10.37830894,10.89066568
IMG_2051,16/04/2024,South ,Bench 3,3-09C,22,19,Mari,4,single,single,Middle ,10,73.75,63.82,3695.77,31.543,-4.523,15.372,43.855,94.528,78.344,1,1.03643,27.33358,0.9702,1.18472,-2.97527,0.979,1.19097,-0.84261,0.9852,60.02569149,-8.33375856,17.46498084,19.35141048
IMG_2052,16/04/2024,South ,Bench 3,3-09C,22,19,Mari,4,single,single,Middle ,11,75.96,58.69,3541.11,31.473,-6.951,9.242,65.862,62.599,78.007,2,1.01195,26.67496,0.9708,1.14481,-3.00287,0.9781,1.1544,-0.96319,0.9849,58.52406235,-10.96044431,9.7057748,14.64012992
IMG_2053,16/04/2024,South ,Bench 3,3-09C,22,19,Mari,4,single,single,Middle ,12,81.39,66.63,4249.48,32.352,-3.783,10.37,46.418,63.799,79.392,1,1.03917,27.15178,0.9697,1.17969,-2.90584,0.979,1.19066,-0.93104,0.9852,60.77100784,-7.36860727,11.4161042,13.58763439
IMG_2054,16/04/2024,South ,Bench 3,3-09C,22,19,Mari,4,single,single,Middle ,13,70.75,56.39,3073.21,31.918,-3.789,13.507,45.183,83.589,80.136,1,1.06668,26.6832,0.9717,1.20454,-2.90046,0.9809,1.21037,-0.67906,0.9869,60.72949224,-7.46446206,15.66940759,17.35651255
IMG_2055,16/04/2024,South ,Bench 3,3-09C,22,19,Mari,4,single,single,Middle ,14,74.87,58.48,3530.43,31.493,-3.269,10.437,45.253,65.054,77.547,1,1.00967,25.15101,0.9713,1.12484,-2.75671,0.9818,1.13394,-0.8548,0.987,56.94854731,-6.43381196,10.98013178,12.7262418
IMG_2056,16/04/2024,South ,Bench 3,3-09C,22,19,Mari,4,single,single,Middle ,15,72.72,55.68,3229.17,31.772,-5.961,9.371,63.398,62.676,78.761,2,0.98213,22.48651,0.9766,1.01199,-2.60563,0.9611,1.03911,-0.95909,0.9853,53.69074436,-8.63810239,8.77840981,12.3157335
IMG_2057,16/04/2024,South ,Bench 3,3-09C,22,19,Mari,4,single,single,Middle ,16,84.7,58.88,3829.49,31.727,-5.672,8.292,61.379,55.117,78.019,2,1.1221,28.16393,0.9749,1.26131,-3.04752,0.9781,1.26868,-0.61873,0.9855,63.7647967,-10.20167032,9.90116456,14.21643897
IMG_2058,16/04/2024,South ,Bench 3,3-09C,22,19,Mari,4,single,single,Middle ,17,72.37,47.12,2634.79,27.823,-1.908,5.658,46.83,40.105,67.815,1,1.02508,26.12264,0.9702,1.15478,-2.74814,0.9806,1.16499,-0.98268,0.9862,54.64344084,-4.95146024,5.60883342,7.481709086
IMG_2059,16/04/2024,South ,Bench 3,3-09C,22,19,Mari,4,single,single,Middle ,18,66.97,65.19,3408.79,29.373,-2.87,8.269,49.981,55.026,72.156,1,1.1118,26.9031,0.9767,1.2436,-2.8735,0.9818,1.24898,-0.5847,0.9884,59.5600014,-6.442632,9.74311562,11.680574
IMG_2060,16/04/2024,South ,Bench 3,3-09C,22,19,Mari,4,single,single,Middle ,19,74.63,58.26,3445.01,28.291,0.292,14.504,30.468,102.922,75.248,1,1.06637,25.88097,0.9754,1.18698,-2.77879,0.9832,1.19601,-0.84796,0.988,56.04964367,-2.43219184,16.49896904,16.67727605
IMG_2061,16/04/2024,South ,Bench 3,3-09C,22,19,Mari,4,single,single,Middle ,20,76.04,71.9,4238.44,33.036,-2.531,14.018,37.499,83.141,82.511,1,1.05438,25.96427,0.9737,1.17996,-2.81271,0.9817,1.18752,-0.77821,0.9881,60.79676768,-5.79918876,15.86844536,16.89491487
IMG_2062,16/04/2024,South ,Bench 3,3-09C,22,19,Mari,4,single,single,Middle ,21,81.3,66.17,4007.35,27.287,-5.156,8.84,57.339,63.404,67.61,2,1.15663,29.35026,0.9708,1.34205,-2.90139,0.9817,1.3518,-0.57991,0.9885,60.91122281,-9.8209998,11.370002,15.02427977
IMG_2064,16/04/2024,South ,Bench 3,3-09D,22,19,Mari,4,single,single,Middle ,1,89.53,60.97,4198.31,29.749,-4.195,13.527,45.907,86.894,74.875,1,1.17497,28.98521,0.9724,1.3413,-2.84669,0.9825,1.3546,-0.61811,0.9885,63.93939253,-8.4734435,17.7055642,19.6287098
IMG_2065,16/04/2024,South ,Bench 3,3-09D,22,19,Mari,4,single,single,Middle ,2,68.22,54.62,2988.78,23.618,-5.893,9.293,63.289,74.316,59.442,2,1.15921,28.09804,0.9734,1.31117,-2.83208,0.9817,1.31962,-0.57348,0.9881,55.47626178,-10.55880481,11.68974866,15.75241514
IMG_2066,16/04/2024,South ,Bench 3,3-09D,22,19,Mari,4,single,single,Middle ,3,79.04,58.3,3693.21,27.435,-10.335,10.199,76.134,81.836,69.846,2,1.16835,28.91142,0.9726,1.34004,-2.87632,0.9838,1.34738,-0.42008,0.9891,60.96510225,-16.7256334,13.32184862,21.38266736
IMG_2067,16/04/2024,South ,Bench 3,3-09D,22,19,Mari,4,single,single,Middle ,4,72.25,63.94,3654.56,28.09,-6.607,9.941,60.015,68.246,69.451,2,1.0517,25.89287,0.9735,1.17879,-2.79732,0.9831,1.18801,-0.99532,0.9878,55.435123,-10.58558553,10.81468741,15.13314524
IMG_2068,16/04/2024,South ,Bench 3,3-09D,22,19,Mari,4,single,single,Middle ,5,81.06,61.95,4170.9,35.383,-5.498,10.47,53.802,60.374,86.638,2,1.12298,27.31197,0.9749,1.26003,-2.84077,0.9814,1.26651,-0.58026,0.988,67.04637134,-9.76841494,12.6800997,16.00646303
IMG_2069,16/04/2024,South ,Bench 3,3-09D,22,19,Mari,4,single,single,Middle ,6,78.48,59.39,3740.12,27.479,-5.867,11.988,58.355,82.023,68.364,2,1.05323,25.86748,0.9733,1.17849,-2.68135,0.9829,1.18484,-0.75625,0.9879,54.80918717,-9.59555083,13.44761192,16.52007452
IMG_2070,16/04/2024,South ,Bench 3,3-09D,22,19,Mari,4,single,single,Middle ,7,68.02,57.1,3109.14,25.946,-6.748,5.976,86.068,58.035,65.39,2,1.13383,27.5597,0.9741,1.28042,-2.83091,0.9829,1.29218,-0.93415,0.9882,56.97805318,-11.47118416,6.78791768,13.32906195
IMG_2071,16/04/2024,South ,Bench 3,3-09D,22,19,Mari,4,single,single,Middle ,8,66.68,50.82,2686.62,30.481,-4.098,12.458,46.89,77.739,75.372,1,1.04621,25.76736,0.9719,1.16893,-2.73208,0.9829,1.18219,-1.10139,0.9878,57.65688701,-7.52235514,13.62633302,15.56479291
IMG_2072,16/04/2024,South ,Bench 3,3-09D,22,19,Mari,4,single,single,Middle ,9,74.27,61.67,3636.96,29.048,-5.397,6.104,71.263,46.399,71.461,2,1.03867,25.41328,0.9738,1.15282,-2.73967,0.9823,1.16589,-1.14806,0.9874,55.58456616,-8.96143954,5.96853256,10.76711566
IMG_2073,16/04/2024,South ,Bench 3,3-09D,22,19,Mari,4,single,single,Middle ,10,62.9,49.92,2506.43,34.386,-5.826,9.998,58.295,60.974,85.106,2,1.04934,25.93193,0.9725,1.17253,-2.83383,0.9821,1.18454,-0.88934,0.9878,62.01453524,-9.66498978,10.95369092,14.60805847
IMG_2074,16/04/2024,South ,Bench 3,3-09D,22,19,Mari,4,single,single,Middle ,11,65.17,50.98,2656.26,30.455,-6.297,8.709,66.508,61.88,75.481,2,1.00854,22.68732,0.9799,1.04081,-2.59706,0.9653,1.07237,-0.84992,0.9869,53.4024057,-9.15104057,8.48935033,12.48241213
IMG_2075,16/04/2024,South ,Bench 3,3-09D,22,19,Mari,4,single,single,Middle ,12,61.46,48.22,2371.04,32.226,-3.95,12.773,43.351,76.143,79.164,1,1.04438,25.72044,0.9728,1.1633,-2.70211,0.9832,1.17987,-1.13062,0.9873,59.37662988,-7.297145,13.93985951,15.73429402
IMG_2076,16/04/2024,South ,Bench 3,3-09D,22,19,Mari,4,single,single,Middle ,13,74.57,57.31,3416.42,32.795,0.416,18.738,30.614,116.916,87.926,1,1.0406,25.59725,0.9735,1.15864,-2.74837,0.9818,1.16831,-0.84925,0.9875,59.723727,-2.26637576,21.04254278,21.16424026
IMG_2077,16/04/2024,South ,Bench 3,3-09D,22,19,Mari,4,single,single,Middle ,14,81.59,67.49,4488.15,31.357,-2.724,7.967,51.743,53.038,77.293,1,1.08223,26.55463,0.9728,1.21275,-2.85866,0.9821,1.22204,-0.64432,0.9879,60.49011611,-6.162191,9.09167268,10.98321948
IMG_2078,16/04/2024,South ,Bench 3,3-09D,22,19,Mari,4,single,single,Middle ,15,71.41,71.28,3964.16,30.361,-3.788,10.785,47.731,68.988,75.093,1,1.04664,25.67418,0.9726,1.16517,-2.62283,0.9822,1.17614,-0.87061,0.9873,57.45121704,-7.03649396,11.8140599,13.7507912
IMG_2079,16/04/2024,South ,Bench 3,3-09D,22,19,Mari,4,single,single,Middle ,16,71.95,58.82,3372.73,22.743,-9.15,7.911,78.693,78.353,58.324,2,1.19773,28.42911,0.9764,1.34697,-2.85494,0.9826,1.3539,-0.49615,0.9888,55.66908339,-15.1797155,10.2145529,18.29647107
IMG_2080,16/04/2024,South ,Bench 3,3-09D,22,19,Mari,4,single,single,Middle ,17,68.51,58.91,3128.54,26.375,-1.215,17.19,34.492,124.422,69.892,1,1.03069,23.12053,0.9776,1.07361,-2.44801,0.9663,1.09676,-1.01811,0.9867,50.30497875,-3.75244615,17.8351944,18.22566902
IMG_2081,16/04/2024,South ,Bench 3,3-09D,22,19,Mari,4,single,single,Middle ,18,67.18,63.78,3315.07,38.477,-4.36,9.802,48.666,51.847,93.666,1,1.06259,25.98438,0.9736,1.18471,-2.73169,0.9828,1.19403,-0.80138,0.9879,66.86965543,-7.8970256,10.90250206,13.46207876
IMG_2082,16/04/2024,South ,Bench 3,3-09D,22,19,Mari,4,single,single,Middle ,19,80.46,52.82,3572.83,33.929,-5.205,6.109,72.018,41.838,82.937,2,1.07314,26.2838,0.9737,1.19839,-2.75953,0.9823,1.20862,-0.69042,0.9878,62.69436706,-8.99714995,6.69303958,11.21362948
IMG_2083,16/04/2024,South ,Bench 3,3-09D,22,19,Mari,4,single,single,Middle ,20,71.57,60.06,3374.5,30.784,-5.984,11.698,56.624,74.342,76.177,2,1.06248,25.88005,0.9751,1.1836,-2.86002,0.983,1.1884,-0.71316,0.9881,58.58743432,-9.9426824,13.1887432,16.51665464
IMG_2084,16/04/2024,South ,Bench 3,3-09D,22,19,Mari,4,single,single,Middle ,21,80.72,58.3,3729.46,27.557,-5.431,7.531,80.407,60.083,69.251,2,1.05218,25.48732,0.9741,1.16259,-2.81844,0.9816,1.17177,-0.72686,0.9875,54.48224426,-9.13246629,8.09773987,12.20554511
IMG_2085,16/04/2024,South ,Bench 3,3-09D,22,19,Mari,4,single,single,Middle ,22,67.65,53.62,2921.83,22.29,-5.118,7.791,61.362,65.879,55.958,2,1.03626,25.29809,0.9746,1.14737,-2.65127,0.9814,1.16036,-0.89598,0.988,48.3963254,-8.52350966,8.14438476,11.78902965
IMG_2086,16/04/2024,South ,Bench 3,3-09D,22,19,Mari,4,single,single,Middle ,23,68.44,54.64,2955.01,33.253,-1.474,16.53,34.081,99.255,85.501,1,1.03507,25.02318,0.9745,1.14141,-2.80328,0.9817,1.148,-0.7077,0.9876,59.44236271,-4.48571834,18.26874,18.81139363
IMG_2088,16/04/2024,South ,Bench 2,2-07C,21,31,Mari,4,double,double,Middle ,1,127.76,82.56,8114.43,29.626,-3.658,8.822,55.735,64.562,74.364,1,1.14804,26.91447,0.8837,1.27472,-1.73598,0.981,1.25373,0.34609,0.9512,60.92630304,-6.39890576,11.40649606,13.07876704
IMG_2089,16/04/2024,South ,Bench 2,2-07C,21,31,Mari,4,double,double,Middle ,2,121.67,96.05,9135.11,21.866,-4.163,4.95,71.441,54.48,55.319,1,1.11143,22.77558,0.9661,1.15632,-2.65101,0.9799,1.14593,-0.78659,0.9923,47.07810838,-7.46477016,4.8857635,8.921517725
IMG_2090,16/04/2024,South ,Bench 2,2-07C,21,31,Mari,4,double,double,Middle ,3,107.17,82.57,7199.27,23.587,-4.009,8.521,53.532,66.978,58.706,2,1.1254,23.02536,0.9676,1.16109,-2.3919,0.9799,1.15931,-0.57292,0.9927,49.5701698,-7.04670981,9.30556051,11.67259935
IMG_2091,16/04/2024,South ,Bench 2,2-07C,21,31,Mari,4,double,double,Middle ,4,99.11,84.52,6702.87,33.824,-4.227,10.678,48.297,64.15,83.363,1,1.08009,21.417,0.9697,1.11122,-1.49239,0.9818,1.11226,-0.9448,0.9926,57.94996416,-6.18951694,10.93191228,12.56251671
IMG_2092,16/04/2024,South ,Bench 2,2-07C,21,31,Mari,4,double,double,Middle ,5,128.88,89.19,8829.31,30.372,-5.865,7.842,65.291,57.854,75.13,2,1.1164,22.78292,0.9665,1.15421,-2.48946,0.9797,1.14393,-0.52917,0.9923,56.6902208,-9.25890165,8.44152906,12.52943226
IMG_2093,16/04/2024,South ,Bench 2,2-07C,21,31,Mari,4,double,double,Middle ,6,124.18,65.61,6297.49,29.37,-5.567,7.862,61.326,54.991,72.109,2,1.10838,22.68534,0.9674,1.14674,-2.54995,0.9787,1.13795,-0.58492,0.9924,55.2384606,-8.93385158,8.3616429,12.23645276
IMG_2094,16/04/2024,South ,Bench 2,2-07C,21,31,Mari,4,double,double,Middle ,7,108.27,103.45,8589.78,30.242,-3.248,9.17,50.747,62.604,75.028,1,1.19266,24.0716,0.9718,1.23121,-2.42922,0.9786,1.22967,-0.60448,0.9925,60.14002372,-6.42819008,10.6715939,12.45811158
IMG_2095,16/04/2024,South ,Bench 2,2-07C,21,31,Mari,4,double,double,Middle ,8,112.35,94.17,8451.4,35.432,-4.725,11.762,47.053,66.305,86.933,1,1.2423,25.18832,0.9716,1.28814,-2.57952,0.9773,1.28109,-0.41736,0.9915,69.2054936,-8.6659815,14.65082058,17.02192054
IMG_2096,16/04/2024,South ,Bench 2,2-07C,21,31,Mari,4,double,double,Middle ,9,109.8,108.25,9287.33,34.362,-3.217,6.543,55.162,40.933,83.453,1,1.22404,24.51855,0.9715,1.2633,-2.68473,0.9785,1.25578,-0.37384,0.9922,66.57901248,-6.7487661,7.84272854,10.34670164
IMG_2097,16/04/2024,South ,Bench 2,2-07C,21,31,Mari,4,double,double,Middle ,10,123.79,92.54,9278.9,24.752,-4.809,6.964,66.38,58.867,61.961,1,1.2526,25.14749,0.9707,1.29473,-2.53253,0.9781,1.28959,-0.42058,0.9917,56.1518452,-8.75888657,8.56012476,12.24719682
IMG_2098,16/04/2024,South ,Bench 2,2-07C,21,31,Mari,4,double,double,Middle ,11,118.53,103.82,9553.17,32.287,-0.956,9.658,39.604,63.522,81.125,1,1.132,22.85249,0.9657,1.16207,-2.11487,0.9798,1.16609,-0.89791,0.9923,59.401374,-3.22580892,10.36418722,10.85459442
IMG_2099,16/04/2024,South ,Bench 2,2-07C,21,31,Mari,4,double,double,Middle ,12,99.42,76.76,6102.67,34.102,-1.712,11.242,36.386,68.26,85.031,1,1.10438,22.64354,0.964,1.1416,-2.35654,0.9794,1.13622,-0.69937,0.9923,60.30510676,-4.3109592,12.07401524,12.82053873
IMG_2100,16/04/2024,South ,Bench 2,2-07C,21,31,Mari,4,double,double,Middle ,13,100.65,70.24,5384.98,35.11,-1.784,10.444,40.017,61.997,87.019,1,1.10216,22.67095,0.9629,1.14423,-2.42795,0.9787,1.13358,-0.64387,0.9923,61.3677876,-4.46925632,11.19523952,12.05436186
IMG_2101,16/04/2024,South ,Bench 2,2-07C,21,31,Mari,4,double,double,Middle ,14,108.07,73.52,6449.51,24.542,-2.457,5.99,70.199,55.523,61.56,1,1.05285,21.07732,0.9679,1.07873,-2.17688,0.9804,1.07676,-0.90506,0.9924,46.9163647,-4.82731961,5.5447324,7.351671375
IMG_2102,16/04/2024,South ,Bench 2,2-07C,21,31,Mari,4,double,double,Middle ,15,104.84,75.54,6397.9,31.804,-2.151,12.431,41.444,79.177,80.85,1,1.13071,23.03466,0.9662,1.1689,-2.54201,0.9799,1.16359,-0.48232,0.9925,58.99576084,-5.0563139,13.98226729,14.86842658
IMG_2103,16/04/2024,South ,Bench 2,2-07C,21,31,Mari,4,double,double,Middle ,16,121.71,87.25,8217.01,22.065,-5.299,6.726,70.172,71.526,56.539,2,1.13066,23.01146,0.9653,1.16922,-2.41705,0.9803,1.16383,-0.547,0.9925,47.9594729,-8.61274678,7.28092058,11.27790812
IMG_2104,16/04/2024,South ,Bench 2,2-07C,21,31,Mari,4,double,double,Middle ,17,130.08,85.19,8352.24,29.493,-3.045,10.706,43.645,71.361,73.002,1,1.19362,24.32777,0.9669,1.23295,-2.43635,0.978,1.23133,-0.49299,0.9922,59.53120466,-6.19068275,12.68962898,14.11917974
IMG_2105,16/04/2024,South ,Bench 2,2-07C,21,31,Mari,4,double,double,Middle ,18,111.21,99.64,8729.34,36.813,-1.933,11.571,37.147,65.397,91.598,1,1.20044,24.47857,0.9673,1.24583,-2.19535,0.9779,1.23886,-0.40134,0.9924,68.67036772,-4.60353939,13.93350906,14.67430576
IMG_2106,16/04/2024,South ,Bench 2,2-07C,21,31,Mari,4,double,double,Middle ,19,113.44,95.57,8525.6,28.331,-5.206,8.958,57.028,63.66,69.801,2,1.20117,24.55571,0.9667,1.24485,-2.53667,0.9771,1.24115,-0.51404,0.9921,58.58605727,-9.0173591,10.6041817,13.91982165
IMG_2107,16/04/2024,South ,Bench 2,2-07C,21,31,Mari,4,double,double,Middle ,20,122.46,83.7,7719.62,30.608,-4.903,9.262,54.922,62.347,75.466,1,1.11644,22.7886,0.9654,1.1529,-2.37926,0.9789,1.1471,-0.59787,0.9926,56.96059552,-8.0319287,10.0265702,12.84694472
IMG_2108,16/04/2024,South ,Bench 2,2-07D,21,31,Mari,4,double,double,Middle ,1,97.6,80.41,6308.79,23.991,-4.576,8.767,56.612,71.567,60.113,1,1.13218,22.96198,0.9648,1.17145,-1.71325,0.9798,1.17385,-0.73175,0.9925,50.12411038,-7.0738052,9.55939295,11.89204413
IMG_2109,16/04/2024,South ,Bench 2,2-07D,21,31,Mari,4,double,double,Middle ,2,94.05,79.39,5988.28,21.592,-6.155,7.668,66.626,69.36,54.967,2,1.06738,21.59779,0.9679,1.10147,-2.47816,0.9788,1.0951,-0.99427,0.9915,44.64465896,-9.25770785,7.4029568,11.85364602
IMG_2110,16/04/2024,South ,Bench 2,2-07D,21,31,Mari,4,double,double,Middle ,3,105.45,84.18,6915.44,28.023,-3.897,7.782,56.855,57.29,69.063,1,1.01032,19.96425,0.9673,1.03367,-1.53004,0.9794,1.03565,-1.2788,0.992,48.27644736,-5.55825199,6.7806283,8.767615715
IMG_2111,16/04/2024,South ,Bench 2,2-07D,21,31,Mari,4,double,double,Middle ,4,109.73,81.01,7192.68,33.993,-3.964,11.332,45.281,66.169,83.494,1,1.22464,24.69619,0.9705,1.26794,-2.52004,0.9784,1.26065,-0.4552,0.9919,66.32537752,-7.54615416,13.8304858,15.75521438
IMG_2112,16/04/2024,South ,Bench 2,2-07D,21,31,Mari,4,double,double,Middle ,5,103.65,86.36,7322.92,29.335,-5.022,8.62,56.702,59.038,72.135,2,1.22396,24.77829,0.9703,1.26835,-2.50218,0.9788,1.2633,-0.45552,0.9923,60.6831566,-8.8718337,10.434126,13.69600009
IMG_2113,16/04/2024,South ,Bench 2,2-07D,21,31,Mari,4,double,double,Middle ,6,99.88,87.56,7093.9,20.27,-4.519,6.154,67.412,64.533,51.841,1,1.06895,21.56597,0.9681,1.10029,-2.51839,0.9797,1.09357,-1.01766,0.9917,43.2335865,-7.49060051,5.71216978,9.420083842
IMG_2114,16/04/2024,South ,Bench 2,2-07D,21,31,Mari,4,double,double,Middle ,7,93.35,75.24,5594.13,32.784,-1.94,10.908,44.508,68.566,81.997,1,1.13495,22.91609,0.9623,1.17246,-1.44732,0.9787,1.17157,-1.05266,0.992,60.1242908,-3.7218924,11.72682556,12.30328902
IMG_2115,16/04/2024,South ,Bench 2,2-07D,21,31,Mari,4,double,double,Middle ,8,114.83,90.39,8610,30.939,-2.99,7.937,49.638,53.524,76.276,1,1.10908,24.42895,0.9391,1.17098,-2.55974,0.9788,1.18836,-0.78951,0.9667,58.74277612,-6.0609702,8.64250332,10.55595677
IMG_2116,16/04/2024,South ,Bench 2,2-07D,21,31,Mari,4,double,double,Middle ,9,119.18,96.25,9167.55,28.145,-3.861,9.778,49.293,65.838,69.456,1,1.0974,22.2512,0.9662,1.13005,-2.43706,0.979,1.1229,-0.567,0.9926,53.137523,-6.80018305,10.4127162,12.43652476
IMG_2117,16/04/2024,South ,Bench 2,2-07D,21,31,Mari,4,double,double,Middle ,10,107.83,87.54,7545.99,29,-5.025,14.002,47.04,91.471,72.337,2,0,0,0,0,0,0,0,0,0,0,0,0,0
IMG_2118,16/04/2024,South ,Bench 2,2-07D,21,31,Mari,4,double,double,Middle ,11,100.24,99.65,7979.09,30.742,-5.258,8.437,60.068,58.893,75.962,2,1.15875,23.47865,0.9667,1.19584,-2.41002,0.9794,1.1912,-0.58157,0.9921,59.1009425,-8.69774672,9.4685844,12.85709487
IMG_2119,16/04/2024,South ,Bench 2,2-07D,21,31,Mari,4,double,double,Middle ,12,101.92,82.24,6660.22,24.723,-4.224,10.284,48.021,75.841,61.47,1,1.15586,23.50037,0.9679,1.1913,-2.3678,0.9792,1.1905,-0.66059,0.9922,52.07669678,-7.3998512,11.582512,13.74454008
IMG_2120,16/04/2024,South ,Bench 2,2-07D,21,31,Mari,4,double,double,Middle ,13,105.69,103.49,8601.89,28.169,-7.83,6.797,77.503,65.62,70.478,2,1.13382,22.92686,0.9669,1.16549,-2.40451,0.9797,1.16102,-0.58614,0.9921,54.86543558,-11.5302967,7.30531294,13.64973769
IMG_2121,16/04/2024,South ,Bench 2,2-07D,21,31,Mari,4,double,double,Middle ,14,108.49,91.23,7603.97,27.397,-3.501,6.713,61.848,51.722,67.912,1,0,0,0,0,0,0,0,0,0,0,0,0,0
IMG_2122,16/04/2024,South ,Bench 2,2-07D,21,31,Mari,4,double,double,Middle ,15,113.97,91.26,8342.74,25.607,-4.889,8.79,65.51,68.203,64.126,1,1.21062,24.48549,0.9707,1.25315,-2.61416,0.978,1.24472,-0.54593,0.9919,55.48583634,-8.74081035,10.3951588,13.58164541
IMG_2123,16/04/2024,South ,Bench 2,2-07D,21,31,Mari,4,double,double,Middle ,16,103.91,89.29,7541.21,30.047,-2.403,10.949,43.776,73.149,75.111,1,1.19241,24.22931,0.9711,1.23502,-2.55,0.977,1.22661,-0.51573,0.992,60.05765327,-5.51775306,12.91442289,14.04378572
IMG_2124,16/04/2024,South ,Bench 2,2-07D,21,31,Mari,4,double,double,Middle ,17,93.17,81.53,6096.11,31.089,-3.844,8.097,50.916,51.616,75.924,1,1.22011,24.52008,0.9698,1.26193,-2.56974,0.9779,1.25429,-0.43087,0.9925,62.45207979,-7.42059892,9.72511613,12.2328726
IMG_2125,16/04/2024,South ,Bench 2,2-07D,21,31,Mari,4,double,double,Middle ,18,77.8,61.92,3783.13,29.297,-2.314,10.198,40.014,68.575,72.949,1,1.07165,24.29819,0.9386,1.13696,-2.45789,0.9766,1.16161,-0.78484,0.9685,55.69432005,-5.08881544,11.06125878,12.17569252
IMG_2126,16/04/2024,South ,Bench 2,2-07D,21,31,Mari,4,double,double,Middle ,19,96.45,86.85,6802.95,26.355,-4.39,6.417,62.687,50.419,64.967,1,1.18841,24.03369,0.9703,1.22854,-2.4868,0.978,1.22088,-0.53967,0.9921,55.35423555,-7.8800906,7.29471696,10.73818995
IMG_2127,16/04/2024,South ,Bench 2,2-07D,21,31,Mari,4,double,double,Middle ,20,108.99,88.64,7675.96,31.407,-3.937,10.27,47.161,64.049,77.191,1,1.12779,22.96988,0.9659,1.16379,-2.48799,0.9787,1.15526,-0.49387,0.9922,58.39038053,-7.06983123,11.3706502,13.38933156
IMG_2130,16/04/2024,South ,Bench 2,2-04C,21,31,Mari,4,double,double,Middle ,1,145.22,99.58,11092.24,27.201,-2.206,10.492,41.999,78.719,69.002,1,1.33548,26.09418,0.9621,1.4021,-1.65895,0.9817,1.38429,-0.81746,0.9891,62.42057148,-4.7519826,13.70651068,14.50688711
IMG_2133,16/04/2024,South ,Bench 2,2-04C,21,31,Mari,4,double,double,Middle ,2,141.81,94.05,10250.34,30.708,-1.088,11.761,38.733,80.513,78.282,1,1.21345,24.40132,0.9678,1.26306,-1.90638,0.9777,1.25717,-0.88404,0.9916,61.6639426,-3.28058928,13.90153637,14.28338123
IMG_2134,16/04/2024,South ,Bench 2,2-04C,21,31,Mari,4,double,double,Middle ,3,115.94,89.35,8185.61,23.701,-3.926,9.028,66.537,80.313,60.627,1,1.24691,24.75778,0.9699,1.2911,-1.729,0.9776,1.28541,-0.70036,0.9914,54.31079391,-6.7978586,10.90432148,12.84971239
IMG_2135,16/04/2024,South ,Bench 2,2-04C,21,31,Mari,4,double,double,Middle ,4,108.48,82.59,7099.12,31.535,-3.835,9.018,50.117,58.099,77.587,1,1.33469,25.76174,0.9707,1.39318,-2.35931,0.9837,1.37758,-0.57135,0.9909,67.85118915,-7.7021553,11.85166644,14.13453903
IMG_2136,16/04/2024,South ,Bench 2,2-04C,21,31,Mari,4,double,double,Middle ,5,112.84,87.68,7989.31,27.301,-4.523,7.634,57.797,54.555,67.112,1,1.34716,25.75761,0.9685,1.39673,-2.2202,0.9842,1.38504,-0.54768,0.991,62.53642516,-8.53760979,10.02571536,13.16836168
IMG_2137,16/04/2024,South ,Bench 2,2-04C,21,31,Mari,4,double,double,Middle ,6,115.1,93.25,8597.1,34.127,-3.413,9.553,48.298,57.45,83.573,1,1.18859,24.37349,0.9662,1.24193,-2.04868,0.9772,1.23684,-0.551,0.9921,64.93650093,-6.28738709,11.26453252,12.90042361
IMG_2138,16/04/2024,South ,Bench 2,2-04C,21,31,Mari,4,double,double,Middle ,7,103.14,81.99,6597.96,27.511,-2.999,8.882,48.791,63.656,68.305,1,1.12842,23.06165,0.9648,1.16718,-2.39749,0.9786,1.16015,-0.64562,0.9924,54.10561262,-5.89786282,9.6588323,11.31714749
IMG_2139,16/04/2024,South ,Bench 2,2-04C,21,31,Mari,4,double,double,Middle ,8,0,0,0,28.321,-4.976,7.768,60.776,55.281,69.66,1,1.06367,21.07337,0.9659,1.1022,-1.48789,0.9795,1.09181,-1.13601,0.9915,51.19756807,-6.9724372,7.34517008,10.1275073
IMG_2140,16/04/2024,South ,Bench 2,2-04C,21,31,Mari,4,double,double,Middle ,9,100.92,80.71,6676.5,31.946,-5.254,7.347,63.797,49.571,78.255,2,1.13852,23.23309,0.964,1.18056,-2.42943,0.979,1.1712,-0.66589,0.9926,59.60424992,-8.63209224,7.9389164,11.72771973
IMG_2141,16/04/2024,South ,Bench 2,2-04C,21,31,Mari,4,double,double,Middle ,10,92.39,73.09,5362.45,37.722,-2.648,10.526,40.162,56.997,92.606,1,1.14897,23.28492,0.9668,1.18394,-2.42884,0.9786,1.17582,-0.30385,0.9926,66.62636634,-5.56391312,12.07283132,13.29324585
IMG_2142,16/04/2024,South ,Bench 2,2-04C,21,31,Mari,4,double,double,Middle ,11,126.32,91.98,9246.54,32.731,-2.613,10.711,45.284,67.213,81.104,1,1.24367,25.53733,0.9652,1.30436,-1.88346,0.9772,1.29942,-0.49064,0.9918,66.24389277,-5.29175268,13.42744762,14.4325672
IMG_2143,16/04/2024,South ,Bench 2,2-04C,21,31,Mari,4,double,double,Middle ,12,106.04,84.75,7132.41,28.199,-3.975,8.864,53.829,62.951,70.21,1,1.07101,21.93464,0.9657,1.10885,-2.30795,0.979,1.10273,-0.8754,0.992,52.13605099,-6.71562875,8.89919872,11.14878502
IMG_2144,16/04/2024,South ,Bench 2,2-04C,21,31,Mari,4,double,double,Middle ,13,113.18,85.84,8004.7,34.986,-2.458,9.79,42.861,56.549,85.7,1,1.1442,23.43941,0.9636,1.18592,-2.28573,0.9787,1.17805,-0.35091,0.9928,63.4703912,-5.20072136,11.1821995,12.33244049
IMG_2145,16/04/2024,South ,Bench 2,2-04C,21,31,Mari,4,double,double,Middle ,14,98.34,76.07,6033.46,26.424,-1.254,10.319,37.255,77.331,67.189,1,1.17706,24.03438,0.9673,1.21801,-2.52258,0.9774,1.21268,-0.54821,0.9921,55.13701344,-4.04996454,11.96543492,12.63225418
IMG_2146,16/04/2024,South ,Bench 2,2-04C,21,31,Mari,4,double,double,Middle ,15,118.28,80.99,7410.02,32.447,-3.711,9.709,51.657,60.461,79.922,1,1.06901,21.84687,0.9648,1.10791,-2.30165,0.9785,1.09952,-0.85565,0.992,56.53303747,-6.41310401,9.81958968,11.7282669
IMG_2147,16/04/2024,South ,Bench 2,2-04C,21,31,Mari,4,double,double,Middle ,16,100.19,86.28,7046.36,29.309,-6.707,8.33,65.148,59.985,72.486,2,1.19709,24.22294,0.9668,1.23776,-2.52683,0.978,1.23125,-0.56718,0.9921,59.30845081,-10.82848632,9.6891325,14.53049912
IMG_2148,16/04/2024,South ,Bench 2,2-04C,21,31,Mari,4,double,double,Middle ,17,0,0,0,24.469,-4.384,5.565,85.255,57.898,62.126,1,1.0561,21.27157,0.9659,1.08889,-2.30732,0.9809,1.08392,-0.8873,0.9927,47.1132809,-7.08101376,5.1447148,8.752647956
IMG_2149,16/04/2024,South ,Bench 2,2-04C,21,31,Mari,4,double,double,Middle ,18,127.82,87.77,8945.13,26.966,-4.765,5.716,79.426,53.684,67.232,1,1.25434,25.60645,0.9671,1.30754,-2.51642,0.977,1.30156,-0.47554,0.9921,59.43098244,-8.7468481,6.96417696,11.18065796
IMG_2150,16/04/2024,South ,Bench 2,2-04C,21,31,Mari,4,double,double,Middle ,19,107.53,83.41,7172.31,30.936,-1.821,10.929,37.458,70.763,77.518,1,1.14104,23.31641,0.9656,1.18078,-2.46539,0.9786,1.17568,-0.64798,0.9924,58.61562344,-4.61559038,12.20102672,13.04487361
IMG_2151,16/04/2024,South ,Bench 2,2-04C,21,31,Mari,4,double,double,Middle ,20,0,0,0,34.686,-0.093,10.872,31.303,68.803,88.448,1,1.14306,23.21635,0.9669,1.18071,-2.36665,0.979,1.17766,-0.66786,0.9923,62.86452916,-2.47645603,12.13565952,12.38576063
IMG_2152,16/04/2024,South ,Bench 2,2-04C,21,31,Mari,4,double,double,Middle ,21,115.65,86.77,7993.95,28.297,-7.011,6.601,75.381,58.868,70.401,2,1.12398,23.1912,0.9628,1.16776,-2.37036,0.9787,1.16227,-0.70957,0.9924,54.99646206,-10.55752536,6.96257427,12.64669056
IMG_2153,16/04/2024,South ,Bench 2,2-04C,21,31,Mari,4,double,double,Middle ,22,108.79,82.87,7174.16,28.651,-4.029,9.393,50.666,62.902,70.493,1,1.24889,25.41465,0.9668,1.29794,-2.64587,0.9776,1.29305,-0.45722,0.9922,61.19659739,-7.87527026,11.68839865,14.09391871
IMG_2154,16/04/2024,South ,Bench 2,2-04C,21,31,Mari,4,double,double,Middle ,23,99.52,81.34,6542.19,27.685,-3.636,7.73,56.479,56.891,68.38,1,1.07132,21.92314,0.9605,1.10298,-2.48483,0.9789,1.09898,-0.63868,0.9923,51.5826342,-6.49526528,7.8564354,10.19372593
IMG_2155,16/04/2024,South ,Bench 2,2-04C,21,31,Mari,4,double,double,Middle ,24,125.01,89.32,8776.03,32.509,-5.139,7.278,71.417,50.832,80.244,2,1.08629,22.37348,0.9619,1.12366,-2.44103,0.9784,1.11383,-0.35638,0.9927,57.68768161,-8.21551874,7.75007474,11.29417578
IMG_2156,16/04/2024,South ,Bench 2,2-04D,21,31,Mari,4,double,double,Middle ,1,116.31,98.01,8927.78,35.094,-3.875,9.785,48.617,56.02,85.792,1,1.21399,24.43604,0.9822,1.26214,-2.53789,0.9795,1.25419,-0.48879,0.9926,67.03980506,-7.4286825,11.78345915,13.92965302
IMG_2157,16/04/2024,South ,Bench 2,2-04D,21,31,Mari,4,double,double,Middle ,2,138.12,67.64,6964.1,31.287,-6.803,4.614,86.09,48.673,77.238,2,1.19127,24.00365,0.9818,1.23477,-2.55048,0.9802,1.2338,-0.74051,0.9923,61.27491449,-10.95062031,4.9522432,12.01835254
IMG_2158,16/04/2024,South ,Bench 2,2-04D,21,31,Mari,4,double,double,Middle ,3,122.12,92.04,8844.61,30.368,-3.881,6.833,57.589,46.674,74.22,1,1.19686,23.99716,0.9813,1.23608,-2.59464,0.9783,1.22692,-0.34875,0.9921,60.34340448,-7.39186648,8.03479436,10.91776582
IMG_2159,16/04/2024,South ,Bench 2,2-04D,21,31,Mari,4,double,double,Middle ,4,119.34,89.86,8377.29,26.286,-5.369,6.641,69.274,55.286,65.429,2,1.14575,24.45528,0.966,1.20466,-1.88978,0.9773,1.20983,-0.92656,0.9928,54.5724645,-8.35759954,7.10792103,10.97141793
IMG_2160,16/04/2024,South ,Bench 2,2-04D,21,31,Mari,4,double,double,Middle ,5,122.35,72.75,6969.7,38.023,-4.134,6.494,59.085,36.556,91.984,1,1.10169,23.6178,0.9606,1.15901,-2.24929,0.9777,1.15248,-0.46027,0.9929,65.50735887,-7.04063734,7.02393512,9.945161574
IMG_2161,16/04/2024,South ,Bench 2,2-04D,21,31,Mari,4,double,double,Middle ,6,114.17,88.17,8035.02,32.802,-4.211,8.74,54.074,56.197,80.862,1,1.08544,23.21311,0.9606,1.14151,-2.38289,0.9786,1.13488,-0.52171,0.9932,58.81771288,-7.18978861,9.3971412,11.83213096
IMG_2162,16/04/2024,South ,Bench 2,2-04D,21,31,Mari,4,double,double,Middle ,7,99.28,75.08,5840.75,30.08,-0.678,9.841,55.746,71.546,76.833,1,1.13338,26.00289,0.941,1.22274,-2.16188,0.9757,1.22925,-0.48612,0.9921,60.0949604,-2.99089772,11.61092925,11.98996027
IMG_2163,16/04/2024,South ,Bench 2,2-04D,21,31,Mari,4,double,double,Middle ,8,133.09,100.53,10646.91,31.792,-6.404,7.558,70.164,53.472,78.523,2,1.21282,24.5747,0.9756,1.2613,-2.56209,0.9783,1.24987,-0.21323,0.9925,63.13267344,-10.6394552,9.23328746,14.0872852
IMG_2164,16/04/2024,South ,Bench 2,2-04D,21,31,Mari,4,double,double,Middle ,9,91.79,82.29,5684.27,36.255,0.485,10.551,30.056,66.338,92.823,1,1.27811,25.78719,0.9802,1.33316,-2.34677,0.9777,1.32555,-0.33041,0.9918,72.12506805,-1.7001874,13.65546805,13.76090276
IMG_2165,16/04/2024,South ,Bench 2,2-04D,21,31,Mari,4,double,double,Middle ,10,121.05,95.65,9091.49,36.137,-0.522,11.917,32.84,72.014,92.097,1,1.2191,24.84537,0.9764,1.271,-2.53195,0.9781,1.25604,-0.03796,0.9922,68.8999867,-3.195412,14.93026868,15.26838501
IMG_2166,16/04/2024,South ,Bench 2,2-04D,21,31,Mari,4,double,double,Middle ,11,101.57,90.44,7334.21,27.179,-3.448,7.377,50.981,53.83,66.889,1,1.19018,24.47378,0.9749,1.23632,-2.52473,0.9786,1.23457,-0.64004,0.9924,56.82168222,-6.78756136,8.46738289,10.8520764
IMG_2167,16/04/2024,South ,Bench 2,2-04D,21,31,Mari,4,double,double,Middle ,12,110.95,90.18,7914.41,30.97,-5.178,7.872,60.928,53.834,76.108,2,1.20628,24.74705,0.9764,1.26106,-2.48431,0.9785,1.25679,-0.57619,0.9926,62.1055416,-9.01407868,9.31726088,12.96398722
IMG_2168,16/04/2024,South ,Bench 2,2-04D,21,31,Mari,4,double,double,Middle ,13,120.18,94.44,9090.72,33.802,-1.685,9.5,36.447,57.371,83.345,1,1.13904,23.51001,0.9707,1.18343,-2.49196,0.9777,1.18069,-0.54682,0.9925,62.01184008,-4.48603955,10.669735,11.57444581
IMG_2169,16/04/2024,South ,Bench 2,2-04D,21,31,Mari,4,double,double,Middle ,14,118.43,99.09,9201.95,36.785,-2.833,7.827,47.478,44.298,89.337,1,1.14575,23.55359,0.971,1.18827,-2.42655,0.9777,1.18051,-0.34605,0.9926,65.70000375,-5.79291891,8.89380177,10.61402937
IMG_2170,16/04/2024,South ,Bench 2,2-04D,21,31,Mari,4,double,double,Middle ,15,113.8,84.14,7527.65,25.78,-5.354,5.467,73.786,56.241,64.249,2,1.12931,23.00364,0.9736,1.16895,-2.38452,0.9797,1.16189,-0.46875,0.9928,52.1172518,-8.6430783,5.88330263,10.45543171
IMG_2171,16/04/2024,South ,Bench 2,2-04D,21,31,Mari,4,double,double,Middle ,16,110.49,93.44,8324.02,31.373,-4.53,9.199,52.423,58.453,76.906,1,1.21749,24.6818,0.9775,1.26542,-2.559,0.9774,1.2559,-0.32381,0.9923,62.87811377,-8.2913526,11.2292141,13.95857361
IMG_2172,16/04/2024,South ,Bench 2,2-04D,21,31,Mari,4,double,double,Middle ,17,136.6,94.39,9933.78,22.319,-2.994,7.604,58.055,66.061,56.313,1,1.16454,23.72301,0.9769,1.20669,-2.45918,0.9789,1.19946,-0.52349,0.9923,49.71437826,-6.07200986,8.59720384,10.52526568
IMG_2173,16/04/2024,South ,Bench 2,2-04D,21,31,Mari,4,double,double,Middle ,18,111.51,89.53,7765.62,28.053,-6.135,5.97,76.575,53.031,69.516,2,1.10965,22.41307,0.9745,1.14602,-2.56895,0.9791,1.13491,-0.34474,0.9929,53.54208145,-9.5997827,6.4306727,11.55462588
IMG_2174,16/04/2024,South ,Bench 2,2-04D,21,31,Mari,4,double,double,Middle ,19,109.65,88.54,7778.62,26.15,-2.438,7.457,48.733,56.102,64.712,1,1.15032,22.64829,0.9744,1.1783,-1.68568,0.9807,1.18632,-0.95968,0.9922,52.729158,-4.5583754,7.88670824,9.10927841
IMG_2175,16/04/2024,South ,Bench 2,2-04D,21,31,Mari,4,double,double,Middle ,20,115.79,95.8,8947.21,29.745,-5.5,6.197,68.562,44.839,72.858,2,1.18427,24.07514,0.9777,1.22331,-2.49,0.9776,1.22122,-0.39233,0.9923,59.30125115,-9.218205,7.17557034,11.68178553
IMG_2176,16/04/2024,South ,Bench 2,2-03A,21,31,Pink,1,single,single,Middle ,1,101.99,89.92,7344.35,27.217,-5.914,12.015,53.63,86.553,68.464,2,1.1085,21.83228,0.9808,1.13299,-2.52899,0.9813,1.12622,-0.53043,0.9924,52.0023245,-9.22949286,13.0011033,15.94403417
IMG_2177,16/04/2024,South ,Bench 2,2-03A,21,31,Pink,1,single,single,Middle ,2,121.4,95.8,9269.39,24.554,-7.599,15.162,52.651,112.191,62.174,2,1.12267,22.32954,0.982,1.14976,-2.41425,0.9815,1.14714,-0.55365,0.9922,49.89557918,-11.15127624,16.83928668,20.19684475
IMG_2178,16/04/2024,South ,Bench 2,2-03A,21,31,Pink,1,single,single,Middle ,3,119.28,106.1,9629.1,31.254,-2.446,15.233,37.828,95.758,79.215,1,1.14036,22.69013,0.9833,1.16874,-2.59575,0.9809,1.16512,-0.47045,0.9922,58.33094144,-5.45448804,17.27782296,18.11834998
IMG_2179,16/04/2024,South ,Bench 2,2-03A,21,31,Pink,1,single,single,Middle ,4,124.8,91,9177.91,32.554,-3.469,16.899,42.986,102.278,82.572,1,1.10041,21.66035,0.9758,1.13493,-1.70504,0.9804,1.12917,-1.20165,0.9913,57.48309714,-5.64211217,17.88019383,18.74926028
IMG_2180,16/04/2024,South ,Bench 2,2-03A,21,31,Pink,1,single,single,Middle ,5,127.65,87.94,8525.26,19.514,-1.978,7.409,42.052,70.297,49.934,1,1.10174,21.79287,0.9821,1.12624,-2.50491,0.9818,1.12574,-0.94165,0.9919,43.29222436,-4.73261272,7.39895766,8.783063111
IMG_2181,16/04/2024,South ,Bench 2,2-03A,21,31,Pink,1,single,single,Middle ,6,104.98,100.45,8433.87,23.897,-5.238,9.905,57.637,79.402,60.241,2,1.21089,24.55315,0.9855,1.25777,-2.69924,0.9798,1.25712,-0.63567,0.9915,53.48978833,-9.28743926,11.8161036,15.02919932
IMG_2182,16/04/2024,South ,Bench 2,2-03A,21,31,Pink,1,single,single,Middle ,7,116.72,98.23,9572.16,24.802,-2.789,14.325,38.644,105.286,63.491,1,1.19093,24.01149,0.9853,1.23081,-2.59939,0.9794,1.22665,-0.37653,0.9919,53.54893586,-6.03211909,17.19523125,18.22258046
IMG_2183,16/04/2024,South ,Bench 2,2-03A,21,31,Pink,1,single,single,Middle ,8,116.23,95.51,8587.96,30.453,-2.848,11.13,42.323,73.203,75.722,1,1.17392,23.42438,0.984,1.20895,-2.69305,0.9811,1.20308,-0.44276,0.992,59.17376576,-6.1361396,12.9475204,14.32796195
IMG_2184,16/04/2024,South ,Bench 2,2-03A,21,31,Pink,1,single,single,Middle ,9,106.17,84.57,7311.94,31.531,-1.932,15.493,35.189,97.388,80.444,1,1.11345,22.41338,0.9808,1.14575,-2.59418,0.9819,1.14433,-0.76802,0.992,57.52157195,-4.807769,16.96108469,17.6293232
IMG_2185,16/04/2024,South ,Bench 2,2-03A,21,31,Pink,1,single,single,Middle ,10,123.31,85.6,8575.72,28.384,-4.556,12.657,48.362,84.584,70.705,1,1.21105,24.27948,0.9851,1.25489,-2.66564,0.9804,1.25291,-0.69095,0.9921,58.6539232,-8.38291884,15.16713187,17.32960523
IMG_2186,16/04/2024,South ,Bench 2,2-03A,21,31,Pink,1,single,single,Middle ,11,107.97,106.19,8970.18,29.211,-4.475,10.912,48.308,72.064,71.821,1,1.13011,22.13238,0.9773,1.16285,-1.63715,0.9811,1.16139,-1.23603,0.9919,55.14402321,-6.84090375,11.43705768,13.32682455
IMG_2187,16/04/2024,South ,Bench 2,2-03A,21,31,Pink,1,single,single,Middle ,12,114.83,114.3,10236.36,25.399,-6.569,13.488,52.868,100.667,64.366,2,1.08707,21.40787,0.98,1.10975,-2.51536,0.9806,1.103,-0.53079,0.9922,49.01836093,-9.80530775,14.346474,17.37715098
IMG_2188,16/04/2024,South ,Bench 2,2-03A,21,31,Pink,1,single,single,Middle ,13,88.25,73.68,5401.82,31.565,-2.774,13.013,41.747,83.315,80.287,1,1.08952,21.31083,0.9795,1.10572,-2.36604,0.9817,1.10618,-0.49499,0.9925,55.7015288,-5.43330728,13.89973034,14.9239181
IMG_2189,16/04/2024,South ,Bench 2,2-03A,21,31,Pink,1,single,single,Middle ,14,106.98,97.99,8442.93,26.002,-9.59,14.911,60.684,108.991,66.042,2,0.99798,19.43516,0.9791,0.99277,-1.95154,0.97,1.01708,-1.27225,0.9928,45.38463596,-11.4722043,13.89342988,18.01773752
IMG_2190,16/04/2024,South ,Bench 2,2-03A,21,31,Pink,1,single,single,Middle ,15,106.44,82.88,7253.64,25.483,-5.321,17.416,45.675,122.274,64.438,2,1.05681,20.92549,0.9811,1.07831,-2.39531,0.981,1.07677,-0.75894,0.9922,47.85617923,-8.13299751,17.99408632,19.74671595
IMG_2191,16/04/2024,South ,Bench 2,2-03A,21,31,Pink,1,single,single,Middle ,16,114.45,92.46,8387.05,25.033,-6.566,13.219,53.187,96.511,62.858,2,1.04975,20.53337,0.9815,1.0669,-2.36676,0.9814,1.0695,-1.10321,0.992,46.81176175,-9.3720254,13.0345105,16.054075
IMG_2192,16/04/2024,South ,Bench 2,2-03A,21,31,Pink,1,single,single,Middle ,17,104.91,83.84,7000.71,24.208,-4.201,14.159,44.131,105.598,61.304,2,0.99191,19.18934,0.9803,0.98032,-1.91813,0.9677,1.00279,-1.17246,0.9919,43.20149728,-6.03645432,13.02604361,14.35676123
IMG_2193,16/04/2024,South ,Bench 2,2-03A,21,31,Pink,1,single,single,Middle ,18,118.52,91.32,8569.1,27.754,-4.892,16.951,43.283,113.516,69.762,2,1.19731,23.98709,0.9848,1.23218,-2.58249,0.9797,1.23154,-0.41834,0.9923,57.21723174,-8.61031456,20.45749454,22.19564371
IMG_2194,16/04/2024,South ,Bench 2,2-03A,21,31,Pink,1,single,single,Middle ,19,113.71,98.02,9139.17,34.207,-4.643,16.545,43.485,95.674,86.545,1,1.09845,21.4,0.9814,1.1155,-2.59286,0.9812,1.11114,-0.46067,0.9925,58.97467915,-7.7721265,17.9231413,19.53573506
IMG_2195,16/04/2024,South ,Bench 2,2-03A,21,31,Pink,1,single,single,Middle ,20,107.19,87.91,7383.22,32.967,-5.673,15.151,47.341,88.765,82.084,2,1.08808,21.44592,0.9803,1.11412,-2.5114,0.981,1.10493,-0.5128,0.9927,57.31665336,-8.83180276,16.22799443,18.47562024
IMG_2196,16/04/2024,South ,Bench 2,2-03A,21,31,Pink,1,single,single,Middle ,21,126.84,98.36,9878.36,29.027,-5.478,8.136,62.942,58.245,71.825,2,1.18449,23.68401,0.9845,1.22192,-2.56614,0.9809,1.21543,-0.40262,0.9924,58.06620123,-9.25981776,9.48611848,13.25634447
IMG_2197,16/04/2024,South ,Bench 2,2-03A,21,31,Pink,1,single,single,Middle ,22,103.59,78.39,6327.37,28.298,-4.061,15.403,41.641,102.457,70.852,1,1.10177,21.83998,0.9828,1.12457,-2.47153,0.9801,1.12123,-0.53588,0.9922,53.01786746,-7.03840877,16.73442569,18.15434387
IMG_2198,16/04/2024,South ,Bench 2,2-03A,21,31,Pink,1,single,single,Middle ,23,112,89.71,8223.86,28.586,-5.774,13.364,50.867,88.826,71.204,2,1.16872,23.16996,0.9853,1.19675,-2.56483,0.9801,1.19796,-0.40893,0.9923,56.57898992,-9.4748645,15.60060744,18.25245216
IMG_2199,16/04/2024,South ,Bench 2,2-03A,21,31,Pink,1,single,single,Middle ,24,110.01,95.25,8436.7,25.154,-4.227,8.108,56.04,63.415,62.326,2,1.21407,24.37239,0.9859,1.25906,-2.62122,0.9796,1.25243,-0.42625,0.9918,54.91110678,-7.94326662,9.72845244,12.55938977
IMG_2200,16/04/2024,South ,Bench 2,2-03A,21,31,Pink,1,single,single,Middle ,25,129.88,95.98,10189.59,30.401,-1.847,18.064,37.151,116.362,80.123,1,1.19953,24.02149,0.9852,1.23901,-2.58213,0.979,1.23502,-0.40473,0.992,60.48840153,-4.87058147,21.90467128,22.4396343
IMG_2201,16/04/2024,South ,Bench 2,2-03B,21,31,Pink,1,single,single,Middle ,1,118.24,102.67,9492.92,25.442,-8.698,12.275,62.581,92.396,64.366,2,1.04188,20.8865,0.9775,1.07269,-1.57301,0.9825,1.07544,-0.6668,0.993,47.39401096,-10.90326762,12.534226,16.61288856
IMG_2202,16/04/2024,South ,Bench 2,2-03B,21,31,Pink,1,single,single,Middle ,2,110.63,85.75,7669.99,21.146,-3.18,10.096,46.936,87.253,54.081,1,0.98758,19.39664,0.9777,0.98718,-2.198,0.9673,1.00098,-0.84273,0.993,40.28000668,-5.3372324,9.26316408,10.69075575
IMG_2203,16/04/2024,South ,Bench 2,2-03B,21,31,Pink,1,single,single,Middle ,3,105.97,88.59,7678.19,29.892,-5.638,12.211,51.199,79.119,74.052,2,1.05702,20.90966,0.9784,1.08001,-2.32815,0.9809,1.07499,-0.81591,0.9921,52.50610184,-8.41724638,12.31079289,14.91327121
IMG_2204,16/04/2024,South ,Bench 2,2-03B,21,31,Pink,1,single,single,Middle ,4,117.66,106.82,9977.55,23.871,-4.068,10.651,53.578,83.903,60.556,1,1.16692,23.5438,0.9829,1.20074,-2.64744,0.9786,1.19823,-0.45551,0.9918,51.39934732,-7.53205032,12.30683773,14.42879194
IMG_2205,16/04/2024,South ,Bench 2,2-03B,21,31,Pink,1,single,single,Middle ,5,120.06,102.62,9884.46,24.861,-6.292,15.062,50.701,111.581,63.964,2,1.15493,23.25641,0.9822,1.18772,-2.49558,0.9807,1.18868,-0.56269,0.9923,51.96912473,-9.96871424,17.34120816,20.00231897
IMG_2206,16/04/2024,South ,Bench 2,2-03B,21,31,Pink,1,single,single,Middle ,6,109.72,109.25,9172.8,25.86,-3.21,12.06,42.279,86.289,65.033,1,1.1707,23.51121,0.9827,1.2012,-2.48203,0.9796,1.20178,-0.48271,0.9923,53.785512,-6.337882,14.0107568,15.37758285
IMG_2207,16/04/2024,South ,Bench 2,2-03B,21,31,Pink,1,single,single,Middle ,7,111.42,83.87,7484.82,29.246,-6.354,17.778,46.979,114.21,73.623,2,1.02633,21.12438,0.9611,1.06759,-1.54085,0.982,1.06578,-0.85975,0.9932,51.14042718,-8.32431686,18.08768684,19.91126983
IMG_2208,16/04/2024,South ,Bench 2,2-03B,21,31,Pink,1,single,single,Middle ,8,108.06,85.41,7371.55,28.09,-4.226,15.331,50.024,103.105,71.321,2,1.17278,26.10659,0.9518,1.25159,-2.23357,0.9748,1.25743,-0.54797,0.9923,59.0499802,-7.52278934,18.72968933,20.1839942
IMG_2209,16/04/2024,South ,Bench 2,2-03B,21,31,Pink,1,single,single,Middle ,9,99.55,94.27,7533.59,24.248,-4.854,13.763,44.969,101.974,60.992,2,1.19607,26.78844,0.9469,1.28754,-2.20465,0.976,1.29474,-0.49912,0.9927,55.79074536,-8.45436916,17.32038662,19.27361281
IMG_2210,16/04/2024,South ,Bench 2,2-03B,21,31,Pink,1,single,single,Middle ,10,107.67,90.71,7897.83,26.463,-7.781,17.066,52.148,118.098,67.262,2,1.02527,24.36265,0.9315,1.10395,-2.03258,0.9765,1.11132,-0.77524,0.9909,51.49437001,-10.62241495,18.19054712,21.06494016
IMG_2211,16/04/2024,South ,Bench 2,2-03B,21,31,Pink,1,single,single,Middle ,11,112.11,80.78,7080.26,25.696,-5.134,10.713,53.847,81.616,65.159,2,1.04468,24.06416,0.94,1.11446,-2.09334,0.9748,1.11737,-0.69956,0.9911,50.90825728,-7.81497764,11.27082481,13.71515102
IMG_2212,16/04/2024,South ,Bench 2,2-03B,21,31,Pink,1,single,single,Middle ,12,98,84.89,6653.05,34.697,-1.599,18.739,35.104,107.893,90.247,1,1.04604,26.64951,0.9134,1.17057,-1.98936,0.9731,1.1772,-0.64246,0.9888,62.94395988,-3.86110143,21.4170908,21.76235012
IMG_2213,16/04/2024,South ,Bench 2,2-03B,21,31,Pink,1,single,single,Middle ,13,103.73,83.16,7050.02,26.049,-5.205,10.205,56.359,77.91,65.521,1,1.16585,26.06351,0.9494,1.24377,-2.22557,0.9745,1.24988,-0.44616,0.9924,56.43273665,-8.69939285,12.3088654,15.07274372
IMG_2214,16/04/2024,South ,Bench 2,2-03B,21,31,Pink,1,single,single,Middle ,14,116.57,88.54,8205.12,26.997,-3.975,13.878,43.737,96.422,68.165,2,1.05264,26.0446,0.9238,1.16089,-2.01395,0.9747,1.16955,-0.66803,0.9898,54.46272208,-6.62848775,15.5629849,16.91577219
IMG_2215,16/04/2024,South ,Bench 2,2-03B,21,31,Pink,1,single,single,Middle ,15,95.26,94.27,6841.37,27.159,-7.473,12.46,60.347,89.654,68.807,2,1.06129,24.76637,0.9405,1.1412,-2.21773,0.9758,1.14501,-0.70502,0.9915,53.58994511,-10.7459176,13.5618046,17.30310056
IMG_2216,16/04/2024,South ,Bench 2,2-03B,21,31,Pink,1,single,single,Middle ,16,117.53,91.22,8726.93,25.415,-3.885,7.325,57.012,62.869,63.358,1,1.16792,24.76627,0.9659,1.22102,-2.42632,0.9769,1.22177,-0.44961,0.9928,54.4489568,-7.1699827,8.49985525,11.12008054
IMG_2217,16/04/2024,South ,Bench 2,2-03B,21,31,Pink,1,single,single,Middle ,17,117.36,86.3,8069.53,24.596,-6.84,11.794,55.277,89.91,61.991,2,1.12654,26.17313,0.9404,1.21465,-2.23551,0.9737,1.22432,-0.52711,0.9914,53.88150784,-10.543716,13.91252008,17.45646476
IMG_2218,16/04/2024,South ,Bench 2,2-03B,21,31,Pink,1,single,single,Middle ,18,108,94.32,8270.89,21.826,-4.417,10.458,49.742,86.334,55.318,1,1.14335,25.20295,0.9539,1.20949,-2.2646,0.9753,1.2135,-0.5679,0.9925,50.1577071,-7.60691733,12.122883,14.31186513
IMG_2219,16/04/2024,South ,Bench 2,2-03B,21,31,Pink,1,single,single,Middle ,19,115.76,83.26,7638.53,27.12,-4.432,15.726,45.765,111.953,70.573,2,0.96432,18.81459,0.9713,0.95585,-1.85161,0.9671,0.97522,-0.79913,0.9934,44.9669484,-6.0879372,14.53717972,15.76047504
IMG_2220,16/04/2024,South ,Bench 2,2-03B,21,31,Pink,1,single,single,Middle ,20,94.88,86.76,6702.75,26.985,-7.273,11.274,60.8,79.807,67.405,2,1.18326,25.00771,0.9674,1.23672,-2.40325,0.9763,1.23686,-0.41396,0.9931,56.9379811,-11.39791456,13.53039964,17.69135865
IMG_2221,16/04/2024,South ,Bench 2,2-03B,21,31,Pink,1,single,single,Middle ,21,111.82,83.81,7495.9,24.461,-8.154,7.084,76.393,76.863,62.06,2,1.16211,25.32199,0.9589,1.22322,-2.2748,0.9762,1.22953,-0.543,0.9926,53.74836271,-12.24893588,8.16699052,14.72196197
IMG_2224,15/04/2024,South ,Bench 2,2-03C,21,31,Mari,4,single,single,Middle ,1,127.24,100.63,10452.93,29.868,-4.106,9.256,49.458,60.726,73.216,1,1.19006,24.22369,0.9867,1.23544,-2.57254,0.9794,1.23575,-0.63729,0.9922,59.76840208,-7.64525664,10.800812,13.23281863
IMG_2225,15/04/2024,North,Bench 2,2-03C,21,31,Mari,4,single,single,Middle ,2,90.67,67.36,4852.74,27.712,-2.774,12.571,40.447,85.985,69.533,1,1.1525,23.27445,0.9854,1.18573,-2.47502,0.9807,1.18943,-0.8437,0.9917,55.21253,-5.76423502,14.10862453,15.24072477
IMG_2226,15/04/2024,North,Bench 2,2-03C,21,31,Mari,4,single,single,Middle ,3,117.81,97.29,8960.56,30.666,-5.95,10.21,57.55,66.712,75.448,2,1.08731,21.90798,0.9839,1.11515,-2.6662,0.9804,1.1106,-0.75379,0.9912,55.25142846,-9.3013425,10.585436,14.09136003
IMG_2227,15/04/2024,North,Bench 2,2-03C,21,31,Mari,4,single,single,Middle ,4,113.48,86.87,8039.32,24.205,-6.526,8.663,63.822,69.8,60.648,2,1.15071,23.59891,0.9855,1.18911,-2.54687,0.9808,1.19494,-0.75303,0.9918,51.45184555,-10.30700186,9.59873522,14.0843887
IMG_2228,15/04/2024,North,Bench 2,2-03C,21,31,Mari,4,single,single,Middle ,5,114.15,96.27,8791.04,26.332,-7.405,6.159,79.414,56.534,65.698,2,1.1199,22.89986,0.9853,1.15358,-2.52193,0.9803,1.15574,-0.79751,0.9912,52.3890668,-11.0641899,6.32069266,12.74234884
IMG_2229,15/04/2024,North,Bench 2,2-03C,21,31,Mari,4,single,single,Middle ,6,120.58,100.7,9866.1,29.142,-7.159,8.149,69.433,62.793,72.318,2,1.18839,24.68395,0.9782,1.24349,-2.52495,0.9777,1.24015,-0.45197,0.9921,59.31601138,-11.42709491,9.65401235,14.95922633
IMG_2230,15/04/2024,North,Bench 2,2-03C,21,31,Mari,4,single,single,Middle ,7,116.8,94.16,8789.75,27.155,-6.33,11.136,57.502,80.535,68.169,2,1.11257,22.2377,0.9841,1.14697,-2.54342,0.9824,1.14402,-0.77271,0.9923,52.44953835,-9.8037401,11.96709672,15.47012359
IMG_2231,15/04/2024,North,Bench 2,2-03C,21,31,Mari,4,single,single,Middle ,8,99.33,79.91,6307.39,31.731,-2.642,10.634,40.71,65.637,77.788,1,1.16134,23.54005,0.9853,1.19732,-2.51501,0.9796,1.20045,-0.59741,0.9917,60.39052954,-5.67832944,12.1681753,13.42787829
IMG_2232,15/04/2024,North,Bench 2,2-03C,21,31,Mari,4,single,single,Middle ,9,100.53,91.88,7658.22,20.07,-4.611,8.584,57.461,80.772,51.908,1,1.23231,25.40692,0.9878,1.29148,-2.69425,0.9787,1.28821,-0.57691,0.9914,50.1393817,-8.64926428,10.48108464,13.5890731
IMG_2233,15/04/2024,North,Bench 2,2-03C,21,31,Mari,4,single,single,Middle ,10,103.62,85.15,7095.94,23.696,-5.734,7.998,64.834,68.416,59.823,2,1.10283,22.62026,0.9846,1.13692,-2.47877,0.9798,1.13738,-0.88396,0.9916,48.75291968,-8.99786928,8.21280524,12.18243906
IMG_2234,15/04/2024,North,Bench 2,2-03C,21,31,Mari,4,single,single,Middle ,11,111.91,89.56,7711.08,27.912,-6.05,7.906,63.166,57.329,68.889,2,1.08431,21.33344,0.9805,1.10459,-2.44301,0.9819,1.10268,-0.96731,0.9919,51.59870072,-9.1257795,7.75047808,11.97287609
IMG_2235,15/04/2024,North,Bench 2,2-03C,21,31,Mari,4,single,single,Middle ,12,106.53,85.55,7155.16,25.089,-5.183,7.585,66.408,63.972,62.697,2,1.04767,21.29692,0.9831,1.07534,-2.4992,0.9803,1.07476,-0.9945,0.9914,47.58191263,-8.07268722,7.1575546,10.78883065
IMG_2236,15/04/2024,North,Bench 2,2-03C,21,31,Mari,4,single,single,Middle ,13,93.64,87.38,6423.9,28.127,-4.829,9.99,51.336,68.189,69.337,1,1.01448,19.9233,0.9785,1.03706,-1.72903,0.9817,1.03438,-1.18348,0.992,48.45757896,-6.73699274,9.1499762,11.3626201
IMG_2237,15/04/2024,North,Bench 2,2-03C,21,31,Mari,4,single,single,Middle ,14,115.12,100.25,8953.77,17.072,-6.151,6.114,79.769,75.634,45.19,2,0.99342,20.11414,0.9782,0.98802,-2.2004,0.9652,1.01138,-0.88721,0.9922,37.07380624,-8.27771102,5.29636732,9.827105704
IMG_2238,15/04/2024,North,Bench 2,2-03C,21,31,Mari,4,single,single,Middle ,15,125.26,92.14,9072.96,29.577,-4.549,10.572,51.232,72.063,73.43,1,1.10389,22.58986,0.9836,1.1382,-2.50601,0.9803,1.13798,-0.85863,0.9916,55.23961453,-7.6836818,11.17209456,13.55930171
IMG_2239,15/04/2024,North,Bench 2,2-03C,21,31,Mari,4,single,single,Middle ,16,104.54,88.26,7325.63,25.601,-7.453,9.165,66.928,78.913,64.604,2,1.10826,22.56355,0.9844,1.14016,-2.60277,0.9804,1.1402,-0.7671,0.9915,50.93611426,-11.10038248,9.682833,14.73009661
IMG_2240,15/04/2024,North,Bench 2,2-03C,21,31,Mari,4,single,single,Middle ,17,87.58,68.67,4890.63,20.168,-5.089,4.111,82.845,53.642,51.354,2,1.10909,22.59335,0.9846,1.14105,-2.53313,0.9806,1.14132,-0.78193,0.9917,44.96147712,-8.33993345,3.91003652,9.211019245
IMG_2241,15/04/2024,North,Bench 2,2-03C,21,31,Mari,4,single,single,Middle ,18,80.11,70.48,4578.93,27.23,-3.529,8.867,57.854,68.529,68.333,1,1.1253,23.12077,0.9835,1.16374,-2.62629,0.979,1.16012,-0.6881,0.9918,53.762689,-6.73312846,9.59868404,11.72474964
IMG_2242,15/04/2024,North,Bench 2,2-03C,21,31,Mari,4,single,single,Middle ,19,110.77,91.44,8281.92,26.916,-5.449,9.934,71.909,79.544,68.39,1,1.13533,23.24829,0.9842,1.17513,-2.57916,0.9802,1.17229,-0.82255,0.9915,53.80683228,-8.98244337,10.82297886,14.06489105
IMG_2243,15/04/2024,North,Bench 2,2-03C,21,31,Mari,4,single,single,Middle ,20,110.2,90.1,8032.48,17.812,-2.617,5.671,57.965,58.711,45.959,1,1.05156,20.89786,0.9837,1.0786,-2.43353,0.9811,1.07443,-0.87732,0.9922,39.62824672,-5.2562262,5.21577253,7.404876565
IMG_2244,15/04/2024,North,Bench 2,2-03C,21,31,Mari,4,single,single,Middle ,21,121.56,101.36,10367.47,25.835,-7.387,15.861,52.551,112.67,65.357,2,1.25186,25.47682,0.9868,1.30244,-2.42124,0.9791,1.30538,-0.42803,0.9916,57.8186231,-12.04236428,20.27660218,23.58302638
IMG_2245,15/04/2024,North,Bench 2,2-03C,21,31,Mari,4,single,single,Middle ,22,108.53,88.68,7932.36,18.632,-4.774,10.266,50.555,94.944,47.738,2,1.24666,25.52443,0.9869,1.30377,-2.35765,0.9801,1.30948,-0.80916,0.9913,48.75219912,-8.58184798,12.63396168,15.27301877
IMG_2246,15/04/2024,North,Bench 2,2-03C,21,31,Mari,4,single,single,Middle ,23,103.21,85.97,7152.99,29.943,0.624,15.458,29.892,106.849,80.008,1,1.24457,25.81954,0.987,1.30464,-2.51549,0.9805,1.31106,-0.72257,0.991,63.08569951,-1.70139464,19.54379548,19.61771356
IMG_2247,16/04/2024,South ,Bench 2,2-03D,21,31,Mari,4,single,single,Middle ,1,135.51,104.45,11096.33,27.322,-4.27,17.173,41.715,119.668,69.654,1,1.22481,25.13292,0.9877,1.28152,-2.6093,0.9797,1.2748,-0.30041,0.9916,58.59717882,-8.0813904,21.5917304,23.05453735
IMG_2248,16/04/2024,South ,Bench 2,2-03D,21,31,Mari,4,single,single,Middle ,2,133.5,99.86,10382.53,23.918,-5.361,10.461,56.461,84.949,60.727,2,1.14123,23.17203,0.9837,1.1796,-2.63733,0.9805,1.17897,-0.80327,0.9919,50.46796914,-8.9611656,11.52993517,14.60280432
IMG_2249,16/04/2024,South ,Bench 2,2-03D,21,31,Mari,4,single,single,Middle ,3,113.96,98.86,8983.35,20.566,-2.448,10.787,48.401,92.292,53.815,1,1.22045,24.91654,0.987,1.27155,-2.52434,0.98,1.27344,-0.63842,0.9915,50.0163147,-5.6370944,13.09817728,14.25970131
IMG_2250,16/04/2024,South ,Bench 2,2-03D,21,31,Mari,4,single,single,Middle ,4,125.65,102.66,10582.31,34.528,-0.138,16.881,31.831,102.023,90.794,1,1.19449,24.17166,0.9864,1.23389,-2.24497,0.9799,1.23945,-0.6238,0.9919,65.41501072,-2.41524682,20.29935545,20.44253529
IMG_2252,16/04/2024,South ,Bench 2,2-03D,21,31,Mari,4,single,single,Middle ,5,113.42,111.35,9551.61,32.413,0.059,16.396,32.725,104.063,85.683,1,1.12777,23.09157,0.9851,1.16941,-2.53525,0.9803,1.16848,-0.82381,0.9916,59.64597901,-2.46625481,18.33458808,18.4997171
IMG_2253,16/04/2024,South ,Bench 2,2-03D,21,31,Mari,4,single,single,Middle ,6,133.79,93.07,9756.53,28.15,-1.513,15.786,34.61,108.657,73.038,1,1.22729,25.35921,0.9858,1.28238,-2.38247,0.9795,1.28558,-0.48473,0.9914,59.9074235,-4.32271094,19.80943588,20.27559074
IMG_2254,16/04/2024,South ,Bench 2,2-03D,21,31,Mari,4,single,single,Middle ,7,137.41,114.21,12354.42,22.265,-6.498,10.365,68.572,91.844,57.523,2,1.19889,24.88759,0.9857,1.24847,-2.6452,0.9785,1.25075,-0.75037,0.9913,51.58087585,-10.75775806,12.21365375,16.27583167
IMG_2255,16/04/2024,South ,Bench 2,2-03D,21,31,Mari,4,single,single,Middle ,8,102.16,94.7,7552.15,27.457,-6.225,10.8,55.973,75.753,68.206,2,1.08633,22.06118,0.9836,1.11396,-2.53171,0.9808,1.11445,-0.88878,0.9914,51.88854281,-9.466111,11.14728,14.62426439
IMG_2257,16/04/2024,South ,Bench 2,2-03D,21,31,Mari,4,single,single,Middle ,9,125.47,107.23,10533.97,23.938,-5.539,18.944,44.032,141.372,61.323,2,1.10544,22.50505,0.9852,1.13518,-2.50374,0.9803,1.13804,-0.87233,0.9915,48.96707272,-8.79150202,20.68669976,22.47732312
IMG_2259,16/04/2024,South ,Bench 2,2-03D,21,31,Mari,4,single,single,Middle ,10,126.46,120.32,11931.36,33.309,-0.784,16.5,32.614,101.552,86.533,1,1.10042,22.15476,0.9837,1.13032,-2.1934,0.9814,1.13296,-0.89653,0.9922,58.80864978,-3.07957088,17.79731,18.06178286
IMG_2260,16/04/2024,South ,Bench 2,2-03D,21,31,Mari,4,single,single,Middle ,11,128.83,106.61,10718.54,31.415,-1.141,17.887,33.443,113.084,82.067,1,1.14565,23.65379,0.9842,1.18363,-2.60329,0.9788,1.18355,-0.59102,0.9918,59.64438475,-3.95381183,20.57913885,20.9555144
IMG_2261,16/04/2024,South ,Bench 2,2-03D,21,31,Mari,4,single,single,Middle ,12,137.67,110.9,12171.08,30.483,-2.71,13.995,39.282,93.419,77.145,1,1.13771,23.36955,0.9852,1.17352,-2.57526,0.9799,1.17522,-0.59129,0.992,58.05036393,-5.7554992,15.8559139,16.8681883
IMG_2262,16/04/2024,South ,Bench 2,2-03D,21,31,Mari,4,single,single,Middle ,13,120.44,94.01,9154.3,30.726,-2.648,17.082,37.789,107.506,78.562,1,1.07558,21.9792,0.9818,1.10617,-2.48908,0.9808,1.10687,-0.93565,0.9918,55.02747108,-5.41821816,17.97190334,18.7708923
IMG_2263,16/04/2024,South ,Bench 2,2-03D,21,31,Mari,4,single,single,Middle ,14,133.23,104.18,10886.12,25.048,-5.465,10.087,56.671,76.931,62.805,2,1.14313,23.22488,0.9852,1.18072,-2.55795,0.9806,1.1852,-0.7924,0.9923,51.85800024,-9.0105848,11.1627124,14.34561907
IMG_2264,16/04/2024,South ,Bench 2,2-03D,21,31,Mari,4,single,single,Middle ,15,128.64,104.38,10539.35,26.489,-5.37,9.458,56.959,69.568,65.718,2,1.1625,24.0397,0.9847,1.20677,-2.62525,0.9798,1.20821,-0.78841,0.9914,54.8331625,-9.1056049,10.63884018,14.00346246
IMG_2265,16/04/2024,South ,Bench 2,2-03D,21,31,Mari,4,single,single,Middle ,16,136.32,100.37,10800.48,28.422,-7.143,17.437,49.158,114.866,71.555,2,1.21475,25.24161,0.9866,1.27396,-2.67332,0.979,1.27353,-0.60213,0.9914,59.7672345,-11.77321628,21.60441261,24.60404978
IMG_2266,16/04/2024,South ,Bench 2,2-03D,21,31,Mari,4,single,single,Middle ,17,114.63,87.72,7955.98,33.515,0.525,17.746,31.632,111.599,90.082,1,1.12029,23.01782,0.9846,1.15498,-2.26338,0.9797,1.15659,-0.74774,0.9915,60.56433935,-1.6570155,19.77710614,19.84640087
IMG_2267,16/04/2024,South ,Bench 2,2-03D,21,31,Mari,4,single,single,Middle ,18,128.44,101.77,10739.28,23.551,-1.471,12.449,54.884,100.902,61.924,1,1.24549,25.15698,0.9864,1.29603,-2.66912,0.9796,1.29624,-0.69512,0.9913,54.48951499,-4.57558013,15.44177176,16.10541054
IMG_2268,16/04/2024,South ,Bench 2,2-03D,21,31,Mari,4,single,single,Middle ,19,130.77,99.6,10056.63,20.94,-5.677,10.496,55.361,94.548,54.018,2,1.22496,25.423,0.9866,1.28003,-2.47873,0.979,1.28739,-0.83301,0.991,51.0736624,-9.74546031,12.67943544,15.99193796
IMG_2269,16/04/2024,South ,Bench 2,2-03D,21,31,Mari,4,single,single,Middle ,20,119.06,114.09,10600.35,27.427,-2.018,13.601,40.451,98.415,71.033,1,1.11634,22.50962,0.9842,1.15061,-2.18115,0.9817,1.15103,-0.80074,0.9918,53.12747718,-4.50308098,14.85441903,15.5219684
IMG_2270,16/04/2024,South ,Bench 2,2-03D,21,31,Mari,4,single,single,Middle ,21,125.19,106.17,10414.16,32.136,-5.237,15.66,45.836,94.932,80.509,2,1.23676,25.44619,0.9875,1.29311,-2.62537,0.9789,1.29688,-0.68669,0.9912,65.19070936,-9.39738707,19.6224508,21.75664172
IMG_2271,16/04/2024,South ,Bench 2,2-03D,21,31,Mari,4,single,single,Middle ,22,123.9,96.97,9332.43,22.733,-4.657,11.078,54.245,89.437,57.565,1,1.23382,25.54444,0.987,1.29249,-2.52379,0.9799,1.29679,-0.72896,0.9911,53.59287006,-8.54291593,13.63687962,16.091796
IMG_2272,16/04/2024,South ,Bench 2,2-03D,21,31,Mari,4,single,single,Middle ,23,137.87,108.43,11484.81,25.797,-5.214,15.92,45.954,116.745,66.006,2,1.23552,25.49678,0.9868,1.28816,-2.27898,0.9779,1.29489,-0.59754,0.9912,57.36948944,-8.99544624,20.0171088,21.94544822
IMG_2273,16/04/2024,South ,Bench 2,2-03D,21,31,Mari,4,single,single,Middle ,24,133.74,101.79,10670.59,21.796,-1.563,11.226,47.013,96.605,56.796,1,1.12903,23.39039,0.9844,1.17233,-2.71553,0.9803,1.17,-0.81263,0.9913,47.99872788,-4.54788179,12.32179,13.13429623
IMG_2274,16/04/2024,South ,Bench 2,2-03D,21,31,Mari,4,single,single,Middle ,25,129.79,92.96,9592.7,24.333,-2.003,11.414,40.475,88.965,62.349,1,1.1761,23.89887,0.9856,1.21821,-2.606,0.9796,1.21964,-0.85791,0.9917,52.5169113,-5.04607463,13.06306096,14.00380058
IMG_2277,16/04/2024,North ,Centrals,J05,21,31,Light blue ,2,double,double,Middle ,9,122.65,80.51,7571.25,34.706,-1.332,12.037,52.915,72.614,88.413,2,0,0,0,0,0,0,0,0,0,0,0,0,0
IMG_2278,16/04/2024,North ,Centrals,J05,21,31,Light blue ,2,double,double,Middle ,10,104.01,88.16,7360.23,37.829,-1.694,12.83,36.589,70.958,94.797,1,1.08636,27.46015,0.8436,1.28516,-2.0667,0.9555,1.15358,-0.37139,0.9755,68.55606244,-4.24376104,14.4290414,15.04017099
IMG_2279,16/04/2024,North ,Centrals,J05,21,31,Light blue ,2,double,double,Middle ,11,117.08,82.95,7123.87,40.804,-3.333,8.748,47.357,45.255,99.291,2,0.87817,38.05359,0.5621,1.30196,-2.44894,0.9712,1.26147,4.23643,0.7286,73.88643868,-6.78837268,15.27176956,16.71253868
IMG_2280,16/04/2024,North ,Centrals,J05,21,31,Light blue ,2,double,double,Middle ,12,81.51,73.98,4857.99,36.589,-3.003,12.704,44.387,71.623,91.154,2,0.74716,39.54751,0.5082,1.21736,-1.19227,0.9693,1.21621,1.88526,0.7144,66.88534724,-4.84800208,17.33599184,18.00110378
IMG_2281,16/04/2024,North ,Centrals,J05,21,31,Light blue ,2,double,double,Middle ,13,99,76.8,5971.77,27.892,-5.846,7.035,78.365,65.277,70.41,2,0.64341,42.49699,0.4113,1.21797,-4.98171,0.9154,1.22684,2.47683,0.7823,60.44298172,-12.10196262,11.1076494,16.42672744
IMG_2282,16/04/2024,North ,Centrals,J05,21,31,Light blue ,2,double,double,Middle ,14,91.09,73.99,5346.73,35.166,-0.773,15.521,33.703,90.323,90.884,1,1.04644,23.96545,0.8848,1.15708,-2.17355,0.9696,1.05392,-0.94174,0.9858,60.76455904,-3.06797284,15.41615232,15.71846715
IMG_2283,16/04/2024,North ,Centrals,J05,21,31,Light blue ,2,double,double,Middle ,15,102.51,85.78,7080.4,34.403,-3.26,10.97,44.825,64.163,84.92,2,1.0859,29.81058,0.924,1.30608,-2.39861,0.9685,1.19375,-0.5475,0.986,67.1687977,-6.6564308,12.5479375,14.20418271
IMG_2284,16/04/2024,North ,Centrals,J05,21,31,Light blue ,2,double,double,Middle ,16,94.89,70.64,5441.96,35.858,-6.697,5.687,78.973,44.053,87.871,2,0,0,0,0,0,0,0,0,0,0,0,0,0
IMG_2285,16/04/2024,North ,Centrals,J05,21,31,Light blue ,2,double,double,Middle ,17,97.69,95.95,7299.58,39.944,-2.735,11.874,42.909,62.391,99.091,2,0,0,0,0,0,0,0,0,0,0,0,0,0
IMG_2286,16/04/2024,North ,Centrals,J05,21,31,Light blue ,2,double,double,Middle ,18,107.96,91.93,7760.67,31.632,-3.718,9.878,48.79,62.059,77.735,2,1.14982,27.59332,0.8353,1.36329,-2.08393,0.9588,1.22252,0.05911,0.9762,63.96442624,-7.15264222,12.13516256,14.08625078
IMG_2287,16/04/2024,North ,Centrals,J06,21,31,Light blue ,2,double,double,Middle ,1,124.89,90.84,8711.88,35.885,-2.468,10.557,43.58,61.269,88.868,2,1.10259,28.29441,0.7764,1.33681,-2.00902,0.9513,1.19528,0.47462,0.9751,67.86085215,-5.30826708,13.09319096,14.12831727
IMG_2288,16/04/2024,North ,Centrals,J06,21,31,Light blue ,2,double,double,Middle ,2,106.9,87.11,7470.85,38.163,-1.798,10.779,38.353,61.43,95.218,1,1.04812,30.80517,0.8945,1.32893,-2.21434,0.9612,1.19919,-0.31565,0.9812,70.80457356,-4.60375614,12.61041901,13.42450141
IMG_2289,16/04/2024,North ,Centrals,J06,21,31,Light blue ,2,double,double,Middle ,3,107.58,75.13,6487.86,30.465,-3.146,9.091,46.662,58.516,74.907,2,1.13249,25.3508,0.8803,1.26386,-2.30626,0.9688,1.14501,-0.61708,0.9859,59.85210785,-6.28236356,9.79220591,11.63423347
IMG_2290,16/04/2024,North ,Centrals,J06,21,31,Light blue ,2,double,double,Middle ,4,95.5,72.72,5516.13,37.218,-2.702,8.322,45.907,47.531,91.106,2,1.0685,25.35729,0.8577,1.21804,-2.09546,0.9615,1.10186,-0.31679,0.9835,65.124723,-5.38660408,8.85288892,10.36287343
IMG_2291,16/04/2024,North ,Centrals,J06,21,31,Light blue ,2,double,double,Middle ,5,94.31,73.55,5516.24,30.173,-6.052,6.372,70.652,53.627,74.478,2,0.68991,41.70392,0.4475,1.25982,-4.84083,0.9195,1.28329,2.3256,0.8016,62.52057443,-12.46526064,10.50272388,16.29999791
IMG_2292,16/04/2024,North ,Centrals,J06,21,31,Light blue ,2,double,double,Middle ,6,112.19,83.9,7502.96,39.6,-1.745,11.239,38.239,60.642,98.383,1,0.87404,29.26751,0.6676,1.13465,-1.38656,0.9554,1.06688,-2.32275,0.9312,63.879494,-3.36652425,9.66791432,10.23728738
IMG_2293,16/04/2024,North ,Centrals,J06,21,31,Light blue ,2,double,double,Middle ,7,103.23,83.24,6770.09,36.801,-2.028,10.265,39.056,58.437,91.221,2,1.03878,24.93308,0.821,1.19284,-2.21999,0.9656,1.08048,-0.43124,0.9816,63.16122278,-4.63906952,10.6598872,11.62558218
IMG_2294,16/04/2024,North ,Centrals,J06,21,31,Light blue ,2,double,double,Middle ,8,91.73,75.38,5466.36,34.602,0.153,12.744,38.622,80.447,89.596,1,0.7233,39.18275,0.4157,1.23214,-3.60731,0.9137,1.18303,1.48283,0.703,64.2103766,-3.41879258,16.55936432,16.90859809
IMG_2295,16/04/2024,North ,Centrals,J06,21,31,Light blue ,2,double,double,Middle ,9,94.93,75.7,5794.27,32.828,-2.878,9.259,46.676,57.092,80.72,2,0.69189,36.86249,0.4046,1.06872,-3.48188,0.8791,1.04615,1.64101,0.7291,59.57585492,-6.55765616,11.32731285,13.08857787
IMG_2296,16/04/2024,North ,Centrals,J06,21,31,Light blue ,2,double,double,Middle ,10,109.31,84.52,7411.95,28.883,-6.539,7.941,69.108,68.842,72.516,2,1.12193,29.96775,0.9166,1.35403,-1.4705,0.9645,1.22855,-1.14329,0.9903,62.37245419,-10.32450217,8.61262555,13.44517251
IMG_2297,16/04/2024,North ,Centrals,J06,21,31,Light blue ,2,double,double,Middle ,11,96.43,77.71,6093.55,27.729,-1.41,7.225,69.425,59.095,69.878,2,0.7031,39.06822,0.4106,1.19918,-3.33979,0.9088,1.14296,1.18189,0.7046,58.5644799,-5.0306338,9.439776,10.69657176
IMG_2298,16/04/2024,North ,Centrals,J06,21,31,Light blue ,2,double,double,Middle ,12,99.43,78.24,6095.66,33.066,-2.877,9.178,53,58.08,81.177,2,0.84774,35.53794,0.5168,1.22377,-0.95612,0.9647,1.21654,2.29782,0.6917,63.56931084,-4.47690629,13.46322412,14.18806166
IMG_2299,16/04/2024,North ,Centrals,J06,21,31,Light blue ,2,double,double,Middle ,13,97.64,78.91,6219.83,30.608,-4.749,9.095,54.151,59.157,75.24,2,0.76131,37.45849,0.5311,1.18594,-2.4149,0.9693,1.12308,4.28097,0.697,60.76066648,-8.04692906,14.4953826,16.57917923
IMG_2300,16/04/2024,North ,Centrals,J06,21,31,Light blue ,2,double,double,Middle ,14,100.74,81.68,6608.43,33.073,-3.833,7.172,58.115,45.567,80.655,2,0.92237,26.88604,0.7397,1.1097,-1.34605,0.9652,1.05248,-2.36948,0.9491,57.39158301,-5.5995301,5.17890656,7.627306897
IMG_2301,16/04/2024,North ,Centrals,J06,21,31,Light blue ,2,double,double,Middle ,15,107.3,83.64,7310.84,34.854,-5.06,9.554,55.935,57.806,86.138,2,0.70154,38.71517,0.4125,1.17691,-3.69652,0.912,1.14633,1.31103,0.723,63.16664516,-9.6516846,12.26306682,15.60569843
IMG_2302,16/04/2024,North ,Centrals,J06,21,31,Light blue ,2,double,double,Middle ,16,105.07,86.42,7377.35,38.918,-2.876,11.096,48.485,60.601,96.823,2,0.7645,34.21363,0.4911,1.07309,-3.32878,0.9047,1.08872,1.10348,0.806,63.966441,-6.41498684,13.18391712,14.66177775
IMG_2303,16/04/2024,North ,Centrals,J06,21,31,Light blue ,2,double,double,Middle ,17,104.58,80.26,6781.14,34.809,-3.007,10.542,43.805,62.586,86.077,2,0.71008,38.70864,0.5109,1.13041,-1.56454,0.9658,1.14,1.82769,0.7058,63.42581472,-4.96368287,13.84557,14.70843147
IMG_2304,16/04/2024,North ,Centrals,J06,21,31,Light blue ,2,double,double,Middle ,18,98.18,84,6399.39,34.542,-2.433,10.17,40.613,59.542,84.856,2,0.9913,29.10657,0.7773,1.20156,-1.44646,0.9598,1.14522,-2.15262,0.9479,63.3480546,-4.36985548,9.4942674,10.45163865
IMG_2305,16/04/2024,North ,Centrals,J06,21,31,Light blue ,2,double,double,Middle ,19,104.37,85.79,7200.84,34.51,-3.94,6.904,62.587,46.687,84.33,2,0.75023,39.12772,0.4873,1.2152,-4.28484,0.9434,1.24208,2.71112,0.8145,65.0181573,-9.072728,11.28644032,14.48095744
IMG_2306,16/04/2024,North ,Centrals,J06,21,31,Light blue ,2,double,double,Middle ,20,112.18,80.63,7356.78,28.872,-0.959,11.79,34.523,82.4,73.977,1,1.16135,25.67216,0.8745,1.26911,-2.20247,0.9665,1.15789,-0.29628,0.9871,59.2026572,-3.41954649,13.3552431,13.78607328
IMG_2307,16/04/2024,North ,Centrals,J06,21,31,Light blue ,2,double,double,Middle ,21,97.55,75.76,5853.62,32.909,-4.724,9.471,56.114,60.586,81.257,2,0.80732,35.04836,0.5569,1.10779,-4.77333,0.9139,1.14201,2.7953,0.8649,61.61645388,-10.00652996,13.61127671,16.89371172
IMG_2308,16/04/2024,North ,Centrals,J06,21,31,Light blue ,2,double,double,Middle ,22,104.79,94.41,7835.56,27.087,-6.026,8.419,64.955,64.967,67.198,2,1.10918,26.48264,0.8428,1.26905,-2.05803,0.9614,1.14598,-0.28908,0.9822,56.52699866,-9.7053253,9.35892562,13.48268623
IMG_2316,16/04/2024,North ,Centrals,J07,21,31,Light blue ,2,single,single,Middle ,1,95.25,80.45,6211.74,34.976,-0.056,14.86,31.584,90.06,91.307,1,0,0,0,0,0,0,0,0,0,0,0,0,0
IMG_2318,16/04/2024,North ,Centrals,J07,21,31,Light blue ,2,single,single,Middle ,2,108.83,94.57,8200.8,37.453,0.09,13.945,31.136,82.511,97.213,1,1.10367,31.80797,0.7608,1.32334,-2.17739,0.9766,1.36485,2.59894,0.8649,73.14372251,-2.0582894,21.63177325,21.72947697
IMG_2319,16/04/2024,North ,Centrals,J07,21,31,Light blue ,2,single,single,Middle ,3,108.38,82.16,7221.43,22.063,-4.617,8.697,57.265,79.276,56.502,2,1.14492,26.37229,0.9832,1.26492,-2.01677,0.981,1.27097,-0.9664,0.9868,51.63265996,-7.85690564,10.08722609,12.78605085
IMG_2320,16/04/2024,North ,Centrals,J07,21,31,Light blue ,2,single,single,Middle ,4,120.33,90.05,8778.63,24.812,-2.334,7.562,46.074,59.352,61.759,2,1.2827,28.9977,0.981,1.44977,-2.12733,0.9878,1.4651,-0.80906,0.9893,60.8240524,-5.51109318,10.2700262,11.65528147
IMG_2322,16/04/2024,North ,Centrals,J07,21,31,Light blue ,2,single,single,Middle ,5,127.84,93.88,9449.45,28.477,-1.479,10.449,41.83,75.529,71.905,2,1.19932,27.95,0.9815,1.33699,-2.65667,0.982,1.33599,-0.35405,0.9889,62.10303564,-4.63407821,13.60570951,14.37323944
IMG_2324,16/04/2024,North ,Centrals,J07,21,31,Light blue ,2,single,single,Middle ,6,127.15,94.16,8785.41,33.561,-4.067,15.095,41.108,88.223,83.598,2,1.21985,28.43183,0.9814,1.3646,-2.94314,0.9825,1.3655,-0.46517,0.9887,69.37121585,-8.4929682,20.1470525,21.86399399
IMG_2325,16/04/2024,North ,Centrals,J07,21,31,Light blue ,2,single,single,Middle ,7,139.96,58.95,5937.4,21.678,-2.499,12.342,42.873,104.36,56.715,2,1.23875,28.50653,0.9823,1.37771,-2.89338,0.981,1.37843,-0.43403,0.9887,55.3601525,-6.33627729,16.57855306,17.74815009
IMG_2326,16/04/2024,North ,Centrals,J07,21,31,Light blue ,2,single,single,Middle ,8,121.4,82.47,7606.34,21.617,-1.96,11.489,45.022,97.312,56.535,2,1.21671,28.44962,0.9807,1.3627,-2.81017,0.981,1.36568,-0.60456,0.9888,54.75124007,-5.481062,15.08573752,16.05059242
IMG_2327,16/04/2024,North ,Centrals,J07,21,31,Light blue ,2,single,single,Middle ,9,123.77,83.67,7815.34,19.879,-1.877,11.214,44.044,102.52,52.693,2,1.23122,28.64593,0.9809,1.38037,-2.56292,0.9818,1.39147,-0.83692,0.9888,53.12135238,-5.15387449,14.76702458,15.64057023
IMG_2328,16/04/2024,North ,Centrals,J07,21,31,Light blue ,2,single,single,Middle ,10,137.51,94,9354.12,24.264,-3.659,16.835,41.764,127.712,62.83,2,1.20828,28.20359,0.9819,1.34981,-2.68945,0.9806,1.35117,-0.36505,0.989,57.52129592,-7.62840479,22.38189695,23.64618089
IMG_2329,16/04/2024,North ,Centrals,J07,21,31,Light blue ,2,single,single,Middle ,11,131.11,72.37,6782.25,28.365,-0.095,18.499,32.888,127.203,76.54,1,1.23333,28.61696,0.9816,1.37862,-2.84346,0.9815,1.38027,-0.50506,0.9891,63.60036545,-2.9744289,25.02855473,25.20467772
IMG_2330,16/04/2024,North ,Centrals,J07,21,31,Light blue ,2,single,single,Middle ,12,125.46,79.63,7171.71,22.928,-3.874,16.899,40.473,133.321,59.695,2,1.21989,28.37621,0.983,1.35943,-2.46671,0.9824,1.37097,-0.83867,0.989,56.34584792,-7.73314182,22.32935203,23.63051934
IMG_2333,16/04/2024,North ,Centrals,J07,21,31,Light blue ,2,single,single,Middle ,13,130.65,100.51,10401.96,30.346,-1.952,11.41,38.892,75.946,76.125,1,0.99702,31.97429,0.573,1.27611,-1.51203,0.9766,1.25508,3.28382,0.745,62.22985892,-4.00299672,17.6042828,18.05366322
IMG_2334,16/04/2024,North ,Centrals,J07,21,31,Light blue ,2,single,single,Middle ,14,110.09,94.12,8605.23,26.388,-4.11,11.586,46.895,82.955,65.993,2,1.24951,27.20464,0.9884,1.36644,-2.69305,0.9805,1.35532,-0.45002,0.9899,60.17670988,-8.3091184,15.25271752,17.3691347
IMG_2335,16/04/2024,North ,Centrals,J07,21,31,Light blue ,2,single,single,Middle ,15,104.95,103.66,8465.41,24.977,-3.168,17.496,50.632,132.044,65.756,2,1.23877,27.25086,0.9882,1.35993,-2.81677,0.982,1.35299,-0.35045,0.9906,58.19161829,-7.12502824,23.32146304,24.38558315
IMG_2336,16/04/2024,North ,Centrals,J07,21,31,Light blue ,2,single,single,Middle ,16,107.94,84.14,7375.16,23.799,-2.209,7.769,44.032,62.382,59.434,2,1.23392,27.20334,0.9879,1.35184,-2.67088,0.9814,1.34851,-0.46062,0.9901,56.56940208,-5.65709456,10.01595419,11.50313249
IMG_2337,16/04/2024,North ,Centrals,J07,21,31,Light blue ,2,single,single,Middle ,17,106.19,99.89,8270.04,26.358,-4.957,13.642,47.751,97.014,66.868,2,1.22197,27.01385,0.9885,1.33859,-2.75421,0.9808,1.33495,-0.43006,0.9903,59.22253526,-9.38960063,17.7813279,20.1082128
IMG_2338,16/04/2024,North ,Centrals,J07,21,31,Light blue ,2,single,single,Middle ,18,119.89,94.03,8608.07,21.952,-2.413,8.754,49.155,75.568,55.482,2,1.23185,27.11229,0.9876,1.34782,-2.71197,0.9827,1.34584,-0.48182,0.9903,54.1538612,-5.96425966,11.29966336,12.7771196
IMG_2340,16/04/2024,North ,Centrals,J07,21,31,Light blue ,2,single,single,Middle ,20,107.34,87.82,7539.41,21.202,-4.048,7.02,59.338,62.538,53.566,2,1.22475,27.13881,0.9879,1.34959,-2.71642,0.9816,1.33957,-0.53389,0.9905,53.1059595,-8.17956032,8.8698914,12.06566121
IMG_2341,16/04/2024,North ,Centrals,J07,21,31,Light blue ,2,single,single,Middle ,21,126.11,87.91,7993.29,26.263,-3.144,10.957,48.203,79.3,66.516,2,0.91766,35.36136,0.5119,1.31451,-3.09847,0.9287,1.31782,0.96386,0.8308,59.46186458,-7.23128944,15.40321374,17.01618466
IMG_2342,16/04/2024,North ,Centrals,J07,21,31,Light blue ,2,single,single,Middle ,22,119.26,89.69,8520.18,31.61,-0.218,17.991,31.811,115.227,83.942,1,1.08759,32.77854,0.619,1.34315,-1.36282,0.9726,1.42013,1.88074,0.7922,67.1572599,-1.6556267,27.43029883,27.48021822
IMG_2343,16/04/2024,North ,Centrals,J07,21,31,Light blue ,2,single,single,Middle ,23,120.12,98.16,8891.05,32.022,-0.019,18.039,31.398,114.982,85.254,1,1.22672,26.9366,0.9878,1.34022,-2.61192,0.9815,1.33518,-0.34244,0.9905,66.21862784,-2.63738418,23.74287202,23.88890469
IMG_2344,16/04/2024,North ,Centrals,J07,21,31,Light blue ,2,single,single,Middle ,24,145.81,96.31,9990,23.616,-2.336,9.803,42.851,78.94,60.083,2,1.22152,26.72149,0.9883,1.33692,-2.86778,0.9818,1.32796,-0.42086,0.9912,55.56890632,-5.99082512,12.59713188,13.9491117
IMG_2345,16/04/2024,North ,Centrals,J07,21,31,Light blue ,2,single,single,Middle ,25,141.2,92.8,9839.69,25.64,-2.969,12.064,44.339,91.723,65.824,2,1.21035,26.77046,0.9881,1.32198,-2.81787,0.9817,1.31951,-0.44923,0.9906,57.803834,-6.74282862,15.46933864,16.87501632
IMG_2347,16/04/2024,North ,Centrals,J08,21,31,Light blue ,2,single,single,Middle ,2,155.93,84.18,9233.27,32.452,-1.657,11.38,38.02,72.444,81.45,1,1.22317,26.89356,0.9873,1.34022,-2.77927,0.9825,1.33497,-0.43486,0.9906,66.58787284,-5.00001454,14.7570986,15.5811458
IMG_2348,16/04/2024,North ,Centrals,J08,21,31,Light blue ,2,single,single,Middle ,3,150.19,88.31,9576.25,29.386,-4.135,10.922,47.548,72.88,72.95,2,1.11587,31.93842,0.6235,1.34272,-1.72244,0.9764,1.42177,1.86647,0.811,64.72937582,-7.2745872,17.39504194,18.854896
IMG_2349,16/04/2024,North ,Centrals,J08,21,31,Light blue ,2,single,single,Middle ,4,121.52,101.4,9608.74,28.535,-4.394,11.067,49.174,78.022,71.471,2,1.22798,27.07183,0.9876,1.34545,-2.68792,0.9818,1.34321,-0.51158,0.9903,62.1122393,-8.5998273,14.35372507,16.73279573
IMG_2350,16/04/2024,North ,Centrals,J08,21,31,Light blue ,2,single,single,Middle ,5,150.47,82.51,9082.1,25.706,-6.9,8.292,69.974,75.291,65.291,2,1.04407,35.14576,0.6905,1.35606,-1.94721,0.9741,1.44548,1.41164,0.8384,61.98462342,-11.304024,13.39756016,17.5292777
IMG_2352,16/04/2024,North ,Centrals,J08,21,31,Light blue ,2,single,single,Middle ,6,131.62,80.07,7756.16,23.076,-6.1,10.29,57.257,85.169,58.665,2,1.24644,27.51399,0.9866,1.36958,-2.41292,0.982,1.37495,-0.81439,0.9892,56.27683944,-10.767358,13.3338455,17.13847817
IMG_2353,16/04/2024,North ,Centrals,J08,21,31,Light blue ,2,single,single,Middle ,7,124.85,102.13,10228.92,30.899,-4.579,13.232,46.054,83.953,77.162,2,1.22293,26.93661,0.9867,1.33562,-2.6606,0.9822,1.33718,-0.51916,0.9903,64.72392407,-8.77640398,17.17440576,19.28692511
IMG_2354,16/04/2024,North ,Centrals,J08,21,31,Light blue ,2,single,single,Middle ,8,120.39,90.79,8481.57,22.048,-1.139,7.784,38.481,68.665,56.412,1,1.0664,33.71851,0.5971,1.35358,-1.77851,0.9706,1.42044,2.11078,0.7723,57.2304972,-3.32023762,13.16748496,13.57964057
IMG_2355,16/04/2024,North ,Centrals,J08,21,31,Light blue ,2,single,single,Middle ,9,101.9,89.28,7073.17,24.035,-2.742,11.692,44.843,93.93,61.599,2,1.14409,26.18327,0.9789,1.26838,-1.95785,0.9807,1.27269,-0.77872,0.9886,53.68147315,-5.43574796,14.10157148,15.11296378
IMG_2356,16/04/2024,North ,Centrals,J08,21,31,Light blue ,2,single,single,Middle ,10,118.96,85.11,7932,25.651,-5.207,6.622,69.579,58.88,64.076,2,1.22067,27.05043,0.9866,1.34128,-2.66585,0.9825,1.33598,-0.48006,0.9901,58.36183617,-9.64989496,8.36679956,12.77199309
IMG_2357,16/04/2024,North ,Centrals,J08,21,31,Light blue ,2,single,single,Middle ,11,110.62,88.76,7546.03,26.843,-5.583,6.087,72.025,52.71,66.637,2,1.02374,32.89957,0.6106,1.28433,-1.59253,0.9693,1.35718,1.81436,0.7806,60.37982282,-8.76294439,10.07551466,13.35309665
IMG_2358,16/04/2024,North ,Centrals,J08,21,31,Light blue ,2,single,single,Middle ,12,116.72,86.2,7684.5,26.767,-4.963,6.203,68.68,52.372,66.352,2,1.20462,26.65096,0.9871,1.31442,-2.618,0.9808,1.31177,-0.59514,0.9896,58.89502354,-9.14146646,7.54176931,11.85093639
IMG_2359,16/04/2024,North ,Centrals,J08,21,31,Light blue ,2,single,single,Middle ,13,114.15,97.85,9040.22,27.266,-3.42,11.445,44.399,80.207,68.169,2,1.19494,26.40531,0.9875,1.3076,-2.71748,0.9827,1.30566,-0.62426,0.9907,58.98654404,-7.189472,14.3190187,16.02257171
IMG_2360,16/04/2024,North ,Centrals,J08,21,31,Light blue ,2,single,single,Middle ,14,101.06,76.2,6065.78,34.131,-0.735,17.353,32.814,103.824,89.274,1,1.21663,27.06632,0.9863,1.33777,-2.71298,0.9824,1.33617,-0.68094,0.9902,68.59111853,-3.69624095,22.50561801,22.80712694
IMG_2361,16/04/2024,North ,Centrals,J08,21,31,Light blue ,2,single,single,Middle ,15,106.67,76.95,6373.35,25.062,-5.207,6.136,71.683,60.011,62.8,2,1.21631,26.97652,0.9867,1.33557,-2.69095,0.9815,1.33181,-0.52339,0.9902,57.45968122,-9.64526299,7.64859616,12.3098384
IMG_2362,16/04/2024,North ,Centrals,J08,21,31,Light blue ,2,single,single,Middle ,16,113.97,86.91,7837.55,27.504,-2.539,14.483,38.006,100.486,70.097,2,1.20544,26.68683,0.9872,1.32094,-2.71815,0.982,1.31719,-0.51264,0.9905,59.84125176,-6.07201666,18.56422277,19.53201867
IMG_2363,16/04/2024,North ,Centrals,J08,21,31,Light blue ,2,single,single,Middle ,17,130.92,94.32,8689.22,26.313,-3.144,9.503,49.703,70.265,66.08,2,1.07433,32.81,0.6088,1.33582,-1.76151,0.9733,1.40646,2.09729,0.7954,61.07884529,-5.96132808,15.46287938,16.57220779
IMG_2364,16/04/2024,North ,Centrals,J08,21,31,Light blue ,2,single,single,Middle ,18,125.49,86.46,8013.41,26.925,-4.941,11.937,49.741,85.718,67.788,2,1.22766,27.06621,0.9873,1.34504,-2.71631,0.9822,1.34498,-0.52119,0.9905,60.1209555,-9.36215264,15.53383626,18.136978
IMG_2365,16/04/2024,North ,Centrals,J08,21,31,Light blue ,2,single,single,Middle ,19,168.31,76.73,9840.77,35.918,0.185,16.809,32.374,97.382,94.705,1,1.10176,32.15706,0.6394,1.33596,-1.66798,0.9721,1.40831,1.96151,0.8104,71.73007568,-1.4208274,25.63379279,25.67313933
IMG_2366,16/04/2024,North ,Centrals,J08,21,31,Light blue ,2,single,single,Middle ,20,113.41,78.87,7331.31,27.745,-3.061,11.399,42.705,78.594,69.644,2,1.22269,26.88436,0.9874,1.33767,-2.60532,0.9832,1.33961,-0.66068,0.9904,60.80789405,-6.69992787,14.60953439,16.07257069
IMG_2367,16/04/2024,North ,Centrals,J08,21,31,Light blue ,2,single,single,Middle ,21,123.7,87.82,8190.28,31.087,-4.413,10.968,49.844,71.239,77.391,2,1.10343,31.5356,0.6227,1.34479,-2.27053,0.9757,1.34318,3.56944,0.7684,65.83792841,-8.20508827,18.30143824,20.05657287
IMG_2368,16/04/2024,North ,Centrals,J08,21,31,Light blue ,2,single,single,Middle ,22,147.37,81.13,8690.02,30.735,-1.943,12.451,36.903,80.766,77.51,1,1.22084,27.09842,0.9868,1.33567,-2.77673,0.9818,1.33818,-0.56199,0.99,64.6209374,-5.37193681,16.09968918,16.97226257
IMG_2369,16/04/2024,North ,Centrals,J08,21,31,Light blue ,2,single,single,Middle ,23,79.63,72.66,4413.51,24.521,-4.77,9.679,59.594,76.645,61.914,2,1.13952,31.86619,0.6482,1.34765,-1.88622,0.9724,1.43578,1.68716,0.8251,59.80835992,-8.3145105,15.58407462,17.6633651
IMG_2370,16/04/2024,North ,Centrals,J08,21,31,Light blue ,2,single,single,Middle ,24,124.12,94.93,8804.95,27.262,-3.967,13.043,47.278,90.656,68.872,2,1.20888,27.29089,0.9869,1.3282,-2.6417,0.9822,1.33071,-0.80838,0.9894,60.24737656,-7.9106694,16.54807053,18.34168282
IMG_2371,16/04/2024,North ,Centrals,J08,21,31,Light blue ,2,single,single,Middle ,25,113.01,93.85,7989.4,28.962,-4.432,10.144,50.662,69.509,71.788,2,1.05461,33.99492,0.7004,1.34532,-2.59508,0.9741,1.36661,3.14799,0.8235,64.53853482,-8.55753824,17.01088184,19.04209972
IMG_2372,16/04/2024,North ,Centrals,J08,21,31,Light blue ,2,single,single,Middle ,26,120.47,81.82,7683.26,26.397,-4.468,6.354,63.551,51.002,65.095,2,1.06263,34.99336,0.6705,1.37586,-2.41311,0.9741,1.39345,3.32889,0.7999,63.04360411,-8.56045248,12.1828713,14.88971792
IMG_2373,16/04/2024,North ,Centrals,J08,21,31,Light blue ,2,single,single,Middle ,27,128.57,95.81,8737.02,20.998,-1.77,7.286,42.065,62.957,52.903,2,1.2295,27.52779,0.9874,1.34971,-2.7225,0.9823,1.35019,-0.56636,0.99,53.344831,-5.1114867,9.27112434,10.58683346
IMG_2375,16/04/2024,North ,Centrals,J09,21,31,Light blue ,2,double,double,Middle ,1,125.6,107.9,10798.41,34.025,-2.794,8.819,46.226,53.107,83.05,2,1.13134,25.32171,0.9865,1.21845,-2.693,0.981,1.22222,-0.57113,0.9894,63.8155535,-6.0973493,10.20762818,11.89005221
IMG_2376,16/04/2024,North ,Centrals,J09,21,31,Light blue ,2,double,double,Middle ,2,125.52,97.74,9790.21,30.478,-1.528,11.411,36.128,75.702,76.624,1,1.13426,25.04992,0.9856,1.23084,-2.72148,0.9829,1.22907,-0.78746,0.9897,59.61989628,-4.60220352,13.23745777,14.01465538
IMG_2377,16/04/2024,North ,Centrals,J09,21,31,Light blue ,2,double,double,Middle ,3,132.94,85.57,8338.76,33.328,-2.834,11.785,41.369,71.735,83.077,2,1.14913,25.7982,0.9877,1.24951,-2.76123,0.9811,1.24689,-0.41756,0.9904,64.09640464,-6.30234134,14.27703865,15.60619553
IMG_2378,16/04/2024,North ,Centrals,J09,21,31,Light blue ,2,double,double,Middle ,4,127.19,76.89,7172.4,31.64,-3.999,9.105,55.317,60.754,78.763,2,1.15456,25.86478,0.9869,1.25508,-2.82282,0.9812,1.25414,-0.40648,0.9901,62.3950584,-7.84188492,11.0124647,13.51922845
IMG_2379,16/04/2024,North ,Centrals,J09,21,31,Light blue ,2,double,double,Middle ,5,130.5,89.59,9036.03,26.373,-6.772,6.204,77.153,60.955,66.132,2,1.15951,25.89641,0.9868,1.25877,-2.90068,0.9805,1.25399,-0.33298,0.9895,56.47616723,-11.42507044,7.44677396,13.63769324
IMG_2380,16/04/2024,North ,Centrals,J09,21,31,Light blue ,2,double,double,Middle ,6,116.35,104.79,9834.36,32.406,-1.334,12.945,33.709,81.511,82.084,1,1.13767,25.46339,0.9876,1.2334,-2.74739,0.9809,1.23158,-0.55399,0.99,62.33072402,-4.3927456,15.3888131,16.00349282
IMG_2381,16/04/2024,North ,Centrals,J09,21,31,Light blue ,2,double,double,Middle ,7,125.11,95.19,9422.93,27.888,-5.198,8.511,62.295,65.599,69.339,2,1.06164,23.77603,0.984,1.15799,-2.08603,0.986,1.15954,-1.21867,0.9889,53.38304632,-8.10526202,8.65017494,11.85414691
IMG_2382,16/04/2024,North ,Centrals,J09,21,31,Light blue ,2,double,double,Middle ,8,107.33,93.88,8256.96,29.089,-3.891,7.177,55.352,49.577,71.027,2,1.1645,26.03985,0.9864,1.26924,-2.81685,0.9814,1.26736,-0.59928,0.9896,59.9139905,-7.75546284,8.49656272,11.50385944
IMG_2383,16/04/2024,North ,Centrals,J09,21,31,Light blue ,2,double,double,Middle ,9,114.4,112.25,9982.96,28.736,-4.756,7.14,61.788,51.961,70.747,2,0.93727,34.9708,0.6998,1.27432,-3.37449,0.9473,1.34894,1.86865,0.8905,61.90419072,-9.43515592,11.5000816,14.87528299
IMG_2384,16/04/2024,North ,Centrals,J09,21,31,Light blue ,2,double,double,Middle ,10,116.2,88.84,8259.19,30.542,-5.194,10.884,51.247,70.593,75.32,2,0.87351,37.67513,0.6292,1.29149,-3.46775,0.9352,1.35865,2.39353,0.8461,64.35387242,-10.17574906,17.1810766,19.96835652
IMG_2385,16/04/2024,North ,Centrals,J09,21,31,Light blue ,2,double,double,Middle ,11,123.14,90.1,8966.73,30.895,-3.99,9.085,50.644,59.743,75.716,2,1.18325,26.40641,0.9873,1.2884,-2.70891,0.9806,1.28812,-0.43134,0.9899,62.96291875,-7.849626,11.2712302,13.73525604
IMG_2386,16/04/2024,North ,Centrals,J09,21,31,Light blue ,2,double,double,Middle ,12,118.44,88.01,8185.84,35.47,-0.252,11.8,31.357,72.902,90.345,1,1.18312,26.32573,0.9868,1.28694,-2.77574,0.979,1.2817,-0.26217,0.99,68.2909964,-3.10004888,14.86189,15.18176793
IMG_2387,16/04/2024,North ,Centrals,J09,21,31,Light blue ,2,double,double,Middle ,13,111.89,87.54,7734.58,33.723,2.309,16.796,28.123,108.634,92.112,1,1.16867,26.0024,0.9872,1.26974,-2.77491,0.9803,1.26623,-0.36646,0.9895,65.41345841,0.15691966,20.90113908,20.90172813
IMG_2388,16/04/2024,North ,Centrals,J09,21,31,Light blue ,2,double,double,Middle ,14,110.73,91.77,8591.89,27.96,-3.984,10.876,48.324,76.442,70.02,2,1.16928,26.56518,0.987,1.27502,-2.86777,0.9803,1.2788,-0.67395,0.9892,59.2582488,-7.94744968,13.2342788,15.4372307
IMG_2389,16/04/2024,North ,Centrals,J09,21,31,Light blue ,2,double,double,Middle ,15,121.33,100.74,9603.13,17.569,-1.917,9.915,45.63,99.57,46.646,2,1.18141,26.485,0.9873,1.28926,-2.74394,0.9809,1.28936,-0.6475,0.9894,47.24119229,-5.21545142,12.1365044,13.20968102
IMG_2390,16/04/2024,North ,Centrals,J09,21,31,Light blue ,2,double,double,Middle ,16,116.85,96.42,9077.62,18.279,-2.055,10.506,44.295,101.217,48.302,2,1.15819,25.98608,0.9876,1.25847,-2.63871,0.9804,1.259,-0.53273,0.9895,47.15663501,-5.22486585,12.694324,13.72753018
IMG_2392,16/04/2024,North ,Centrals,J09,21,31,Light blue ,2,double,double,Middle ,17,121.22,111,10310.48,31.427,-3.327,8.778,48.45,57.862,77.01,2,0.93815,36.04297,0.6809,1.30886,-3.50813,0.9422,1.37647,2.06242,0.8808,65.52621005,-7.86270722,14.14507366,16.18348769
IMG_2394,16/04/2024,North ,Centrals,J09,21,31,Light blue ,2,double,double,Middle ,18,107.95,102.05,8684.06,29.045,-1.911,12.066,38.195,82.555,73.795,1,1.17508,26.14499,0.9883,1.27098,-2.74063,0.9801,1.27098,-0.38114,0.9898,60.2751886,-5.16947278,14.95450468,15.82278923
IMG_2395,16/04/2024,North ,Centrals,J09,21,31,Light blue ,2,double,double,Middle ,19,105.55,95.28,8074.11,22.637,-4.466,7.019,65.162,63.37,57.248,2,1.15836,25.84689,0.9879,1.25844,-2.72286,0.9807,1.25429,-0.45072,0.9899,52.06868532,-8.34305304,8.35314151,11.80599454
IMG_2396,16/04/2024,North ,Centrals,J09,21,31,Light blue ,2,double,double,Middle ,20,114.77,113.47,10230.61,23.449,-4.883,5.947,71.821,59.73,59.047,2,1.14852,25.67409,0.9879,1.24357,-2.80619,0.9805,1.24522,-0.61716,0.9895,52.60573548,-8.87854231,6.78816334,11.17621023
IMG_2397,16/04/2024,North ,Centrals,J09,21,31,Light blue ,2,double,double,Middle ,21,95.63,81.66,6153.84,27.462,-3.916,9.624,48.771,66.54,67.742,2,1.19146,26.60426,0.9885,1.29699,-2.62482,0.9798,1.29766,-0.44042,0.9901,59.32413452,-7.70383284,12.04825984,14.30068549
IMG_2398,16/04/2024,North ,Centrals,J09,21,31,Light blue ,2,double,double,Middle ,22,100.14,81.16,6711.22,32.936,-1.638,11.026,37.249,69.722,82.806,1,1.17725,26.48547,0.9886,1.28531,-2.66325,0.9808,1.2792,-0.40914,0.99,65.259376,-4.76858778,13.6953192,14.50176532
IMG_2399,16/04/2024,North ,Centrals,J09,21,31,Light blue ,2,double,double,Middle ,23,114.14,82.07,7570.33,30.697,-4.118,7.136,61.727,49.733,75.511,2,1.12589,25.41851,0.9882,1.2178,-2.6718,0.9796,1.2163,-0.55147,0.9896,59.97995533,-7.6867004,8.1280468,11.18706878
IMG_2400,16/04/2024,North ,Centrals,J09,21,31,Light blue ,2,double,double,Middle ,24,107.95,89.52,7697.97,34.557,-0.564,13.979,33.944,85.417,89.063,1,1.15837,26.24949,0.9882,1.26084,-2.84788,0.9798,1.25842,-0.43815,0.989,66.27928209,-3.55899376,17.15330318,17.5186257
IMG_2401,16/04/2024,North ,Centrals,J09,21,31,Light blue ,2,double,double,Middle ,25,125.26,98.84,9729.96,30.5,-0.405,14.031,32.558,95.205,79.398,1,1.16443,26.2283,0.9883,1.26451,-2.6538,0.9794,1.26177,-0.22142,0.9896,61.743415,-3.16592655,17.48247487,17.76682353
IMG_2402,16/04/2024,North ,Centrals,J09,21,31,Light blue ,2,double,double,Middle ,26,103.23,85.07,7158.82,34.261,-1.958,9.901,40.273,59.623,84.588,2,1.15352,26.07275,0.9873,1.25311,-2.85531,0.9802,1.24963,-0.35213,0.9893,65.59349872,-5.30889938,12.02045663,13.14061605
IMG_2403,16/04/2024,North ,Centrals,J12,21,31,Light blue ,2,single,single,Middle ,1,102.61,100.65,8489.53,38.494,-3.857,11.715,42.998,60.726,93.652,2,0.88821,34.49086,0.4817,1.22573,-1.58805,0.9694,1.25845,2.11885,0.7454,68.68161574,-6.31569061,16.86159175,18.00558869
IMG_2346,16/04/2024,North ,Centrals,J08,21,31,Light blue ,2,single,single,Middle ,26,93.08,85.23,6178.41,34.261,-1.958,9.901,40.273,59.623,84.588,2,0.94838,31.17317,0.6113,1.19389,-0.7765,0.97,1.2563,1.16882,0.798,63.66561718,-3.11413662,13.6074463,13.95924216
IMG_2404,16/04/2024,North ,Centrals,J12,21,31,Light blue ,2,single,single,Middle ,2,115.72,95.22,8776.67,27.032,-7.957,7.793,76.32,69.058,67.971,2,1.02515,34.81278,0.7099,1.33368,-1.91114,0.9722,1.42615,1.34572,0.8532,62.5246348,-12.52323176,12.45970695,17.66566248
IMG_2405,16/04/2024,North ,Centrals,J12,21,31,Light blue ,2,single,single,Middle ,3,107.79,79.03,6766.22,27.204,-4.581,13.709,46.422,94.308,68.214,2,1.05922,33.92666,0.744,1.34014,-1.78169,0.9714,1.43102,1.07851,0.8738,62.74168088,-7.92087134,20.69636318,22.16031705
IMG_2406,16/04/2024,North ,Centrals,J12,21,31,Light blue ,2,single,single,Middle ,4,120.78,88.9,8451.05,29.419,-3.945,15.252,41.983,99.547,74.135,2,1.13969,26.75561,0.9806,1.26225,-2.96223,0.9815,1.26245,-0.74946,0.987,60.28415011,-7.94180625,18.5054274,20.13760487
IMG_2407,16/04/2024,North ,Centrals,J12,21,31,Light blue ,2,single,single,Middle ,5,126.47,91.73,9072.48,31.007,-3.299,14.694,41.301,93.415,77.915,2,1.0162,33.26719,0.5951,1.29933,-1.64081,0.97,1.35718,2.14666,0.7831,64.7765034,-5.92729967,22.08906292,22.87049589
IMG_2408,16/04/2024,North ,Centrals,J12,21,31,Light blue ,2,single,single,Middle ,6,126.76,91.01,8948.3,25.27,-7.632,9.465,68.918,80.168,64.222,2,1.08735,32.18228,0.6525,1.31801,-1.72605,0.9707,1.40135,1.61594,0.8197,59.6596145,-11.78510232,14.87971775,18.98142874
IMG_2409,16/04/2024,North ,Centrals,J12,21,31,Light blue ,2,single,single,Middle ,7,111.4,110.68,9425.05,25.826,-6.487,8.438,65.482,68.584,64.494,2,1.12475,26.27846,0.9799,1.24883,-2.85608,0.9814,1.24439,-0.68466,0.9873,55.3262535,-10.95724021,9.81550282,14.71071747
IMG_2410,16/04/2024,North ,Centrals,J12,21,31,Light blue ,2,single,single,Middle ,8,124.02,89.7,8868.29,33.873,-2.505,13.082,38.782,77.399,84.718,2,1.04634,31.35136,0.654,1.26124,-1.75315,0.9696,1.33168,1.81164,0.8284,66.79403482,-4.9125562,19.23267776,19.8501663
IMG_2411,16/04/2024,North ,Centrals,J12,21,31,Light blue ,2,single,single,Middle ,9,91.07,86.17,6129.53,36.355,-3.478,11.874,43.492,66.599,90.008,2,1.10184,25.78232,0.9791,1.22274,-2.73196,0.9806,1.21736,-0.43321,0.9881,65.8397132,-6.98464972,14.02172264,15.66505785
IMG_2412,16/04/2024,North ,Centrals,J12,21,31,Light blue ,2,single,single,Middle ,10,102.65,74.87,6253.37,25.174,-4.733,11.629,49.398,86.647,63.442,2,0.97164,33.14903,0.6081,1.40679,-1.27292,0.9236,1.30455,1.95532,0.813,57.60909536,-7.93125707,17.12593195,18.87332466
IMG_2413,16/04/2024,North ,Centrals,J12,21,31,Light blue ,2,single,single,Middle ,11,105.55,88.41,7396.84,34.975,-1.329,14.394,35.076,85.535,89.097,1,0.70251,39.79986,0.3862,1.23351,-5.10551,0.8853,1.23239,3.41201,0.7535,64.37014725,-6.74484479,21.15103166,22.20042953
IMG_2414,16/04/2024,North ,Centrals,J12,21,31,Light blue ,2,single,single,Middle ,12,98.33,81.18,6405.56,29.435,-5.447,8.52,59.662,57.97,72.323,2,0.91995,30.08466,0.6165,1.12786,-1.82147,0.9713,1.18439,1.24882,0.8131,57.16338825,-7.96492342,11.3398228,13.85754618
IMG_2415,16/04/2024,North ,Centrals,J12,21,31,Light blue ,2,single,single,Middle ,13,123.18,87.7,8325.19,25.063,-5.463,15.46,48.501,113.062,63.808,2,1.10143,31.60186,0.5772,1.3584,-2.23768,0.975,1.3531,3.91819,0.7753,59.20700009,-9.6586192,24.837116,26.64903856
IMG_2416,16/04/2024,North ,Centrals,J12,21,31,Light blue ,2,single,single,Middle ,14,105.49,94.03,8023.11,29.39,-3.674,8.479,57.176,62.539,73.203,2,0.66677,43.33885,0.4097,1.29847,-5.29912,0.8989,1.29895,2.96791,0.7842,62.9352203,-10.06969878,13.98170705,17.23040817
IMG_2417,16/04/2024,North ,Centrals,J12,21,31,Light blue ,2,single,single,Middle ,15,122.27,90.94,8617.05,30.513,-3.514,11.267,43.999,71.734,75.396,2,1.17425,27.52556,0.977,1.31176,-2.68226,0.9811,1.31341,-0.40734,0.9876,63.35545025,-7.29178464,14.39085047,16.13278341
IMG_2418,16/04/2024,North ,Centrals,J12,21,31,Light blue ,2,single,single,Middle ,16,115.84,82.55,7487.27,28.26,-5.752,7.991,64.855,65.945,70.722,2,1.00629,30.32544,0.6634,1.20399,-1.77192,0.9718,1.27349,1.52364,0.8372,58.7631954,-8.69727048,11.70009859,14.57857403
IMG_2419,16/04/2024,North ,Centrals,J12,21,31,Light blue ,2,single,single,Middle ,17,135.81,88.92,9302.26,25.969,-7.004,8.818,67.494,72.653,65.285,2,1.07194,32.64095,0.6313,1.32309,-1.53956,0.9697,1.3973,1.9197,0.8071,60.47815986,-10.80648236,14.2410914,17.8770452
IMG_2420,16/04/2024,North ,Centrals,J12,21,31,Light blue ,2,single,single,Middle ,18,115.42,86.03,7908.14,26.083,-7.441,6.889,81.095,66.144,65.866,2,1.01105,29.44971,0.67,1.18463,-1.60191,0.9715,1.25695,1.26118,0.8422,55.82092715,-10.41674183,9.92030855,14.38474998
IMG_2421,16/04/2024,North ,Centrals,J12,21,31,Light blue ,2,single,single,Middle ,19,105.51,74.88,6088.01,32.605,-2.253,12.399,38.203,76.245,81.658,2,1.09881,31.02311,0.6569,1.323,-2.42395,0.9723,1.33197,3.76025,0.7896,66.84981005,-5.404669,20.27534603,20.98332918
IMG_2422,16/04/2024,North ,Centrals,J12,21,31,Light blue ,2,single,single,Middle ,20,105.93,98.49,7821.67,31.419,-4.825,14.221,46.093,89.012,78.677,2,1.04648,31.81261,0.6101,1.30299,-2.38269,0.9714,1.29452,4.14687,0.762,64.69196512,-8.66961675,22.55623892,24.16497815
IMG_2423,16/04/2024,North ,Centrals,J12,21,31,Light blue ,2,single,single,Middle ,21,106.81,87.4,7398.93,29.876,-5.529,10.047,58.121,68.47,74.232,2,0.70952,33.77515,0.414,1.00448,-4.68576,0.8829,1.0292,3.1009,0.8149,54.97276952,-10.23952992,13.4412724,16.8972121
IMG_2424,16/04/2024,North ,Centrals,J12,21,31,Light blue ,2,single,single,Middle ,22,96.39,81.42,6164.97,25.984,-6.486,11.902,55.008,85.347,64.745,2,0.82985,34.33007,0.6531,1.12315,-1.72115,0.9685,1.19219,0.98882,0.824,55.8928924,-9.0059009,15.17826538,17.64896572
IMG_2425,16/04/2024,North ,Centrals,J12,21,31,Light blue ,2,single,single,Middle ,23,105.44,86.09,8032.72,32.167,-3.433,12.573,44.019,77.988,80.382,2,1.19175,27.27158,0.9813,1.31807,-2.77242,0.9809,1.31568,-0.36744,0.9883,65.60660225,-7.29735431,16.17460464,17.74455452
IMG_2427,16/04/2024,North ,Centrals,J12,21,31,Light blue ,2,single,single,Middle ,24,91.79,77.9,5672.38,31.17,-6.517,9.293,61.269,61.936,77.048,2,0.91114,20.14671,0.9792,1.05525,-2.53773,0.9617,1.02345,-0.28709,0.983,48.5469438,-9.41479425,9.22383085,13.18018992
IMG_2429,17/04/2024,North ,Lillies,D22,22,19,Purple,5,double,double,Middle ,1,80.93,56.16,3576.97,30.671,-3.162,7.589,50.854,49.226,75.018,2,1.15403,23.99339,0.9866,1.19911,-2.23132,0.9821,1.20926,-1.01261,0.9916,59.38864413,-6.02290582,8.16446414,10.14563301
IMG_2430,17/04/2024,North ,Lillies,D22,22,19,Purple,5,double,double,Middle ,2,84.87,51.49,3526.38,32.45,-2.23,8.245,48.114,50.538,79.9,2,1.26048,25.50019,0.9829,1.30503,-2.62775,0.98,1.3092,-0.45574,0.9914,66.402766,-5.5379669,10.338614,11.72842772
IMG_2431,17/04/2024,North ,Lillies,D22,22,19,Purple,5,double,double,Middle ,3,83.49,59.05,3842.33,28.537,-4.485,6.053,71.305,49.222,70.85,2,1.15773,23.25822,0.9792,1.18661,-2.51637,0.9807,1.19366,-0.96088,0.9919,56.29636101,-7.83831585,6.26434398,10.03400224
IMG_2432,17/04/2024,North ,Lillies,D22,22,19,Purple,5,double,double,Middle ,4,79.62,59.45,3790.66,31.806,-6,7.177,72.671,59.791,79.619,2,1.20936,24.68994,0.9834,1.25815,-2.55257,0.9798,1.26071,-0.76599,0.9918,63.15484416,-10.10147,8.28212567,13.06266825
IMG_2433,17/04/2024,North ,Lillies,D22,22,19,Purple,5,double,double,Middle ,5,65.33,57.53,2904.39,27.983,-3.375,7.228,52.286,50.447,68.481,2,1.16175,23.19465,0.9806,1.19163,-2.53112,0.9814,1.19738,-0.92249,0.992,55.70390025,-6.55287125,7.73217264,10.13541392
IMG_2434,17/04/2024,North ,Lillies,D22,22,19,Purple,5,double,double,Middle ,6,79.87,58.53,3703.36,25.722,-5.551,5.93,71.04,49.544,63.709,2,1.22696,24.88324,0.9833,1.27656,-2.62536,0.9814,1.28045,-0.9173,0.9914,56.44310512,-9.71154456,6.6757685,11.78473516
IMG_2435,17/04/2024,North ,Lillies,D22,22,19,Purple,5,double,double,Middle ,7,78.13,59.88,3700.84,27.749,-4.669,7.032,60.434,52.359,68.229,2,1.09804,21.97623,0.9769,1.12365,-2.44566,0.9821,1.12788,-0.98925,0.9926,52.44574196,-7.69198185,6.94200216,10.36136954
IMG_2436,17/04/2024,North ,Lillies,D22,22,19,Purple,5,double,double,Middle ,8,85.81,63.23,4414.73,29.863,-2.933,10.959,50.109,74.743,76.457,2,1.17683,23.92853,0.9821,1.21763,-2.58775,0.9815,1.22127,-0.88852,0.9923,59.07220429,-6.15905879,12.49537793,13.93084616
IMG_2437,17/04/2024,North ,Lillies,D22,22,19,Purple,5,double,double,Middle ,9,83.9,63.4,4275.92,28.782,-7.899,3.705,94.96,57.168,71.682,2,1.13364,22.75236,0.9808,1.1656,-2.45435,0.9829,1.1702,-1.07665,0.992,55.38078648,-11.6614244,3.258941,12.10824163
IMG_2438,17/04/2024,North ,Lillies,D22,22,19,Purple,5,double,double,Middle ,10,66.29,52.05,2799.46,28.185,-3.536,6.192,54.815,44.16,68.621,2,1.16061,23.51983,0.9812,1.19459,-2.50755,0.9806,1.20202,-0.96964,0.9922,56.23162285,-6.73162024,6.47326784,9.33905282
IMG_2439,17/04/2024,North ,Lillies,D22,22,19,Purple,5,double,double,Middle ,11,78.89,54.41,3442.33,27.864,-3.774,6.164,64.906,48.536,68.367,2,1.17033,23.49417,0.972,1.222,-2.01714,0.9811,1.21298,-0.67754,0.9922,56.10424512,-6.628968,6.79926872,9.495960819
IMG_2440,17/04/2024,North ,Lillies,D22,22,19,Purple,5,double,double,Middle ,12,79.73,66.4,4146.21,34.305,-0.362,11.001,34.92,68.574,87.138,1,1.16677,23.49589,0.9796,1.19661,-2.59419,0.9811,1.20064,-0.59933,0.9925,63.52193485,-3.02736282,12.60891064,12.96724925
IMG_2441,17/04/2024,North ,Lillies,D22,22,19,Purple,5,double,double,Middle ,13,97.38,61.87,4554.65,32.698,-6.961,5.27,86.262,54.617,81.153,2,1.14202,23.02245,0.9799,1.17485,-2.4846,0.9825,1.18194,-1.00651,0.9923,60.36421996,-10.66273085,5.2223138,11.87292679
IMG_2442,17/04/2024,North ,Lillies,D22,22,19,Purple,5,double,double,Middle ,14,79.69,62.55,3930.87,33.569,-4.737,6.865,61.609,44.678,81.89,2,1.26124,25.48932,0.9834,1.30758,-2.62848,0.9801,1.3135,-0.48383,0.9916,67.82788556,-8.82248646,8.5333475,12.2741308
IMG_2443,17/04/2024,North ,Lillies,D22,22,19,Purple,5,double,double,Middle ,15,74.13,53.83,3115.91,31.825,-3.118,10.021,46.771,63.07,79.159,2,1.09784,21.86998,0.9777,1.11918,-2.49752,0.9812,1.12401,-1.03107,0.9921,56.808738,-5.98712324,10.23263421,11.85548175
IMG_2444,17/04/2024,North ,Lillies,D22,22,19,Purple,5,double,double,Middle ,16,70.19,60.01,3476.25,26.364,-7.211,3.728,94.091,57.096,65.876,2,1.09673,21.87757,0.9786,1.12076,-2.5697,0.9826,1.12539,-1.05129,0.9921,50.79175972,-10.65150036,3.14416392,11.10586452
IMG_2445,17/04/2024,North ,Lillies,D22,22,19,Purple,5,double,double,Middle ,17,76.41,59.18,3638.6,33.21,-3.4,7.942,50.142,48.938,80.979,2,1.12867,22.78748,0.9797,1.16196,-2.50774,0.982,1.16224,-0.6526,0.9922,60.2706107,-6.458404,8.57791008,10.73738905
IMG_2446,17/04/2024,North ,Lillies,D22,22,19,Purple,5,double,double,Middle ,18,77.86,57.79,3630.2,30.071,-4.75,6.471,65.387,46.822,73.841,2,1.21535,24.64869,0.9831,1.25851,-2.3759,0.9812,1.27338,-1.02864,0.9918,61.19547985,-8.3538225,7.21140198,11.03588097
IMG_2447,17/04/2024,North ,Lillies,D22,22,19,Purple,5,double,double,Middle ,19,67.67,48.85,2591.92,34.824,-2.045,6.068,45.531,35.182,83.926,2,1.14909,23.17396,0.9797,1.18067,-2.58616,0.9823,1.18643,-0.73846,0.9922,63.18987016,-5.00063015,6.46079724,8.169957336
IMG_2448,17/04/2024,North ,Lillies,D22,22,19,Purple,5,double,double,Middle ,20,79.46,58.49,3828.79,37.7,-5.678,4.757,81.583,37.043,92.016,2,1.07224,21.16843,0.9746,1.10487,-1.99244,0.9827,1.10018,-1.13316,0.9912,61.591878,-8.26589186,4.10039626,9.227037321
IMG_2449,17/04/2024,North ,Lillies,D22,22,19,Purple,5,double,double,Middle ,21,75.59,58.82,3600.56,28.902,-7.97,4.073,95.403,60.863,72.217,2,1.11798,22.40797,0.9739,1.15925,-2.00716,0.9827,1.16033,-1.02521,0.9926,54.71982796,-11.2463825,3.70081409,11.83964291
IMG_2450,17/04/2024,North ,Lillies,D22,22,19,Purple,5,double,double,Middle ,22,80.5,61.5,3932.31,31.897,-5.275,5.64,71.695,41.138,77.872,2,1.15144,23.54494,0.9719,1.20603,-2.05669,0.9781,1.19704,-0.96056,0.9916,60.27242168,-8.41849825,5.7907456,10.21782009
IMG_2453,17/04/2024,North ,Lillies,D22,22,19,Purple,5,double,double,Middle ,23,82.74,60.53,3964.35,34.792,-2.492,7.842,46.506,46.39,84.852,2,1.13735,22.98997,0.9779,1.17011,-2.45081,0.982,1.17595,-1.04691,0.9922,62.5606512,-5.36672412,8.1748899,9.779087517
IMG_2454,17/04/2024,North ,Lillies,D22,22,19,Purple,5,double,double,Middle ,24,86.08,64.44,4445.61,31.782,-2.157,10.843,42.772,69.207,79.641,2,1.08608,21.63781,0.9746,1.1192,-1.8827,0.9813,1.1157,-0.89026,0.9921,56.15560456,-4.2968144,11.2072751,12.00273424
IMG_2458,17/04/2024,North ,Lillies,D21,22,19,Purple,5,double,double,Middle ,1,84.2,64.01,4385.63,28.482,-8.495,4.429,94.859,64.959,71.515,2,1.20528,26.76571,0.969,1.28407,-2.22324,0.9794,1.29449,-1.11744,0.989,61.09449496,-13.13141465,4.61585621,13.91905813
IMG_2459,17/04/2024,North ,Lillies,D21,22,19,Purple,5,double,double,Middle ,2,78.91,62.98,3972.69,32.435,-7.208,6.931,81.654,65.304,81.663,2,1.23103,27.01557,0.9672,1.30524,-2.19159,0.9765,1.30576,-0.83448,0.99,66.94402805,-11.59975992,8.21574256,14.21452975
IMG_2460,17/04/2024,North ,Lillies,D21,22,19,Purple,5,double,double,Middle ,3,78.72,55.07,3493.46,31.886,-3.133,10.366,48.457,66.329,79.727,2,1.31783,26.31787,0.9579,1.39628,-1.65364,0.9853,1.38731,-0.69903,0.9894,68.33819738,-6.02818524,13.68182546,14.95096536
IMG_2461,17/04/2024,North ,Lillies,D21,22,19,Purple,5,double,double,Middle ,4,0,0,0,38.837,-2.495,10.785,41.965,57.863,95.7,2,1.19748,24.44577,0.9674,1.25646,-1.96916,0.9798,1.25403,-0.95595,0.9921,70.95230076,-5.1040277,12.56876355,13.56557835
IMG_2462,17/04/2024,North ,Lillies,D21,22,19,Purple,5,double,double,Middle ,5,0,0,0,37.851,-0.412,13.532,33.429,77.405,96.988,1,1.13017,23.47856,0.9666,1.19787,-1.93148,0.9776,1.17917,-0.81114,0.9919,66.25662467,-2.42500244,15.14538844,15.33829938
IMG_2463,17/04/2024,North ,Lillies,D21,22,19,Purple,5,double,double,Middle ,6,78.3,50.6,3028.45,27.962,-8.605,3.403,99.612,65.304,70.083,2,1.13781,23.6518,0.9659,1.1913,-2.44374,0.9801,1.18783,-0.88636,0.9925,55.46724322,-12.6948765,3.15582549,13.08125085
IMG_2464,17/04/2024,North ,Lillies,D21,22,19,Purple,5,double,double,Middle ,7,75.4,55.98,3279.6,31.142,-1.608,7.207,41.059,47.187,76.307,2,1.207,24.88867,0.9673,1.26455,-2.43323,0.9783,1.25615,-0.41614,0.9926,62.477064,-4.4666264,8.63693305,9.723546879
IMG_2465,17/04/2024,North ,Lillies,D21,22,19,Purple,5,double,double,Middle ,8,0,0,0,36.332,-3.818,9.896,47.502,55.242,88.916,2,1.14111,23.39167,0.9692,1.19984,-1.9815,0.9815,1.19004,-0.84061,0.9923,64.85047852,-6.56248912,10.93602584,12.75393761
IMG_2466,17/04/2024,North ,Lillies,D21,22,19,Purple,5,double,double,Middle ,9,75.61,54.2,3193.79,34.608,-2.682,8.348,43.752,47.918,83.817,2,1.28844,26.43175,0.9682,1.35436,-2.27585,0.9793,1.35077,-0.46613,0.9916,71.02208152,-5.90824352,10.81009796,12.31931651
IMG_2467,17/04/2024,North ,Lillies,D21,22,19,Purple,5,double,double,Middle ,10,84.93,59.85,3751.5,36.75,-3.666,7.647,57.731,47.152,90.479,2,1.19107,24.6544,0.968,1.24268,-2.2409,0.9788,1.24498,-0.62025,0.9929,68.4262225,-6.79656488,8.90011206,11.19845029
IMG_2468,17/04/2024,North ,Lillies,D21,22,19,Purple,5,double,double,Middle ,11,0,0,0,33.643,-2.423,7.31,47.495,44.612,81.788,2,1.09871,22.32797,0.97,1.154,-1.92034,0.9812,1.13761,-1.02761,0.9915,59.29187053,-4.716482,7.2883191,8.681290098
IMG_2469,17/04/2024,North ,Lillies,D21,22,19,Purple,5,double,double,Middle ,12,70.06,53.61,2982.76,34.548,-3.353,4.82,61.763,30.784,83.307,2,1.15553,24.00462,0.9666,1.2028,-2.34411,0.98,1.20717,-0.89745,0.9921,63.92587044,-6.3770984,4.9211094,8.055104079
IMG_2470,17/04/2024,North ,Lillies,D21,22,19,Purple,5,double,double,Middle ,13,76.37,57.24,3476.27,31.669,-5.087,7.44,62.573,50.065,77.539,2,1.26299,25.83826,0.9706,1.31856,-2.16948,0.9794,1.32066,-0.50781,0.9923,65.83589031,-8.87699472,9.3179004,12.8695106
IMG_2471,17/04/2024,North ,Lillies,D21,22,19,Purple,5,double,double,Middle ,14,72.16,52.99,2992.86,36.507,-4.798,7.433,61.293,44.815,89.177,2,1.15507,24.16456,0.9642,1.20629,-2.50305,0.9786,1.20239,-0.38983,0.9926,66.33270049,-8.29082942,8.54753487,11.90790514
IMG_2472,17/04/2024,North ,Lillies,D21,22,19,Purple,5,double,double,Middle ,15,74.51,55.2,3432.41,32.242,-4.741,6.387,63.727,41.897,78.439,2,1.14615,23.77436,0.9668,1.19726,-2.57059,0.9786,1.18872,-0.31813,0.9929,60.7285283,-8.24679966,7.27422464,10.99654713
IMG_2473,17/04/2024,North ,Lillies,D21,22,19,Purple,5,double,double,Middle ,16,77.11,55.08,3440.7,31.636,-2.637,6.845,50.144,44.613,77.233,2,1.25589,25.75727,0.9695,1.31629,-2.34912,0.9787,1.3117,-0.43971,0.9924,65.48860604,-5.82017673,8.5388765,10.33377322
IMG_2474,17/04/2024,North ,Lillies,D21,22,19,Purple,5,double,double,Middle ,17,82.28,60.08,4015.21,31.202,-6.753,4.415,88.249,45.586,76.866,2,1.32956,25.78448,0.9709,1.38794,-2.26573,0.9828,1.37174,-0.4639,0.9903,67.26941112,-11.63848882,5.5923321,12.91234295
IMG_2475,17/04/2024,North ,Lillies,D21,22,19,Purple,5,double,double,Middle ,18,77.11,55.88,3531.43,33.244,-3.755,7.303,56.23,45.039,81.168,2,1.15003,23.80917,0.9653,1.19848,-2.40936,0.978,1.19241,-0.4915,0.9926,62.04076732,-6.9096524,8.21667023,10.73577971
IMG_2476,17/04/2024,North ,Lillies,D21,22,19,Purple,5,double,double,Middle ,19,80.38,60.01,3864.1,32.431,-0.811,7.018,36.866,45.652,79.876,1,1.15202,23.86567,0.9649,1.19947,-2.54709,0.9785,1.19249,-0.32667,0.9924,61.22683062,-3.51986017,8.04222482,8.778769599
IMG_2477,17/04/2024,North ,Lillies,D21,22,19,Purple,5,double,double,Middle ,20,71.71,50.77,3049.67,35.446,-2.442,8.354,45.004,49.506,86.809,2,0.94721,33.49084,0.6792,1.31021,-2.46235,0.95,1.21448,1.44022,0.867,67.06564566,-5.66188282,11.58598592,12.89542503
IMG_2478,17/04/2024,North ,Lillies,D21,22,19,Purple,5,double,double,Middle ,21,74.08,56.3,3378.45,34.26,-3.783,7.695,53.06,46.155,83.296,2,1.37366,26.86557,0.9648,1.44621,-2.30845,0.9841,1.42884,-0.35708,0.9903,73.9271616,-7.77946243,10.6378438,13.17891332
IMG_2479,17/04/2024,North ,Lillies,D21,22,19,Purple,5,double,double,Middle ,22,76.79,53.71,3298.93,21.238,-5.397,4.156,84.262,50.746,53.68,2,1.3276,25.67526,0.9722,1.38498,-2.0126,0.9835,1.3747,-0.53727,0.9913,53.8708288,-9.48733706,5.1759832,10.80742183
IMG_2480,17/04/2024,North ,Lillies,D21,22,19,Purple,5,double,double,Middle ,23,81.15,56.5,3721.71,32.872,-3.266,6.202,56.489,38.866,79.439,2,1.17833,24.25638,0.9677,1.22074,-2.5592,0.9775,1.2183,-0.3671,0.9923,62.99044376,-6.54613684,7.1887966,9.722690167
IMG_2481,17/04/2024,North ,Lillies,D21,22,19,Purple,5,double,double,Middle ,24,78.25,61.95,3875.22,27.943,-4.377,4.892,73.374,40.569,68.484,2,1.1689,24.29112,0.967,1.21469,-2.33145,0.9786,1.21614,-0.48256,0.9925,56.9536927,-7.64814813,5.46679688,9.401065788
IMG_2483,17/04/2024,North ,Lillies,E22,22,19,Purple,5,mixed,single,Middle ,1,90.66,65.46,4713.91,28.061,-5.361,10.816,53.853,75.874,69.995,2,1.20036,25.78363,0.9759,1.25173,-2.66617,0.9779,1.25764,-0.74771,0.9907,59.46693196,-9.37669453,12.85492424,15.91136316
IMG_2484,17/04/2024,North ,Lillies,E22,22,19,Purple,5,mixed,single,Middle ,2,92.3,69.91,5308.87,29.32,-5.491,10.71,54.201,72.552,72.734,2,1.20442,25.70629,0.9768,1.2526,-2.67951,0.9777,1.26045,-0.7262,0.9911,61.0198844,-9.5575366,12.7732195,15.9531076
IMG_2485,17/04/2024,North ,Lillies,E22,22,19,Purple,5,mixed,single,Middle ,3,80.45,64.62,4158.1,33.365,-5.343,14.134,48.791,85.093,83.667,2,1.06767,22.57949,0.9731,1.09447,-2.49419,0.9781,1.09801,-0.95327,0.9902,58.20229955,-8.34194321,14.56600334,16.78560305
IMG_2486,17/04/2024,North ,Lillies,E22,22,19,Purple,5,mixed,single,Middle ,4,80.35,76.86,4874.46,33.257,-2.383,10.857,40.506,65.486,82.095,2,1.12444,23.91617,0.9742,1.16377,-2.49728,0.9787,1.16833,-0.79086,0.9914,61.31167108,-5.27054391,11.89369881,13.0091777
IMG_2487,17/04/2024,North ,Lillies,E22,22,19,Purple,5,mixed,single,Middle ,5,93.16,67.49,5001.02,27.898,-6.002,10.417,60.277,76.93,70.348,2,1.05667,22.21959,0.9704,1.08552,-1.92357,0.9793,1.087,-1.04942,0.9894,51.69856966,-8.43886104,10.273859,13.29535838
IMG_2488,17/04/2024,North ,Lillies,E22,22,19,Purple,5,mixed,single,Middle ,6,89.3,70.91,5069.96,30.633,-2.129,10.867,38.645,70.819,76.213,2,1.16642,24.84012,0.9767,1.2081,-2.44624,0.9776,1.21804,-0.7322,0.9911,60.57106386,-5.0182849,12.50424068,13.47364904
IMG_2489,17/04/2024,North ,Lillies,E22,22,19,Purple,5,mixed,single,Middle ,7,71.01,55.61,3098.73,30.092,-4.798,7.638,60.161,52.843,73.832,2,1.12584,23.60496,0.9736,1.16153,-2.28323,0.9799,1.1678,-0.83362,0.9915,57.48373728,-7.85625094,8.0860364,11.2740704
IMG_2490,17/04/2024,North ,Lillies,E22,22,19,Purple,5,mixed,single,Middle ,8,80.11,62.09,3962.63,32.593,-3.172,11.628,44.902,71.725,81.466,2,1.21999,25.58188,0.9773,1.26941,-2.42617,0.9788,1.27699,-0.6982,0.9912,65.34501407,-6.45273852,14.15063972,15.55244157
IMG_2491,17/04/2024,North ,Lillies,E22,22,19,Purple,5,mixed,single,Middle ,9,83.01,69.67,4576.33,31.517,-3.711,14.835,44.457,90.405,79.697,2,1.2181,25.56205,0.9752,1.26666,-2.50927,0.9782,1.27498,-0.64295,0.9911,63.9529077,-7.20984526,18.2713783,19.64243197
IMG_2492,17/04/2024,North ,Lillies,E22,22,19,Purple,5,mixed,single,Middle ,10,84.29,67.44,4584.73,32.354,-3.134,12.286,43.082,75.923,79.975,2,1.25412,26.10942,0.9778,1.30195,-2.42236,0.9802,1.31247,-0.62034,0.9912,66.68521848,-6.5026713,15.50466642,16.81307274
IMG_2495,17/04/2024,North ,Lillies,E22,22,19,Purple,5,mixed,single,Middle ,13,79.87,56.46,3734.66,34.615,0.848,13.494,33.882,84.82,90.451,1,1.22597,25.89273,0.9774,1.27885,-2.48858,0.9781,1.2825,-0.61143,0.9907,68.32968155,-1.4041152,16.694625,16.75356808
IMG_2496,17/04/2024,North ,Lillies,E22,22,19,Purple,5,mixed,single,Middle ,14,85.35,65.86,4644.26,23.43,-5.214,7.105,63.067,59.997,58.554,2,1.08652,22.8965,0.9736,1.12007,-2.29773,0.9787,1.12247,-0.80008,0.9912,48.3536636,-8.13777498,7.17506935,10.8491936
IMG_2498,17/04/2024,North ,Lillies,E22,22,19,Purple,5,mixed,single,Middle ,16,89.61,81.81,5821.13,32.408,-3.4,10.414,46.155,64.612,80.008,2,1.25105,26.00576,0.9774,1.30016,-2.5321,0.9783,1.308,-0.56594,0.9914,66.5497884,-6.952644,13.055572,14.79145763
IMG_2499,17/04/2024,North ,Lillies,E22,22,19,Purple,5,mixed,single,Middle ,17,76.62,71.9,4576.12,28.4,-3.642,14.779,41.507,97.076,71.105,2,1.25318,25.89987,0.9781,1.30146,-2.39394,0.9796,1.31207,-0.62606,0.9918,61.490182,-7.13385732,18.76502253,20.07530799
IMG_2500,17/04/2024,North ,Lillies,E22,22,19,Purple,5,mixed,single,Middle ,18,87.99,70.08,4924.6,31.354,-3.665,10.807,45.037,67.866,77.062,2,1.20822,25.47132,0.971,1.25201,-2.5047,0.9766,1.25465,-0.42223,0.9909,63.35384988,-7.09331665,13.13677255,14.92949879
IMG_2501,17/04/2024,North ,Lillies,E22,22,19,Purple,5,mixed,single,Middle ,19,81.36,67.12,4201.8,31.977,-3.584,11.026,44.374,67.904,78.575,2,1.12837,23.78213,0.9734,1.1638,-2.38361,0.9785,1.17097,-0.75698,0.9916,59.86401749,-6.5546692,12.15413522,13.8089352
IMG_2502,17/04/2024,North ,Lillies,E22,22,19,Purple,5,mixed,single,Middle ,20,89.66,71.54,5188.02,28.127,-3.571,16.824,42.134,110.481,71.07,2,1.23875,26.2191,0.977,1.29863,-2.50148,0.979,1.30061,-0.53544,0.9911,61.06142125,-7.13888773,21.34602264,22.50814076
IMG_2503,17/04/2024,North ,Lillies,E22,22,19,Purple,5,mixed,single,Middle ,21,92.51,75.08,5526.33,29.452,-1.305,13.124,35.849,89.19,75.213,1,1.03732,21.25331,0.9723,1.06401,-1.75238,0.9796,1.06325,-1.09662,0.9911,51.80445864,-3.14091305,12.857473,13.23555616
IMG_2504,17/04/2024,North ,Lillies,E22,22,19,Purple,5,mixed,single,Middle ,22,84.35,68.64,4637.83,28.173,-4.903,7.396,62.498,55.389,69.507,2,1.09387,22.66623,0.9742,1.12473,-2.48977,0.9792,1.1228,-0.68864,0.9915,53.48382951,-8.00432119,7.6155888,11.04836415
IMG_2505,17/04/2024,North ,Lillies,E22,22,19,Purple,5,mixed,single,Middle ,23,78.44,77.11,4932.32,25.238,-1.749,12.192,41.579,88.168,65.515,2,1.19544,24.85542,0.9768,1.24031,-2.42471,0.9779,1.24179,-0.63106,0.9918,55.02593472,-4.59401219,14.50884368,15.2187875
IMG_2506,17/04/2024,North ,Lillies,E22,22,19,Purple,5,mixed,single,Middle ,24,86.53,70.67,4755.68,31.328,-1.938,12.129,38.038,78.763,78.866,1,0.92913,33.15915,0.7191,1.28,-3.21559,0.9464,1.23671,-0.38931,0.8947,62.26693464,-5.69623,14.61074559,15.68186605
IMG_2507,17/04/2024,North ,Lillies,E22,22,19,Purple,5,mixed,single,Middle ,25,96.61,73.39,5577.88,23.404,-7.372,9.258,65.387,77.987,59.514,2,1.28094,26.27891,0.9794,1.33209,-2.446,0.9785,1.33655,-0.45347,0.9911,56.25802976,-12.26616748,11.9203099,17.10417062
IMG_2508,17/04/2024,North ,Lillies,E22,22,19,Purple,5,mixed,single,Middle ,26,73.29,69.19,4117.79,26.661,-5.714,9.917,60.033,76.932,67.635,2,1.23539,25.74698,0.979,1.28927,-2.45844,0.9788,1.29211,-0.56129,0.9914,58.68371279,-9.82532878,12.25256487,15.70549049
IMG_2509,17/04/2024,North ,Lillies,E22,22,19,Purple,5,mixed,single,Middle ,27,90.13,72.82,5330.73,30.115,-1.399,16.68,34.407,108.875,77.893,1,1.23069,25.75389,0.9755,1.28267,-2.36689,0.979,1.28709,-0.60022,0.9915,62.81611935,-4.16134533,20.8684412,21.27930058
IMG_2510,17/04/2024,North ,Lillies,E22,22,19,Purple,5,mixed,single,Middle ,28,82.65,77.46,5060.96,30.017,-3.505,11.636,43.536,75.44,74.629,2,1.13556,23.48835,0.9735,1.17111,-2.33136,0.9797,1.17277,-0.70756,0.9919,57.57445452,-6.43610055,12.93879172,14.45114949
IMG_2511,17/04/2024,North ,Lillies,E21,22,19,Purple,5,mixed,single,Middle ,1,94.01,68.91,5155.22,35.979,-3.418,11.247,43.107,62.525,88.011,2,1.16692,24.17416,0.9687,1.2144,-2.39434,0.9783,1.2092,-0.53043,0.9919,66.15877468,-6.5451592,13.0694424,14.61675181
IMG_2512,17/04/2024,North ,Lillies,E21,22,19,Purple,5,mixed,single,Middle ,2,85.23,63.66,4324.97,29.048,-4.974,9.672,53.881,65.677,71.698,2,1.10168,22.815,0.9681,1.13809,-2.17456,0.9801,1.14146,-0.8523,0.9923,54.81660064,-7.83541966,10.18790112,12.85251456
IMG_2513,17/04/2024,North ,Lillies,E21,22,19,Purple,5,mixed,single,Middle ,3,84.52,62.06,4268.18,30.078,-4.343,9.929,51.423,66.157,74.541,2,1.28497,25.93527,0.973,1.33727,-2.32015,0.979,1.34037,-0.49709,0.992,64.58459766,-8.12791361,12.81144373,15.17221375
IMG_2514,17/04/2024,North ,Lillies,E21,22,19,Purple,5,mixed,single,Middle ,4,77.77,60.96,3844.93,27.818,-2.06,8.783,43.616,61.631,69.003,2,1.27741,26.03278,0.9747,1.33185,-2.27103,0.9791,1.33456,-0.60239,0.9915,61.56777138,-5.014641,11.11905048,12.19753696
IMG_2515,17/04/2024,North ,Lillies,E21,22,19,Purple,5,mixed,single,Middle ,5,65.85,59.68,3083.27,30.846,-4.128,10.083,51.798,65.668,76.853,2,1.153,24.33374,0.9678,1.19762,-2.41291,0.9777,1.20041,-0.81862,0.9914,59.899178,-7.35668536,11.28511403,13.47125154
IMG_2516,17/04/2024,North ,Lillies,E21,22,19,Purple,5,mixed,single,Middle ,6,91.54,62.77,4572.76,28.566,-6.418,9.384,60.346,67.372,71.059,2,1.24279,26.30946,0.9713,1.303,-2.39573,0.9785,1.30902,-0.65001,0.991,61.81099914,-10.758384,11.63383368,15.84578532
IMG_2517,17/04/2024,North ,Lillies,E21,22,19,Purple,5,mixed,single,Middle ,7,93.17,76.3,5713.47,26.236,-6.066,7.086,67.761,59.463,65.426,2,1.32084,26.58669,0.9694,1.38887,-2.09795,0.9843,1.38367,-0.63077,0.9902,61.24024824,-10.52283542,9.17391562,13.96032926
IMG_2518,17/04/2024,North ,Lillies,E21,22,19,Purple,5,mixed,single,Middle ,8,76.2,74.3,4428.04,31.625,-3.427,16.098,44.938,100.443,81.219,2,1.3129,26.6026,0.9703,1.37828,-2.11306,0.9842,1.37372,-0.58754,0.9897,68.1230625,-6.83642556,21.52660456,22.58608904
IMG_2519,17/04/2024,North ,Lillies,E21,22,19,Purple,5,mixed,single,Middle ,9,65.24,55.81,2972.96,30.17,-4.309,8.413,55.799,56.998,74.371,2,1.09698,23.37682,0.969,1.13972,-2.46459,0.9782,1.13821,-0.81098,0.9915,56.4727066,-7.37564348,8.76478073,11.45519524
IMG_2520,17/04/2024,North ,Lillies,E21,22,19,Purple,5,mixed,single,Middle ,10,91.58,73.04,5191.6,26.541,-7.545,5.758,84.406,58.659,66.48,2,1.31433,26.66964,0.9675,1.38148,-2.18636,0.9843,1.37511,-0.51339,0.9898,61.55327253,-12.6096266,7.40449338,14.62290003
IMG_2521,17/04/2024,North ,Lillies,E21,22,19,Purple,5,mixed,single,Middle ,11,86.97,66.64,4601.48,35.463,-2.57,14.02,38.534,79.206,88.973,2,1.3146,26.42626,0.9685,1.37532,-2.07071,0.9839,1.37562,-0.52615,0.9903,73.0459198,-5.6052824,18.7600424,19.57953987
IMG_2522,17/04/2024,North ,Lillies,E21,22,19,Purple,5,mixed,single,Middle ,12,89.91,68.58,5005.99,26.645,-4.689,8.073,63.457,61.974,66.497,2,1.3234,26.39919,0.9724,1.38462,-2.02861,0.9848,1.38292,-0.70684,0.9903,61.661183,-8.52109318,10.45747316,13.48954313
IMG_2523,17/04/2024,North ,Lillies,E21,22,19,Purple,5,mixed,single,Middle ,13,76.89,73.4,4386.52,26.876,-1.824,9.317,42.559,68.264,67.841,2,1.24801,26.37937,0.9696,1.30681,-2.60194,0.9772,1.31136,-0.51504,0.9914,59.92088676,-4.98556144,11.70290112,12.72060209
IMG_2524,17/04/2024,North ,Lillies,E21,22,19,Purple,5,mixed,single,Middle ,14,87.74,72.98,5120.43,28.553,-2.866,11.375,40.765,76.136,70.97,2,1.31458,26.58267,0.9693,1.38102,-2.23449,0.9836,1.37471,-0.49822,0.9903,64.11787274,-6.19249332,15.13910625,16.35663509
IMG_2525,17/04/2024,North ,Lillies,E21,22,19,Purple,5,mixed,single,Middle ,15,77.46,70.75,4390.47,30.642,-4.807,8.99,54.793,62.001,75.971,2,1.25024,26.2629,0.9704,1.30214,-2.29955,0.9777,1.31099,-0.67259,0.9911,64.57275408,-8.55893698,11.1132101,14.02707528
IMG_2526,17/04/2024,North ,Lillies,E21,22,19,Purple,5,mixed,single,Middle ,16,74.67,65.6,3873.26,29.433,-8.271,7.811,78.742,72.133,74.238,2,0.92024,31.67809,0.7239,1.23145,-2.95783,0.9518,1.19446,-0.19828,0.9105,58.76351392,-13.14315295,9.13164706,16.00404472
IMG_2527,17/04/2024,North ,Lillies,E21,22,19,Purple,5,mixed,single,Middle ,17,77.1,74.87,4598.97,30.927,-5.512,9.356,56.778,63.625,76.695,2,1.24221,26.32606,0.9699,1.29846,-2.48554,0.9773,1.30504,-0.59385,0.991,64.74388867,-9.64265152,11.61610424,15.09684093
IMG_2528,17/04/2024,North ,Lillies,E21,22,19,Purple,5,mixed,single,Middle ,18,74.76,74.61,4374.53,32.507,-4.708,9.472,55.405,60.2,80.293,2,1.30518,26.41351,0.9725,1.36926,-2.07427,0.985,1.37014,-0.70505,0.99,68.84099626,-8.52074608,12.27291608,14.94080262
IMG_2529,17/04/2024,North ,Lillies,E21,22,19,Purple,5,mixed,single,Middle ,19,86.03,76.85,5306.6,30.418,-3.651,9.633,47.434,63.067,74.786,2,1.30207,26.21748,0.9706,1.3605,-2.06123,0.9851,1.35958,-0.68582,0.9902,65.82384526,-7.0284155,12.41101414,14.26295539
IMG_2530,17/04/2024,North ,Lillies,E21,22,19,Purple,5,mixed,single,Middle ,20,69.55,69.11,3818.5,20.841,-1.295,6.6,45.34,61.92,53.348,2,1.08668,23.02476,0.9671,1.12404,-2.25124,0.9787,1.12543,-0.86022,0.9912,45.67225788,-3.7068718,6.567618,7.541518729
IMG_2531,17/04/2024,North ,Lillies,E21,22,19,Purple,5,mixed,single,Middle ,21,77.51,75.78,4604.48,32.443,-0.989,14.111,33.659,89.099,83.168,1,1.30772,26.23056,0.972,1.3705,-2.01089,0.9847,1.36424,-0.68174,0.9897,68.65691996,-3.3663145,18.56905064,18.87171733
IMG_2532,17/04/2024,North ,Lillies,E21,22,19,Purple,5,mixed,single,Middle ,22,81.79,70.58,4902.04,27.584,-2.051,12.94,37.253,90.36,70.182,2,1.31484,26.51894,0.9733,1.38003,-2.20695,0.9844,1.37852,-0.59014,0.9905,62.78748656,-5.03739153,17.2479088,17.96846325
IMG_2533,17/04/2024,North ,Lillies,E21,22,19,Purple,5,mixed,single,Middle ,23,80.94,77.66,4879.16,25.724,-3.897,8.496,50.65,64.134,63.951,2,1.32669,26.38202,0.9715,1.38223,-2.10553,0.9843,1.3838,-0.72924,0.9904,60.50979356,-7.49208031,11.0275248,13.33182548
IMG_2534,17/04/2024,North ,Lillies,E21,22,19,Purple,5,mixed,single,Middle ,24,78.29,73.91,4809.24,24.852,-5.421,8.681,62.945,70.445,62.626,2,1.32813,26.48689,0.9706,1.38902,-2.05513,0.9839,1.38361,-0.58711,0.9897,59.49357676,-9.58500742,11.42400841,14.91242218
IMG_2535,17/04/2024,North ,Lillies,E21,22,19,Purple,5,mixed,single,Middle ,25,75.47,74.48,4374.39,27.4,-4.641,8.566,59.629,64.544,68.625,2,1.06837,34.51152,0.7143,1.43675,-2.54074,0.9556,1.37137,1.24355,0.9103,63.784858,-9.20869675,12.99070542,15.92352107
IMG_2536,17/04/2024,North ,Lillies,E21,22,19,Purple,5,mixed,single,Middle ,26,92.66,70.84,5405.59,29.693,-3.101,9.899,43.945,66.028,73.161,2,1.31886,26.4155,0.9717,1.38201,-2.17726,0.9844,1.37886,-0.62303,0.99,65.57640998,-6.46287301,13.02630514,14.54143573
IMG_2537,17/04/2024,North ,Lillies,E01,22,19,Purple,5,mixed,single,Middle ,1,81.87,59.46,3825.77,33.443,-2.401,10.249,40.091,61.471,82.248,2,1.2468,26.03014,0.9665,1.30581,-2.17214,0.9776,1.30611,-0.47988,0.9916,67.7268724,-5.30738981,12.90644139,13.95509283
IMG_2538,17/04/2024,North ,Lillies,E01,22,19,Purple,5,mixed,single,Middle ,2,90.85,64.55,4542.71,29.435,-2.211,10.029,44.478,67.7,73.767,2,1.2636,26.73938,0.9654,1.33412,-2.49337,0.9787,1.33607,-0.58818,0.9912,63.933446,-5.44310932,12.81126603,13.91962558
IMG_2539,17/04/2024,North ,Lillies,E01,22,19,Purple,5,mixed,single,Middle ,3,81.82,60.26,3896.96,26.932,-1.302,8.864,40.35,67.663,68.064,2,1.32257,26.28868,0.965,1.38553,-2.19694,0.9842,1.38097,-0.66977,0.9904,61.90813524,-4.00090006,11.57114808,12.2433112
IMG_2540,17/04/2024,North ,Lillies,E01,22,19,Purple,5,mixed,single,Middle ,4,66.06,55.82,3075.51,31.461,-3.936,13.534,42.683,81.735,77.91,2,1.15728,24.69915,0.9641,1.20809,-2.16842,0.9772,1.2092,-0.50684,0.9916,61.10833608,-6.92346224,15.8584728,17.30391542
IMG_2541,17/04/2024,North ,Lillies,E01,22,19,Purple,5,mixed,single,Middle ,5,63.1,53.34,2716.3,39.741,-4.506,13.35,44.748,68.562,98.131,2,1.21945,25.56839,0.9584,1.2826,-2.34818,0.9775,1.28086,-0.58263,0.9921,74.03055245,-8.1275756,16.516851,18.408255
IMG_2542,17/04/2024,North ,Lillies,E01,22,19,Purple,5,mixed,single,Middle ,6,78.04,68.75,4264.12,31.472,-3.805,12.651,48.033,79.036,79.778,2,1.23113,25.70877,0.9586,1.29757,-2.3635,0.9771,1.29547,-0.55809,0.992,64.45489336,-7.30075385,15.83090097,17.4332565
IMG_2543,17/04/2024,North ,Lillies,E01,22,19,Purple,5,mixed,single,Middle ,7,73.66,68.83,3896.91,34.579,-2.344,10.008,39.782,58.603,85.023,2,1.34111,26.55645,0.9492,1.41051,-2.40245,0.9827,1.39644,-0.3783,0.9904,72.93069269,-5.70868544,13.59727152,14.74702961
IMG_2544,17/04/2024,North ,Lillies,E01,22,19,Purple,5,mixed,single,Middle ,8,76.9,68.87,4097.36,30.946,-4.837,10.604,52.66,68.79,77.071,2,1.12097,23.16159,0.9766,1.15701,-2.51251,0.9806,1.15736,-0.76284,0.9916,57.85112762,-8.10896737,11.50980544,14.07945216
IMG_2545,17/04/2024,North ,Lillies,E01,22,19,Purple,5,mixed,single,Middle ,9,80.07,58.18,3747.93,31.072,-2.552,9.432,41.182,59.971,76.227,2,1.17542,25.05209,0.9778,1.22289,-2.6096,0.9783,1.22534,-0.74353,0.9908,61.57474024,-5.73041528,10.81387688,12.2383656
IMG_2546,17/04/2024,North ,Lillies,E01,22,19,Purple,5,mixed,single,Middle ,10,76.39,63.77,3862.79,34.455,0.207,14.004,29.854,87.643,89.702,1,1.18872,25.42683,0.9806,1.23749,-2.619,0.977,1.2413,-0.77024,0.9906,66.3841776,-2.36283957,16.6129252,16.78011605
IMG_2547,17/04/2024,North ,Lillies,E01,22,19,Purple,5,mixed,single,Middle ,11,83.68,67.86,4510.63,30.008,-3.323,11.681,43.76,77.479,74.768,2,1.25112,26.62341,0.9836,1.30793,-2.56497,0.9777,1.3142,-0.61851,0.9899,64.16701896,-6.91122139,14.7326602,16.27317602
IMG_2548,17/04/2024,North ,Lillies,E01,22,19,Purple,5,mixed,single,Middle ,12,67.88,51.85,2759.11,28.144,-3.778,8.841,52.296,61.602,70.001,2,0.85085,31.97055,0.7171,1.16342,-3.16508,0.9514,1.11678,-0.60454,0.8915,55.9168724,-7.56048076,9.26891198,11.96133766
IMG_2549,17/04/2024,North ,Lillies,E01,22,19,Purple,5,mixed,single,Middle ,13,71.37,62.67,3527.23,31.151,-1.273,8.827,35.335,58.388,77.329,1,1.26167,26.36712,0.9843,1.31604,-2.58945,0.9786,1.32079,-0.53182,0.9903,65.66940217,-4.26476892,11.12679333,11.91611446
IMG_2550,17/04/2024,North ,Lillies,E01,22,19,Purple,5,mixed,single,Middle ,14,76.08,62.5,3844.77,30.036,-5.055,6.978,63.853,50.287,73.754,2,1.26915,26.10881,0.9836,1.32058,-2.42605,0.9801,1.32698,-0.57994,0.9909,64.2289994,-9.1015819,8.67972644,12.5768217
IMG_2551,17/04/2024,North ,Lillies,E01,22,19,Purple,5,mixed,single,Middle ,15,70.07,61.85,3382.48,24.438,-5.193,8.931,54.875,68.677,61.067,2,1.28547,26.3679,0.9828,1.33994,-2.48609,0.9795,1.34219,-0.43206,0.9907,57.78221586,-9.44439842,11.55503889,14.92365858
IMG_2552,17/04/2024,North ,Lillies,E01,22,19,Purple,5,mixed,single,Middle ,16,60.61,55.31,2719.99,30.363,-2.631,12.792,38.617,81.391,75.686,2,1.28524,26.26548,0.983,1.34,-2.39929,0.9787,1.34474,-0.53167,0.9912,65.28922212,-5.92483,16.67024408,17.69182433
IMG_2553,17/04/2024,North ,Lillies,E01,22,19,Purple,5,mixed,single,Middle ,17,76.82,62.77,3791.13,26.249,-1.796,8.302,43.095,61.107,65.556,2,1.26532,25.89059,0.9817,1.31488,-2.33396,0.9793,1.32085,-0.6049,0.9914,59.10397468,-4.69548448,10.3607967,11.37513441
IMG_2554,17/04/2024,North ,Lillies,E01,22,19,Purple,5,mixed,single,Middle ,18,79.77,66.25,4191.35,29.039,-5.568,7.636,63.111,54.148,71.394,2,1.2815,25.87017,0.9836,1.33023,-2.33464,0.9802,1.33326,-0.51739,0.9915,63.0836485,-9.74136064,9.66338336,13.72133685
IMG_2555,17/04/2024,North ,Lillies,E01,22,19,Purple,5,mixed,single,Middle ,19,77.55,61.25,3647.63,28.009,-3.228,14.66,39.464,97.879,70.334,2,1.17862,25.12753,0.9734,1.23498,-1.97746,0.9772,1.23041,-0.66776,0.9901,58.13949758,-5.96397544,17.3700506,18.36539302
IMG_2556,17/04/2024,North ,Lillies,E01,22,19,Purple,5,mixed,single,Middle ,20,78.12,64.58,4001.81,30.942,-2.294,11.787,41.38,75.346,77.997,2,1.25615,26.68687,0.9831,1.31169,-2.58431,0.978,1.32059,-0.60051,0.9902,65.5546633,-5.59332686,14.96528433,15.97639009
IMG_2557,17/04/2024,North ,Lillies,E01,22,19,Purple,5,mixed,single,Middle ,21,70.25,53.59,3083.22,18.076,-2.913,5.416,54.352,52.474,45.929,2,1.07638,23.24059,0.9743,1.1117,-2.51398,0.9776,1.11735,-1.1996,0.99,42.69723488,-5.7523621,4.8519676,7.525374364
IMG_2558,17/04/2024,North ,Lillies,E01,22,19,Purple,5,mixed,single,Middle ,22,65.67,59.49,3180.72,23.428,-9.394,5.2,93.625,85.18,60.366,2,1.24382,26.4994,0.9818,1.30497,-2.57902,0.9785,1.30754,-0.55847,0.9905,55.63961496,-14.83790818,6.240738,16.09690436
IMG_2559,17/04/2024,North ,Lillies,E01,22,19,Purple,5,mixed,single,Middle ,23,72.41,52.89,3145.96,28.119,-3.414,10.32,46.705,70.876,70.214,2,1.27367,26.26234,0.9824,1.33906,-2.18976,0.9862,1.34401,-0.8655,0.9893,62.07666673,-6.76131084,13.0046832,14.65732272
IMG_2560,17/04/2024,North ,Lillies,E01,22,19,Purple,5,mixed,single,Middle ,24,70.98,66.24,3656.83,31.922,-3.471,8.963,49.54,55.995,78.255,2,1.11345,23.88024,0.9758,1.14905,-2.42128,0.9773,1.15526,-0.93286,0.9902,59.4237909,-6.40963255,9.42173538,11.39528354
IMG_2561,17/04/2024,North ,Lillies,E01,22,19,Purple,5,mixed,single,Middle ,25,77.28,67.21,4225.61,21.896,-4.283,6.437,62.59,56.603,55.007,2,1.2696,26.02472,0.9836,1.32021,-2.46731,0.9798,1.32654,-0.57516,0.991,53.8238816,-8.12176943,7.96377798,11.37474828
IMG_2562,17/04/2024,North ,Lillies,E01,22,19,Purple,5,mixed,single,Middle ,26,80.79,57.91,3700,22.309,-3.594,4.718,64.134,43.52,55.54,2,1.25142,25.90007,0.9808,1.29617,-2.40671,0.9793,1.30911,-0.61323,0.9909,53.81799878,-7.06514498,5.56315098,8.992492559
IMG_2563,17/04/2024,North ,Lillies,E01,22,19,Purple,5,mixed,single,Middle ,27,73.17,57.2,3367.68,25.466,-5.546,6.861,68.008,59.713,63.74,2,1.17114,24.51956,0.9809,1.20638,-2.51096,0.9777,1.21145,-0.61722,0.9909,54.34381124,-9.20154348,7.69453845,11.99476237
IMG_2564,17/04/2024,North ,Lillies,E01,22,19,Purple,5,mixed,single,Middle ,28,73.87,61.15,3651.63,27.163,-4.122,11.33,46.98,80.359,68.167,2,1.2681,26.50992,0.9827,1.32258,-2.6217,0.9789,1.32776,-0.54488,0.9903,60.9553203,-8.07337476,14.4986408,16.59487768
IMG_2565,17/04/2024,North ,Lillies,E01,22,19,Purple,5,mixed,single,Middle ,29,75.78,59.96,3731.88,25.709,-3.669,5.306,64.56,42.709,63.105,2,1.27149,25.79622,0.9824,1.32319,-2.38472,0.9808,1.32349,-0.59648,0.9911,58.48495641,-7.23950411,6.42595794,9.680049339
IMG_2567,17/04/2024,North ,Lillies,E01,22,19,Purple,5,mixed,single,Middle ,31,80.91,66.3,4267.08,22.403,-6.024,5.61,81.108,68.161,57.311,2,1.25375,26.79405,0.9815,1.30871,-2.75923,0.9777,1.31733,-0.45693,0.9904,54.88181125,-10.64289904,6.9332913,12.70204032
IMG_2568,17/04/2024,North ,Lillies,E01,22,19,Purple,5,mixed,single,Middle ,32,79.46,60.97,3834.04,21.892,-2.332,4.856,58.134,42.357,54.562,2,1.22269,25.23295,0.9703,1.27931,-2.36963,0.9777,1.27565,-0.52356,0.992,52.00007948,-5.35298092,5.6709964,7.798371939
IMG_2569,17/04/2024,North ,Lillies,E01,22,19,Purple,5,mixed,single,Middle ,33,66.19,59.07,2958.96,25.026,-3.661,5.626,64.861,47.851,62.127,2,1.1735,24.24259,0.9725,1.21913,-2.45752,0.9788,1.21837,-0.63679,0.9921,53.610601,-6.92075493,6.21775962,9.303622063
IMG_2570,17/04/2024,North ,Lillies,E01,22,19,Purple,5,mixed,single,Middle ,34,63.7,53.95,2782.77,34.707,-4.981,8.94,54.713,52.184,84.522,2,1.07645,22.90724,0.9673,1.12863,-1.98967,0.9792,1.12189,-0.76508,0.9916,60.26759015,-7.61137603,9.2646166,11.99025295
IMG_2571,17/04/2024,North ,Lillies,E01,22,19,Purple,5,mixed,single,Middle ,35,59.64,47.57,2274.03,31.926,-4.645,9.038,52.62,56.159,78.072,2,1.14261,24.05924,0.9684,1.18743,-2.15132,0.9781,1.19024,-0.68484,0.9918,60.53820686,-7.66693235,10.07254912,12.65851877
IMG_2572,17/04/2024,North ,Lillies,E01,22,19,Purple,5,mixed,single,Middle ,36,71.68,57.7,3313.71,31.437,-4.28,6.4,63.32,43.876,77.066,2,1.15939,24.23242,0.9668,1.20787,-2.5419,0.9787,1.20927,-0.91333,0.9918,60.68016343,-7.7115836,6.825998,10.29867809
IMG_2576,17/04/2024,North ,Lillies,E02,22,19,Purple,5,mixed,single,Middle ,1,82.89,65.84,4253.42,28.002,-0.986,13.372,32.952,93.733,72.195,1,1.21475,25.33966,0.9732,1.26999,-2.38304,0.9785,1.27048,-0.74457,0.9917,59.3550895,-3.63525014,16.24428856,16.64607925
IMG_2577,17/04/2024,North ,Lillies,E02,22,19,Purple,5,mixed,single,Middle ,2,82.52,57.38,3774.05,29.977,-2.787,10.122,46.56,66.693,74.958,2,1.23105,25.30351,0.9735,1.27882,-2.34992,0.9786,1.28191,-0.64302,0.9915,62.20669585,-5.91399134,12.33247302,13.6771775
IMG_2580,17/04/2024,North ,Lillies,E02,22,19,Purple,5,mixed,single,Middle ,4,75.37,58.46,3514.81,33.055,-6.188,12.286,51.378,73.013,81.195,2,1.07042,21.46853,0.9688,1.10136,-2.05462,0.982,1.09535,-0.87241,0.9914,56.8512631,-8.86983568,12.5850601,15.39667895
IMG_2581,17/04/2024,North ,Lillies,E02,22,19,Purple,5,mixed,single,Middle ,5,77.25,57.32,3652.71,30.069,-3.939,7.442,54.187,49.081,73.317,2,1.13394,23.82067,0.9659,1.17987,-2.27164,0.9784,1.17877,-0.68085,0.9918,57.91711186,-6.91914793,8.09155634,10.6464967
IMG_2582,17/04/2024,North ,Lillies,E02,22,19,Purple,5,mixed,single,Middle ,6,67.54,55.83,2897.64,25.153,-2.704,8.912,43.169,66.224,62.286,2,1.26743,26.09337,0.9681,1.33198,-2.30057,0.9773,1.32452,-0.48758,0.9916,57.97303679,-5.90224392,11.31654224,12.76325239
IMG_2583,17/04/2024,North ,Lillies,E02,22,19,Purple,5,mixed,single,Middle ,7,72.87,58.46,3495.37,29.154,-3.631,17.485,39.784,112.373,74.192,2,1.27825,26.42241,0.9672,1.34275,-2.28835,0.9779,1.34357,-0.49628,0.9917,63.6885105,-7.16387525,22.99604145,24.08607546
IMG_2584,17/04/2024,North ,Lillies,E02,22,19,Purple,5,mixed,single,Middle ,8,78.87,58.7,3780.51,30.489,-8.158,6.494,81.288,57.653,75.767,2,1.12039,23.17361,0.9666,1.16449,-2.40921,0.9798,1.16054,-0.55535,0.9929,57.33318071,-11.90911942,6.98119676,13.80450048
IMG_2585,17/04/2024,North ,Lillies,E02,22,19,Purple,5,mixed,single,Middle ,9,71.56,54.21,3140.4,30.658,-3.501,10.747,43.566,67.375,75.23,2,1.24445,25.61307,0.9679,1.30148,-2.44155,0.9784,1.30002,-0.46536,0.9922,63.7654181,-6.99803148,13.50595494,15.21128737
IMG_2586,17/04/2024,North ,Lillies,E02,22,19,Purple,5,mixed,single,Middle ,10,76.27,60.34,3784.83,27.189,-7.418,7.565,73.54,61.276,67.96,2,1.20738,25.41758,0.966,1.27623,-2.45119,0.9779,1.2655,-0.27266,0.9923,58.24503482,-11.91826414,9.3008475,15.11789616
IMG_2587,17/04/2024,North ,Lillies,E02,22,19,Purple,5,mixed,single,Middle ,11,66.43,58.21,3007.33,26.075,-2.844,7.169,50.666,53.503,64.547,2,1.11749,23.37677,0.9656,1.16368,-2.22406,0.9782,1.16161,-0.55088,0.9925,52.51532175,-5.53356592,7.77670209,9.544498268
IMG_2588,17/04/2024,North ,Lillies,E02,22,19,Purple,5,mixed,single,Middle ,12,71.87,62.2,3489.22,34.358,-3.245,11.582,43.1,67.427,84.698,2,1.26826,26.25507,0.9647,1.3308,-2.25199,0.9779,1.33103,-0.49727,0.9918,69.82994708,-6.570436,14.91871946,16.30149746
IMG_2589,17/04/2024,North ,Lillies,E02,22,19,Purple,5,mixed,single,Middle ,13,70.59,62.13,3446.17,28.671,-1.291,7.927,41.09,56.619,71.599,2,1.21432,25.63059,0.9657,1.28042,-2.26203,0.9783,1.27843,-0.5724,0.9923,60.44635872,-3.91505222,9.56171461,10.33218371
IMG_2590,17/04/2024,North ,Lillies,E02,22,19,Purple,5,mixed,single,Middle ,14,74.68,57.94,3453.11,27.001,-3.428,6.727,53.08,47.284,65.9,2,1.27087,26.33583,0.9677,1.33195,-2.515,0.9774,1.33109,-0.4133,0.9918,60.65059087,-7.0809246,8.54094243,11.09446667
IMG_2591,17/04/2024,North ,Lillies,E02,22,19,Purple,5,mixed,single,Middle ,15,76.51,64.09,3907.39,36.29,-3.976,9.428,51.013,52.851,88.965,2,1.27385,26.27648,0.9671,1.33929,-2.29106,0.9772,1.33639,-0.45403,0.9918,72.5044965,-7.61607704,12.14545492,14.33585382
IMG_2592,17/04/2024,North ,Lillies,E02,22,19,Purple,5,mixed,single,Middle ,16,69.69,44.53,2472.36,32.427,-3.19,9.496,44.341,56.529,78.91,2,1.16493,24.29058,0.9662,1.21856,-2.23988,0.9788,1.21595,-0.61198,0.9926,62.06576511,-6.1270864,10.9346812,12.53429059
IMG_2593,17/04/2024,North ,Lillies,E02,22,19,Purple,5,mixed,single,Middle ,17,74.97,60.56,3626.88,32.011,-5.097,9.652,53.602,59.646,78.3,2,1.25897,26.17187,0.9675,1.32734,-2.27527,0.9772,1.32062,-0.43384,0.9923,66.47275867,-9.04072198,12.31278424,15.27544794
IMG_2594,17/04/2024,North ,Lillies,E02,22,19,Purple,5,mixed,single,Middle ,18,74.53,63,3669.38,28.592,-3.288,9.552,44.34,62.836,69.92,2,1.26964,26.30229,0.9654,1.33708,-2.19549,0.9781,1.33518,-0.46571,0.992,62.60383688,-6.59180904,12.28792936,13.94435923
IMG_2595,17/04/2024,North ,Lillies,E02,22,19,Purple,5,mixed,single,Middle ,19,72.81,52.01,3043.04,34.784,-2.575,10.632,40.533,61.587,85.331,2,1.25292,26.19347,0.9675,1.31894,-2.31764,0.9777,1.31699,-0.49894,0.9921,69.77503928,-5.7139105,13.50329768,14.66246301
IMG_2596,17/04/2024,North ,Lillies,E02,22,19,Purple,5,mixed,single,Middle ,20,76.94,62.58,3769.54,24.793,-7.15,7.464,79.536,80.902,63.895,2,1.2562,26.34008,0.9663,1.32154,-2.28977,0.9759,1.32122,-0.41792,0.9917,57.4850466,-11.738781,9.44366608,15.06591545
IMG_2597,17/04/2024,North ,Lillies,E02,22,19,Purple,5,mixed,single,Middle ,21,75.74,53.63,3229.82,29.097,-3.729,7.454,56.382,52.137,71.638,2,1.11398,23.32834,0.9656,1.16274,-2.41185,0.9782,1.15731,-0.5708,0.9927,55.74181606,-6.74770746,8.05578874,10.5084389
IMG_2598,17/04/2024,North ,Lillies,E02,22,19,Purple,5,mixed,single,Middle ,22,77.96,51.4,3246.15,32.44,-5.175,10.325,58.909,69.888,81.951,2,1.26219,26.23883,0.9663,1.32477,-2.35665,0.9771,1.32297,-0.38605,0.9921,67.1842736,-9.21233475,13.27361525,16.15722666
IMG_2599,17/04/2024,North ,Lillies,E02,22,19,Purple,5,mixed,single,Middle ,23,70.52,56.79,3309.74,36.054,-0.883,19.502,32.475,109.475,94.171,1,1.28045,26.42551,0.9672,1.3449,-2.37449,0.9768,1.33732,-0.30127,0.9916,72.5908543,-3.5620367,25.77914464,26.02407354
IMG_2601,17/04/2024,North ,Lillies,E02,22,19,Purple,5,mixed,single,Middle ,25,65.49,55.69,2897.55,31.506,-4.673,11.944,48.071,74.098,78.217,2,1.12972,23.65439,0.9667,1.17941,-2.42544,0.9785,1.17127,-0.46062,0.9926,59.24734832,-7.93682293,13.52902888,15.68527273
IMG_2602,17/04/2024,North ,Lillies,E02,22,19,Purple,5,mixed,single,Middle ,26,77.58,62.09,3839.4,27.343,-5.862,11.989,51.705,82.137,67.985,2,1.27223,26.39644,0.9651,1.341,-2.44909,0.9765,1.3333,-0.28301,0.992,61.18302489,-10.310032,15.7019237,18.78422657
IMG_2603,17/04/2024,North ,Lillies,E02,22,19,Purple,5,mixed,single,Middle ,27,69.79,53.67,2912.29,32.861,-3.318,8.861,47.792,53.721,80.134,2,1.09463,22.44249,0.9653,1.13904,-1.9426,0.9784,1.13376,-0.91774,0.992,58.41312643,-5.72193472,9.12850736,10.77358731
IMG_2604,17/04/2024,North ,Lillies,E02,22,19,Purple,5,mixed,single,Middle ,28,70.98,57.03,3324.2,28.768,-6.804,6.68,73.8,55.26,71.38,2,1.13007,27.20539,0.8889,1.25405,-2.80048,0.9749,1.26049,-0.43441,0.9496,59.71524376,-11.3330362,7.9856632,13.86392896
IMG_2605,17/04/2024,North ,Lillies,E02,22,19,Purple,5,mixed,single,Middle ,29,70.85,55.65,3110.87,28.007,-2.532,8.293,43.923,55.623,68.642,2,1.12618,23.58989,0.9654,1.17473,-2.21549,0.9791,1.17334,-0.64193,0.9924,55.13081326,-5.18990636,9.08857862,10.46601115
IMG_2606,17/04/2024,North ,Lillies,E02,22,19,Purple,5,mixed,single,Middle ,30,78.68,58.76,3620.33,31.321,-5.287,11.064,58.737,71.834,79.313,2,1.12706,23.41998,0.9651,1.17288,-2.10734,0.9798,1.17029,-0.68326,0.9922,58.72062626,-8.30835656,12.26482856,14.81400717
IMG_2607,17/04/2024,North ,Lillies,E02,22,19,Purple,5,mixed,single,Middle ,31,66.75,48.6,2628.34,28.92,-5.133,6.724,61.864,47.696,70.989,2,1.1695,24.54846,0.9653,1.22357,-2.33774,0.9773,1.21969,-0.46878,0.9926,58.3704,-8.61832481,7.73241556,11.57867751
IMG_2608,17/04/2024,North ,Lillies,E02,22,19,Purple,5,mixed,single,Middle ,32,72.87,55.96,3266.78,32.33,-2.329,10.484,43.933,65.582,81.02,2,1.30959,26.01293,0.964,1.37404,-2.12542,0.9822,1.35607,-0.24251,0.9908,68.3519747,-5.32555916,13.97452788,14.95489919
IMG_2609,17/04/2024,North ,Lillies,E02,22,19,Purple,5,mixed,single,Middle ,33,74.16,60.36,3507.1,31.396,-2.882,10.123,42.471,63.064,77.096,2,1.14104,23.67615,0.9658,1.18865,-2.25635,0.9787,1.18558,-0.57677,0.9922,59.50024184,-5.6820393,11.42485634,12.75981634
IMG_2610,17/04/2024,North ,Lillies,E02,22,19,Purple,5,mixed,single,Middle ,34,78.02,53.84,3318.7,32.847,-7.84,4.092,93.043,53.924,81.282,2,1.14012,23.75755,0.9658,1.1881,-2.3763,0.9778,1.18356,-0.50258,0.9924,61.20707164,-11.691004,4.34054752,12.4707629
IMG_2611,17/04/2024,North ,Lillies,E02,22,19,Purple,5,mixed,single,Middle ,35,66.01,57.41,3041.82,33.204,-3.196,11.763,44.525,70.88,83.075,2,1.11585,23.30379,0.9655,1.1639,-2.25874,0.9794,1.15816,-0.58377,0.9927,60.3544734,-5.9785644,13.03966608,14.34489888
IMG_2612,17/04/2024,North ,Lillies,E02,22,19,Purple,5,mixed,single,Middle ,36,71.51,58,3236.89,24.217,-5.652,9.047,58.92,70.96,60.598,2,1.14866,24.14129,0.9659,1.20537,-2.42994,0.9784,1.19773,-0.44405,0.9924,51.95838922,-9.24269124,10.39181331,13.90744855
IMG_2613,17/04/2024,North ,Lillies,D01,22,19,Purple,5,double,double,Middle ,1,76.32,59.89,3685.05,29.268,-2.879,8.073,47.578,54.486,71.929,2,1.11343,23.48791,0.9744,1.15655,-2.21117,0.9789,1.1591,-0.81973,0.9919,56.07577924,-5.54087745,8.5376843,10.17808313
IMG_2614,17/04/2024,North ,Lillies,D01,22,19,Purple,5,double,double,Middle ,2,84.75,68.89,4568,28.165,-4,7.433,57.942,54.705,69.45,2,1.2088,24.90843,0.9764,1.25321,-2.26616,0.9784,1.25814,-0.72302,0.9919,58.954282,-7.279,8.62873462,11.28888401
IMG_2615,17/04/2024,North ,Lillies,D01,22,19,Purple,5,double,double,Middle ,3,73.57,59.19,3392.51,32.721,-2.179,9.048,43.138,55.499,80.792,2,1.15257,23.85226,0.9743,1.18879,-2.29126,0.9795,1.19358,-0.77135,0.9917,61.56550297,-4.88163341,10.02816184,11.15322261
IMG_2616,17/04/2024,North ,Lillies,D01,22,19,Purple,5,double,double,Middle ,4,86.38,61.98,4235.26,30.433,-3.959,6.337,58.996,42.981,74.144,2,1.1577,24.78224,0.9729,1.20074,-2.65665,0.9757,1.20326,-0.63372,0.9908,60.0145241,-7.41037966,6.99133862,10.1878625
IMG_2617,17/04/2024,North ,Lillies,D01,22,19,Purple,5,double,double,Middle ,5,77.91,63.03,3954.12,27.022,-5.495,7.484,71.831,66.003,68.346,2,1.06317,21.95555,0.9689,1.09582,-1.96011,0.9796,1.09473,-1.2629,0.99,50.68452974,-7.9816409,6.93005932,10.57035069
IMG_2618,17/04/2024,North ,Lillies,D01,22,19,Purple,5,double,double,Middle ,6,74.53,50.2,3034.21,34.696,-1.306,9.6,36.738,57.509,86.056,1,1.2985,26.43767,0.9782,1.35684,-2.3957,0.9801,1.35557,-0.48984,0.9917,71.490426,-4.16773304,12.523632,13.198915
IMG_2619,17/04/2024,North ,Lillies,D01,22,19,Purple,5,double,double,Middle ,7,83.1,66.85,4229.62,28.127,-2.21,8.227,44.193,55.726,69.114,2,1.19904,24.8027,0.9751,1.24151,-2.35877,0.9787,1.24594,-0.65609,0.992,58.52809808,-5.1025071,9.59425838,10.86670937
IMG_2620,17/04/2024,North ,Lillies,D01,22,19,Purple,5,double,double,Middle ,8,67.55,57.55,3042.99,30.778,-1.596,10.546,42.01,67.981,77.079,2,1.25051,25.93404,0.9679,1.31128,-2.27461,0.978,1.31302,-0.52609,0.9922,64.42223678,-4.36741288,13.32101892,14.0186961
IMG_2621,17/04/2024,North ,Lillies,D01,22,19,Purple,5,double,double,Middle ,9,68.17,55.23,3035.36,37.51,-0.854,10.416,34.265,59.462,93.769,1,1.1648,24.64079,0.9647,1.21976,-2.26466,0.9783,1.21893,-0.67569,0.992,68.332438,-3.30633504,12.02068488,12.46710537
IMG_2622,17/04/2024,North ,Lillies,D01,22,19,Purple,5,double,double,Middle ,10,77.44,51.14,3172.18,29.299,-2.294,8.342,42.599,54.707,71.701,2,1.17793,25.01123,0.9641,1.23701,-2.35046,0.9772,1.23302,-0.52752,0.9921,59.52340107,-5.18816094,9.75833284,11.05179052
IMG_2623,17/04/2024,North ,Lillies,D01,22,19,Purple,5,double,double,Middle ,11,67,48.21,2665.44,34.833,-0.709,10.704,31.738,65.496,87.571,1,1.18143,25.01774,0.9663,1.24045,-2.24879,0.9786,1.23924,-0.56545,0.992,66.17049119,-3.12826905,12.69937496,13.07899811
IMG_2624,17/04/2024,North ,Lillies,D01,22,19,Purple,5,double,double,Middle ,12,74.99,56.63,3454.97,32.166,-2.413,7.423,48.521,46.202,78.837,2,1.17967,25.13074,0.9655,1.23656,-2.16533,0.9767,1.23816,-0.60347,0.9916,63.07600522,-5.14914928,8.58739168,10.01284346
IMG_2625,17/04/2024,North ,Lillies,D01,22,19,Purple,5,double,double,Middle ,13,79.48,61.44,3898.91,40.816,-2.45,11.768,44.729,62.124,102.265,2,1.09242,22.9239,0.9684,1.14769,-2.04422,0.9757,1.13561,-0.73604,0.9916,67.51211472,-4.8560605,12.62781848,13.52934304
IMG_2626,17/04/2024,North ,Lillies,D01,22,19,Purple,5,double,double,Middle ,14,79.42,58.41,3984.54,33.168,-5.277,5.004,74.642,36.304,80.79,2,1.29908,25.94695,0.968,1.36265,-1.84269,0.9831,1.35399,-0.5068,0.9902,69.03483544,-9.03339405,6.26856596,10.99532297
IMG_2627,17/04/2024,North ,Lillies,D01,22,19,Purple,5,double,double,Middle ,15,69.85,53.98,3016.62,35.051,-2.165,10.881,41.421,63.421,87.387,2,1.18133,25.30668,0.9651,1.24311,-2.24884,0.9769,1.24584,-0.5607,0.992,66.71347783,-4.94017315,12.99528504,13.90261645
IMG_2628,17/04/2024,North ,Lillies,D01,22,19,Purple,5,double,double,Middle ,16,73.87,63.09,3648.03,38.371,-3.652,9.115,49.322,50.467,93.952,2,1.19081,24.82356,0.9659,1.24908,-2.20925,0.9787,1.2475,-0.54738,0.9922,70.51613051,-6.77089016,10.8235825,12.76694528
IMG_2629,17/04/2024,North ,Lillies,D01,22,19,Purple,5,double,double,Middle ,17,80.13,60.73,3965.19,36.342,-2.508,9.627,42.318,54.253,89.333,2,1.20041,25.24964,0.9663,1.26107,-2.24733,0.9778,1.25992,-0.55695,0.9923,68.87494022,-5.41009356,11.57229984,12.77447595
IMG_2630,17/04/2024,North ,Lillies,D01,22,19,Purple,5,double,double,Middle ,18,69.62,54.48,3037.28,29.616,-5.278,6.23,75.332,52.041,73.692,2,1.0809,22.30393,0.9655,1.12749,-1.59628,0.981,1.12194,-0.78515,0.992,54.3158644,-7.54717222,6.2045362,9.770162638
IMG_2631,17/04/2024,North ,Lillies,D01,22,19,Purple,5,double,double,Middle ,19,83.33,59.68,3982.18,34.537,-4.087,7.57,55.131,45.298,83.951,2,0.99865,31.32813,0.7317,1.28357,-2.79884,0.9576,1.21717,1.40537,0.9079,65.81850505,-8.04479059,10.6193469,13.32250668
IMG_2632,17/04/2024,North ,Lillies,D01,22,19,Purple,5,double,double,Middle ,20,72,60.94,3517.55,33.096,-1.949,9.595,38.997,57.871,81.43,1,1.26008,25.92988,0.9668,1.32351,-2.23596,0.9783,1.31949,-0.39555,0.9921,67.63348768,-4.81548099,12.26495655,13.17641895
IMG_2633,17/04/2024,North ,Lillies,D01,22,19,Purple,5,double,double,Middle ,21,72.87,51.94,3087.93,34.388,-3.485,8.642,55.948,53.314,85.571,2,1.177,24.82538,0.9659,1.23122,-2.25973,0.9779,1.23189,-0.54931,0.992,65.300056,-6.5505317,10.09668338,12.03546762
IMG_2634,17/04/2024,North ,Lillies,D01,22,19,Purple,5,double,double,Middle ,22,71.12,53.92,3148.33,33.483,-2.954,9.227,44.039,53.608,81.655,2,1.24813,25.7927,0.9662,1.31021,-2.28009,0.9779,1.30883,-0.42459,0.9922,67.58383679,-6.15045034,11.65198441,13.17561308
IMG_2635,17/04/2024,North ,Lillies,D01,22,19,Purple,5,double,double,Middle ,23,79.17,55.71,3379.96,40.618,-0.734,10.233,34.297,55.765,101.624,1,1.16903,24.63151,0.965,1.22698,-2.23497,0.9782,1.22428,-0.60733,0.9923,72.11517054,-3.13557332,11.92072724,12.32621426
IMG_2636,17/04/2024,North ,Lillies,D01,22,19,Purple,5,double,double,Middle ,24,72.29,58.36,3415.51,29.288,-5.129,7.039,64.543,50.907,72.036,2,1.17629,24.63177,0.9644,1.23089,-2.37007,0.9781,1.22804,-0.40741,0.9925,59.08295152,-8.68330481,8.23676356,11.9684609
IMG_2637,17/04/2024,North ,Lillies,D01,22,19,Purple,5,double,double,Middle ,25,69.56,60.22,3208.83,27.401,-4.248,7.961,56.023,56.738,67.603,2,1.1752,24.50711,0.9664,1.22919,-2.2267,0.9785,1.22927,-0.5287,0.9926,56.7087652,-7.44829912,9.25751847,11.88186888
IMG_2638,17/04/2024,North ,Lillies,D01,22,19,Purple,5,double,double,Middle ,26,79.46,54.85,3555.94,31.421,-1.31,8.571,36.532,55.726,77.844,1,1.24568,25.67629,0.9698,1.30542,-2.40899,0.9779,1.29916,-0.3914,0.9921,64.81680128,-4.1190902,10.74370036,11.50625923
IMG_2640,17/04/2024,North ,Lillies,D02,22,19,Purple,5,double,double,Middle ,1,59.98,47.98,2368.44,33.935,-2.483,11.623,45.551,71.288,86.195,2,1.28475,26.62549,0.9769,1.34535,-2.63608,0.9793,1.34634,-0.46279,0.9912,70.22348125,-5.97658405,15.18571982,16.31948661
IMG_2641,17/04/2024,North ,Lillies,D02,22,19,Purple,5,double,double,Middle ,2,74.81,65.9,3903.07,33.884,-1.097,11.446,34.036,70.085,85.126,1,1.27736,25.95746,0.9769,1.32281,-2.47813,0.978,1.32595,-0.48509,0.9914,69.23952624,-3.92925257,14.6917337,15.20809209
IMG_2642,17/04/2024,North ,Lillies,D02,22,19,Purple,5,double,double,Middle ,3,77.45,64.45,4081.74,34.609,-1.735,10.82,36.645,63.517,85.79,1,1.32688,25.94818,0.9747,1.38463,-2.16757,0.9847,1.37815,-0.64201,0.9906,71.87016992,-4.56990305,14.269573,14.98348182
IMG_2643,17/04/2024,North ,Lillies,D02,22,19,Purple,5,double,double,Middle ,4,75.76,66.75,3992.68,33.378,-2.446,9.646,46.216,59.253,82.813,2,1.14978,23.74265,0.9731,1.18828,-2.21087,0.9794,1.19276,-0.78956,0.9918,62.12000684,-5.11740288,10.71580296,11.87502612
IMG_2645,17/04/2024,North ,Lillies,D02,22,19,Purple,5,double,double,Middle ,5,72.11,70.76,4064.08,33.835,-4.192,7.954,58.569,49.224,83.257,2,1.29029,26.20742,0.9765,1.33987,-2.40091,0.9777,1.34033,-0.3706,0.9914,69.86438215,-8.01764504,10.29038482,13.04510068
IMG_2646,17/04/2024,North ,Lillies,D02,22,19,Purple,5,double,double,Middle ,6,71.56,55.55,3111.89,22.525,-5.934,4.769,85.868,54.923,56.942,2,1.0929,22.56124,0.9716,1.12452,-2.44113,0.979,1.12354,-0.66691,0.9916,47.1788125,-9.11403168,4.69125226,10.25053273
IMG_2647,17/04/2024,North ,Lillies,D02,22,19,Purple,5,double,double,Middle ,7,79.81,63.85,4053.94,30.675,-2.987,8.568,49.713,56.509,75.565,2,1.05471,21.03293,0.9721,1.07715,-1.86741,0.9809,1.07975,-1.07746,0.9913,53.38615925,-5.08485705,8.173838,9.62639075
IMG_2648,17/04/2024,North ,Lillies,D02,22,19,Purple,5,double,double,Middle ,8,85.93,65.42,4406.23,37.535,-0.865,13.07,34.757,74.37,95.159,1,1.08189,21.57734,0.9738,1.11208,-1.97686,0.9785,1.10339,-0.81498,0.9909,62.18608115,-2.9388092,13.6063273,13.92008413
IMG_2649,17/04/2024,North ,Lillies,D02,22,19,Purple,5,double,double,Middle ,9,80.57,65.44,4157.11,35.006,-2.14,9.734,41.718,58.92,86.803,2,1.16963,24.40716,0.9715,1.21513,-2.22693,0.9783,1.21581,-0.69299,0.9915,65.35122778,-4.8273082,11.14170454,12.14250734
IMG_2650,17/04/2024,North ,Lillies,D02,22,19,Purple,5,double,double,Middle ,10,80.1,64.16,4045.8,33.977,-2.379,9.435,46.993,57.973,84.696,2,1.15376,24.35113,0.9715,1.20068,-2.33574,0.9778,1.20247,-0.74017,0.9916,63.55243352,-5.19215772,10.60513445,11.8079371
IMG_2651,17/04/2024,North ,Lillies,D02,22,19,Purple,5,double,double,Middle ,11,80.67,65.83,4243.08,29.346,-4.851,8.23,56.883,55.712,71.912,2,1.12067,23.20727,0.9728,1.15494,-2.37305,0.979,1.16042,-0.95944,0.9916,56.09445182,-7.97566394,8.5908166,11.72234384
IMG_2652,17/04/2024,North ,Lillies,D02,22,19,Purple,5,double,double,Middle ,12,69.42,57.31,3145.84,29.077,-4.909,5.735,69.854,43.043,71.313,2,1.1188,23.07117,0.971,1.15321,-2.5037,0.9793,1.15204,-0.50691,0.992,55.6025176,-8.16480789,6.1000394,10.19188739
IMG_2653,17/04/2024,North ,Lillies,D02,22,19,Purple,5,double,double,Middle ,13,68.06,61.45,3293.32,21.659,-3.776,5.083,63.166,45.259,53.86,2,1.20306,25.13169,0.9721,1.25427,-2.40766,0.9785,1.2587,-0.87214,0.9918,51.18876654,-7.14378352,5.5258321,9.031526082
IMG_2654,17/04/2024,North ,Lillies,D02,22,19,Purple,5,double,double,Middle ,14,66.8,66.78,3458.69,25.432,-5.259,4.936,77.673,45.441,63.075,2,1.21608,25.20095,0.9757,1.2682,-2.43764,0.9782,1.2719,-0.86396,0.9913,56.12829656,-9.1071038,5.4141384,10.59491549
IMG_2655,17/04/2024,North ,Lillies,D02,22,19,Purple,5,double,double,Middle ,15,74.74,67.47,3981.07,32.369,-2.635,6.373,50.108,40.425,78.492,2,1.21304,25.34697,0.9729,1.26624,-2.47393,0.9782,1.27212,-0.79095,0.9914,64.61186176,-5.8104724,7.31627076,9.342880035
IMG_2656,17/04/2024,North ,Lillies,D02,22,19,Purple,5,double,double,Middle ,16,80.58,74.49,4718.02,34.313,-2.695,9.224,41.344,53.999,83.686,2,1.28716,26.13162,0.9756,1.33672,-2.48683,0.9787,1.33796,-0.37603,0.9914,70.29794108,-6.0892904,11.96531304,13.42565357
IMG_2657,17/04/2024,North ,Lillies,D02,22,19,Purple,5,double,double,Middle ,17,75.15,64.31,3838.23,32.716,0.045,11.445,29.985,75.703,84.024,1,1.22547,25.20181,0.9755,1.27391,-2.41358,0.9786,1.27746,-0.50214,0.9919,65.29428652,-2.35625405,14.1183897,14.31365994
IMG_2658,17/04/2024,North ,Lillies,D02,22,19,Purple,5,double,double,Middle ,18,71.31,61.31,3528.18,34.586,-1.491,10.037,36.455,59.588,85.642,1,1.22047,25.3858,0.9746,1.27615,-2.37372,0.9787,1.27349,-0.58348,0.9917,67.59697542,-4.27645965,12.19853913,12.92642503
IMG_2659,17/04/2024,North ,Lillies,D02,22,19,Purple,5,double,double,Middle ,19,78.07,63.28,3912.5,33.784,-1.213,9.029,40.024,56.585,83.829,2,1.16847,24.36013,0.972,1.21351,-2.33243,0.9779,1.21514,-0.63245,0.9919,63.83572048,-3.80441763,10.33904906,11.01678397
IMG_2660,17/04/2024,North ,Lillies,D02,22,19,Purple,5,double,double,Middle ,20,80.83,62.24,4015.41,27.975,-4.179,8.566,52.325,59.546,68.869,2,1.21252,25.10835,0.9727,1.26568,-2.41869,0.9788,1.26654,-0.78804,0.9915,59.028597,-7.70796672,10.06114164,12.67435687
IMG_2661,17/04/2024,North ,Lillies,D02,22,19,Purple,5,double,double,Middle ,21,79.63,65.09,4195.39,30.709,-2.939,8.863,48.453,59.297,76.431,2,1.23511,25.48192,0.974,1.29036,-2.45143,0.9787,1.28686,-0.45155,0.9917,63.41091299,-6.24379804,10.95389018,12.6084386
IMG_2662,17/04/2024,North ,Lillies,D02,22,19,Purple,5,double,double,Middle ,22,77.55,66.48,4110.06,31.268,-3.302,8.156,48.612,51.819,76.342,2,1.12468,23.41729,0.9721,1.1679,-2.39545,0.9805,1.17021,-1.11639,0.9914,58.58378424,-6.2518558,8.42784276,10.49353299
IMG_2663,17/04/2024,North ,Lillies,D02,22,19,Purple,5,double,double,Middle ,23,84.21,66.87,4391.6,24.737,-3.514,7.824,56.371,60.593,62.372,2,1.12483,23.3439,0.9739,1.16311,-2.53577,0.9793,1.16328,-0.75781,0.9917,51.16881971,-6.62293854,8.34369272,10.65272374
IMG_2664,17/04/2024,North ,Lillies,D02,22,19,Purple,5,double,double,Middle ,24,81.65,60.64,4048.5,19.962,-2.801,7.566,61.144,76.67,52.791,2,1.28747,26.25505,0.9779,1.34245,-2.43374,0.9784,1.33914,-0.44539,0.9911,51.95552614,-6.19394245,9.68654324,11.49756683
IMG_2665,17/04/2024,North ,Lillies,D02,22,19,Purple,5,double,double,Middle ,25,78.36,59.3,3746.79,29.466,-5.982,6.138,73.152,47.503,72.579,2,1.14117,23.66638,0.9724,1.18221,-2.57143,0.9788,1.18349,-0.97322,0.9915,57.29209522,-9.64341022,6.29104162,11.51401604
IMG_2666,17/04/2024,North ,Lillies,D02,22,19,Purple,5,double,double,Middle ,26,68.52,56.35,3020.99,24.303,-3.982,8.492,50.361,64.78,60.438,2,1.28995,26.04153,0.9776,1.33988,-2.55482,0.9785,1.33701,-0.38949,0.9914,57.39118485,-7.89022216,10.96439892,13.50828077
IMG_2667,17/04/2024,North ,Lillies,D02,22,19,Purple,5,double,double,Middle ,27,83.97,67.36,4548.51,32.369,-2.503,7.878,43.067,48.21,78.531,2,1.28933,26.11545,0.9779,1.33774,-2.43473,0.9789,1.34132,-0.5416,0.991,67.84977277,-5.78309322,10.02531896,11.57372833
IMG_2668,17/04/2024,North ,Lillies,D12,22,19,Purple,5,double,double,Middle ,1,68.26,58.07,3132.81,31.942,-3.05,8.403,54.365,55.406,79.58,2,1.18485,24.61921,0.9659,1.24169,-1.82108,0.9793,1.24347,-0.87183,0.9916,62.4656887,-5.6082345,9.57704841,11.09829493
IMG_2669,17/04/2024,North ,Lillies,D12,22,19,Purple,5,double,double,Middle ,2,73.98,60,3541,33.599,-2.911,7.305,46.326,42.456,80.992,2,1.19798,24.52249,0.9719,1.24765,-2.32677,0.9789,1.2466,-0.8278,0.992,64.77342002,-5.95867915,8.278613,10.20006326
IMG_2670,17/04/2024,North ,Lillies,D12,22,19,Purple,5,double,double,Middle ,3,81.6,65.57,4296.55,29.905,-6.773,3.916,92.296,52.993,74.104,2,1.17946,24.33076,0.9686,1.24238,-2.13002,0.9791,1.2301,-0.67601,0.9923,59.6025113,-10.54465974,4.1410616,11.32864688
IMG_2672,17/04/2024,North ,Lillies,D12,22,19,Purple,5,double,double,Middle ,4,82.69,78,5131,30.353,-5.173,5.796,69.009,43.263,74.261,2,1.27874,26.0661,0.9875,1.34351,-2.51566,0.9802,1.34339,-0.53281,0.9914,64.87969522,-9.46563723,7.25347844,11.92523533
IMG_2675,17/04/2024,North ,Lillies,D12,22,19,Purple,5,double,double,Middle ,5,0,0,0,27.138,-7.648,5.134,86.687,61.836,68.05,2,1.2525,25.64871,0.9733,1.31976,-1.96795,0.9785,1.31922,-0.71924,0.9922,59.639055,-12.06147448,6.05363548,13.49539437
IMG_2677,17/04/2024,North ,Lillies,D12,22,19,Purple,5,double,double,Middle ,6,94.32,70.08,5369.17,25.345,-2.857,6.349,54.521,50.535,62.951,2,1.25455,25.49053,0.9876,1.31583,-2.51421,0.9806,1.31271,-0.48627,0.9914,57.28709975,-6.27353631,7.84812579,10.04740445
IMG_2680,17/04/2024,North ,Lillies,D12,22,19,Purple,5,double,double,Middle ,7,88.84,56.87,4144.74,34.547,-2.912,6.601,57.62,41.86,83.913,2,1.18506,24.21167,0.9826,1.2291,-2.5151,0.9798,1.22376,-0.39899,0.992,65.15193782,-6.0942392,7.67904976,9.803446162
IMG_2682,17/04/2024,North ,Lillies,D12,22,19,Purple,5,double,double,Middle ,8,87.99,60.8,4235.9,28.007,-5.223,7.104,64.761,55.84,69.206,2,1.19903,24.44582,0.9846,1.23945,-2.77984,0.9786,1.2357,-0.32555,0.9911,58.02705321,-9.25348735,8.4528628,12.53307295
IMG_2683,17/04/2024,North ,Lillies,D12,22,19,Purple,5,double,double,Middle ,9,89.86,65.77,4758.3,27.497,-3.879,4.909,70.004,42.954,67.678,2,1.12527,23.10208,0.9821,1.15914,-2.64668,0.9799,1.15483,-0.57636,0.9913,54.04362919,-7.14298406,5.09270047,8.772560593
IMG_2685,17/04/2024,North ,Lillies,D12,22,19,Purple,5,double,double,Middle ,10,73.69,55.75,3259.95,35.256,-3.13,10.157,45.499,59.243,87.052,2,1.13791,23.98382,0.9831,1.17941,-2.52047,0.9794,1.18154,-0.78719,0.9909,64.10197496,-6.2120233,11.21371178,12.81938241
IMG_2686,17/04/2024,North ,Lillies,D12,22,19,Purple,5,double,double,Middle ,11,104.82,72.36,5492.21,28.903,-3.831,7.262,57.782,51.112,71.035,2,1.37388,26.93256,0.9826,1.43538,-2.33667,0.9854,1.43187,-0.40216,0.9901,66.64181364,-7.83561078,9.99607994,12.70111847
IMG_2687,17/04/2024,North ,Lillies,D12,22,19,Purple,5,double,double,Middle ,12,88.89,66.03,4627.15,31.818,-3.985,7.178,58.161,46.732,77.731,2,1.12279,23.20788,0.9808,1.15326,-2.65006,0.9789,1.15319,-0.63215,0.9912,58.93281222,-7.2458011,7.64544782,10.53349448
IMG_2688,17/04/2024,North ,Lillies,D12,22,19,Purple,5,double,double,Middle ,13,98.11,69.64,5438.11,34.07,-2.944,8.287,45.287,48.455,82.503,2,1.27486,26.25731,0.983,1.32723,-2.63045,0.9798,1.33155,-0.59025,0.9905,69.6917902,-6.53781512,10.44430485,12.32179087
IMG_2689,17/04/2024,North ,Lillies,D12,22,19,Purple,5,double,double,Middle ,14,91.93,63.86,4702.99,35.182,-3.205,7.969,47.838,45.675,85.121,2,1.04437,21.29941,0.9793,1.07041,-2.43038,0.9805,1.06828,-0.93058,0.9915,58.04243534,-5.86104405,7.58254332,9.583673646
IMG_2690,17/04/2024,North ,Lillies,D12,22,19,Purple,5,double,double,Middle ,15,78.39,56.99,3568.41,31.218,-3.829,8.11,58.408,56.786,77.637,2,1.13238,23.28123,0.9809,1.17301,-2.52327,0.9816,1.17388,-1.03877,0.9915,58.63186884,-7.01472529,8.4813968,11.00638281
IMG_2691,17/04/2024,North ,Lillies,D12,22,19,Purple,5,double,double,Middle ,16,99.9,74.37,5881.76,31.164,-5.115,8.408,58.467,54.269,76.206,2,1.25008,25.97584,0.984,1.30643,-2.46519,0.9805,1.31198,-0.57372,0.9911,64.93333312,-9.14757945,10.45740784,13.89372479
IMG_2692,17/04/2024,North ,Lillies,D12,22,19,Purple,5,double,double,Middle ,17,89.68,65.35,4655.77,29.027,-4.548,6.854,62.165,50.05,71.197,2,1.25969,26.04203,0.9848,1.31195,-2.57773,0.9796,1.31565,-0.55452,0.9902,62.60705163,-8.5444786,8.4629451,12.02620282
IMG_2693,17/04/2024,North ,Lillies,D12,22,19,Purple,5,double,double,Middle ,18,85.54,72.94,4903.12,26.945,-5.66,5.146,81.991,51.129,66.991,2,1.25374,25.5259,0.9839,1.30476,-2.46011,0.9802,1.30564,-0.52702,0.9913,59.3079243,-9.8450516,6.19180344,11.63028249
IMG_2694,17/04/2024,North ,Lillies,D12,22,19,Purple,5,double,double,Middle ,19,94.13,70.13,5184.3,31.852,-6.144,6.313,74.164,49.071,78.47,2,1.25252,25.72687,0.9842,1.30205,-2.48405,0.9792,1.30834,-0.60379,0.9908,65.62213704,-10.4838452,7.65576042,12.98158996
IMG_2695,17/04/2024,North ,Lillies,D12,22,19,Purple,5,double,double,Middle ,20,84.51,75.76,4960.03,27.742,-6.36,5.281,80.648,52.816,68.868,2,1.26375,25.94533,0.9822,1.31745,-2.5401,0.9791,1.31756,-0.5695,0.991,61.0042825,-10.919082,6.38853436,12.65068073
IMG_2696,17/04/2024,North ,Lillies,D12,22,19,Purple,5,double,double,Middle ,21,91.99,74.43,5435.3,29.487,-2.88,7.513,47.229,49.694,71.788,2,1.19398,24.33074,0.9826,1.23354,-2.45127,0.9792,1.23519,-0.63309,0.9914,59.53762826,-6.0038652,8.64689247,10.52687735
IMG_2697,17/04/2024,North ,Lillies,D12,22,19,Purple,5,double,double,Middle ,22,81.76,58,3768.38,25.301,-3.336,7.276,52.853,53.752,62.026,2,1.17307,23.92711,0.9834,1.21301,-2.4179,0.9803,1.21269,-0.6173,0.9919,53.60695407,-6.46450136,8.20623244,10.44662762
IMG_2698,17/04/2024,North ,Lillies,D12,22,19,Purple,5,double,double,Middle ,23,80.11,61.82,3968.25,24.22,-6.306,6.312,79.285,61.774,61.043,2,1.26477,25.83533,0.9841,1.31517,-2.49046,0.9794,1.31823,-0.44638,0.991,56.4680594,-10.78392202,7.87428776,13.35280427
IMG_2699,17/04/2024,North ,Lillies,D12,22,19,Purple,5,double,double,Middle ,24,81.66,57.69,3638.41,27.305,-4.441,6.396,67.396,52.49,67.749,2,1.2144,24.78428,0.9832,1.26012,-2.49964,0.9799,1.25913,-0.42185,0.9916,57.943472,-8.09583292,7.63154548,11.12578074
IMG_2700,17/04/2024,North ,Lillies,D12,22,19,Purple,5,double,double,Middle ,25,88.78,67.02,4829.03,33.578,-5.751,8.02,64.073,53.789,82.745,2,1.18629,24.96702,0.9828,1.23184,-2.60494,0.9786,1.2309,-0.61235,0.9908,64.80026562,-9.68925184,9.259468,13.40221433
IMG_2701,17/04/2024,North ,Lillies,D12,22,19,Purple,5,double,double,Middle ,26,87.35,66.22,4568.72,23.953,-2.325,6.507,54.612,54.68,59.912,2,1.10806,23.12723,0.9778,1.13873,-2.46206,0.9789,1.14012,-0.72501,0.9909,49.66859118,-5.10960725,6.69375084,8.421068018
IMG_2702,17/04/2024,North ,Lillies,E12,22,19,Purple,5,mixed,single,Middle ,1,74.61,58.16,3373.2,23.444,-5.086,10.352,54.225,80.72,58.738,2,1.25844,26.41155,0.9829,1.3114,-2.52338,0.9788,1.32201,-0.61178,0.9905,55.91441736,-9.1931604,13.07366752,15.98233339
IMG_2703,17/04/2024,North ,Lillies,E12,22,19,Purple,5,mixed,single,Middle ,2,68.81,59.94,3290.31,27.663,-2.371,11.757,40.917,80.222,69.791,2,1.14381,23.83119,0.9807,1.1837,-2.61412,0.9789,1.18274,-0.69967,0.9913,55.47240603,-5.4206727,13.20580418,14.27504664
IMG_2704,17/04/2024,North ,Lillies,E12,22,19,Purple,5,mixed,single,Middle ,3,70.25,68.62,3810.6,25.003,-5.363,7.827,66.48,67.567,63.274,2,1.15225,24.40252,0.9794,1.19439,-2.41918,0.9788,1.19819,-0.80398,0.991,53.21222675,-8.82469357,8.57425313,12.30418763
IMG_2705,17/04/2024,North ,Lillies,E12,22,19,Purple,5,mixed,single,Middle ,4,70.09,63.98,3654.66,25.797,-3.626,11.059,44.387,79.339,64.131,2,1.29123,26.38091,0.9836,1.36027,-2.19573,0.9859,1.35736,-0.70304,0.9896,59.69077031,-7.12806902,14.30800424,15.98525425
IMG_2706,17/04/2024,North ,Lillies,E12,22,19,Purple,5,mixed,single,Middle ,5,68.85,61.46,3339.38,23.518,-7.929,8.545,72.214,76.346,60.059,2,1.27269,26.99471,0.9815,1.33597,-2.70989,0.9794,1.34085,-0.34723,0.9904,56.92583342,-13.30279613,11.11033325,17.33216345
IMG_2707,17/04/2024,North ,Lillies,E12,22,19,Purple,5,mixed,single,Middle ,6,68.06,55.32,2990.52,34.531,-4.131,9.429,49.254,54.675,84.239,2,1.16394,23.99009,0.9801,1.1993,-2.28335,0.9795,1.20578,-0.74373,0.9916,64.18210214,-7.2376583,10.62556962,12.85637692
IMG_2708,17/04/2024,North ,Lillies,E12,22,19,Purple,5,mixed,single,Middle ,7,64.31,55.05,2886.78,25.877,-3.95,10.908,46.615,77.502,64.543,2,1.28217,26.44123,0.9841,1.34308,-2.41686,0.9781,1.34199,-0.441,0.991,59.61994309,-7.722026,14.19742692,16.16157841
IMG_2709,17/04/2024,North ,Lillies,E12,22,19,Purple,5,mixed,single,Middle ,8,65.61,57.89,3193.73,22.154,-4.919,7.087,63.101,60.374,55.599,2,1.28871,26.48718,0.9829,1.34589,-2.46219,0.9796,1.34857,-0.5143,0.9909,55.03726134,-9.08262291,9.04301559,12.8167925
IMG_2710,17/04/2024,North ,Lillies,E12,22,19,Purple,5,mixed,single,Middle ,9,77.51,65.93,4279.91,27.102,-3.055,7.519,48.644,53.306,66.458,2,1.32432,25.74997,0.9742,1.38129,-2.01359,0.9837,1.36952,-0.58679,0.9904,61.64169064,-6.23343095,9.71063088,11.53915133
IMG_2711,17/04/2024,North ,Lillies,E12,22,19,Purple,5,mixed,single,Middle ,10,72.59,55.71,3346.52,27.29,-6.018,8.575,62.812,63.001,67.978,2,1.26211,25.77298,0.9721,1.31859,-2.56363,0.9776,1.3175,-0.61647,0.9917,60.2159619,-10.49890462,10.6810925,14.97707365
IMG_2712,17/04/2024,North ,Lillies,E12,22,19,Purple,5,mixed,single,Middle ,11,70.26,61.86,3416.91,18.988,-3.475,2.734,82.716,38.015,47.889,2,1.1557,24.00558,0.9694,1.19808,-2.38627,0.9772,1.19692,-0.48364,0.9918,45.9500116,-6.549598,2.78873928,7.118588395
IMG_2713,17/04/2024,North ,Lillies,E12,22,19,Purple,5,mixed,single,Middle ,12,74.96,58.17,3434.31,26.195,-5.164,9.396,54.975,68.701,65.253,2,1.18947,24.40703,0.9728,1.23477,-2.31665,0.9786,1.2316,-0.5492,0.9922,55.56519665,-8.69300228,11.0229136,14.03826602
IMG_2714,17/04/2024,North ,Lillies,E12,22,19,Purple,5,mixed,single,Middle ,13,66.97,53.55,2829.87,28.599,-4.21,9.423,51.752,62.278,70.372,2,1.24887,25.69347,0.9754,1.29821,-2.43918,0.9793,1.3007,-0.39032,0.9919,61.40990313,-7.9046441,11.8661761,14.25796387
IMG_2715,17/04/2024,North ,Lillies,E12,22,19,Purple,5,mixed,single,Middle ,14,68.57,46.12,2546.05,33.668,-5.1,6.632,67.876,44.405,82.619,2,1.12408,23.14502,0.9689,1.16588,-2.45853,0.9792,1.15881,-0.47887,0.9923,60.99054544,-8.404518,7.20635792,11.07102151
IMG_2716,17/04/2024,North ,Lillies,E12,22,19,Purple,5,mixed,single,Middle ,15,71.81,53.85,3130.32,33.355,-2.33,17.974,35.659,105.264,85.048,2,1.27859,25.95237,0.974,1.33049,-2.44551,0.9772,1.32989,-0.39853,0.992,68.59973945,-5.5455517,23.50491286,24.15023959
IMG_2717,17/04/2024,North ,Lillies,E12,22,19,Purple,5,mixed,single,Middle ,16,66.63,53.51,2877.66,26.394,-4.99,7.678,61.111,58.039,65.418,2,1.07292,21.8466,0.9696,1.12141,-1.7768,0.9825,1.11349,-1.26887,0.9919,50.16525048,-7.3726359,7.28050622,10.36154095
IMG_2718,17/04/2024,North ,Lillies,E12,22,19,Purple,5,mixed,single,Middle ,17,59.16,53.83,2537.57,29.752,-5.533,8.725,59.491,58.118,73.393,2,1.25352,25.56986,0.97,1.30911,-2.34943,0.9778,1.30447,-0.53747,0.9922,62.86458704,-9.59273563,10.84403075,14.47803784
IMG_2719,17/04/2024,North ,Lillies,E12,22,19,Purple,5,mixed,single,Middle ,18,68.98,59.4,3229.92,24.101,-3.416,8.014,51.627,62.609,60.287,2,1.25013,25.55971,0.9723,1.30819,-2.41009,0.9782,1.30347,-0.46644,0.9923,55.68909313,-6.87886704,9.97956858,12.12066833
IMG_2720,17/04/2024,North ,Lillies,E12,22,19,Purple,5,mixed,single,Middle ,19,75.57,54.47,3235.94,33.644,-4.204,12.08,48.157,72.325,84.279,2,1.21897,25.1103,0.972,1.27253,-2.27472,0.9786,1.27202,-0.51314,0.9924,66.12132668,-7.62443612,14.8528616,16.69549412
IMG_2721,17/04/2024,North ,Lillies,E12,22,19,Purple,5,mixed,single,Middle ,20,70.82,54.79,3101.75,30.901,-5.458,10.614,55.667,68.385,76.806,2,0.91571,28.73261,0.7526,1.16961,-2.82046,0.9556,1.12983,-0.68045,0.9089,57.02896471,-9.20419138,11.31156562,14.58316343
IMG_2723,17/04/2024,North ,Lillies ,F23,22,19,Mari,4,double,double,Middle ,1,85.3,64.99,4420.44,30.804,-6.307,2.781,104.807,52.923,76.788,2,1.21207,25.11614,0.9811,1.26239,-2.4307,0.9804,1.26587,-0.78783,0.9913,62.45274428,-10.39259373,2.73255447,10.74582981
IMG_2724,17/04/2024,North ,Lillies ,F23,22,19,Mari,4,double,double,Middle ,2,75.17,55.7,3386.01,32.045,-2.753,8.192,45.244,50.452,77.735,2,1.09543,22.76609,0.9787,1.13221,-2.46077,0.9808,1.13388,-0.91443,0.9917,57.86914435,-5.57774413,8.37431496,10.0618279
IMG_2725,17/04/2024,North ,Lillies ,F23,22,19,Mari,4,double,double,Middle ,3,79.82,58.82,3716.69,32.794,-4.946,4.453,78.187,36.936,79.717,2,1.20526,25.06395,0.9807,1.25421,-2.58633,0.9797,1.26032,-0.60403,0.992,64.58924644,-8.78965266,5.00817496,10.11631407
IMG_2726,17/04/2024,North ,Lillies ,F23,22,19,Mari,4,double,double,Middle ,4,75.73,55.1,3288.85,29.812,-5.296,5.874,71.532,46.123,73.332,2,1.12724,23.26893,0.9789,1.16373,-2.45403,0.9808,1.1654,-0.7474,0.992,56.87420888,-8.61714408,6.0981596,10.55664353
IMG_2727,17/04/2024,North ,Lillies ,F23,22,19,Mari,4,double,double,Middle ,5,78.29,60.38,3731.08,25.624,-6.383,5.789,79.288,55.857,64.076,2,1.22917,25.64287,0.9816,1.28662,-2.63434,0.9801,1.2892,-0.6145,0.9917,57.13912208,-10.84683546,6.8486788,12.8280256
IMG_2728,17/04/2024,North ,Lillies ,F23,22,19,Mari,4,double,double,Middle ,6,70.43,58.65,3209.7,28.102,-5.706,4.968,77.766,43.671,69.215,2,1.08071,22.2832,0.9773,1.11016,-2.36782,0.9805,1.11467,-0.93519,0.9919,52.65331242,-8.70239296,4.60249056,9.844519419
IMG_2729,17/04/2024,North ,Lillies ,F23,22,19,Mari,4,double,double,Middle ,7,72.82,64.03,3725.33,35.235,-4.45,6.145,63.758,39.004,85.529,2,1.18228,24.74046,0.9774,1.23295,-2.48856,0.9789,1.23785,-0.73694,0.9925,66.3980958,-7.9751875,6.86964825,10.52595282
IMG_2730,17/04/2024,North ,Lillies ,F23,22,19,Mari,4,double,double,Middle ,8,79.5,55.87,3637.66,33.185,-5.335,4.841,77.908,37.819,80.968,2,1.20406,25.13321,0.9782,1.25559,-2.61304,0.9788,1.25908,-0.59329,0.9926,65.0899411,-9.31161265,5.50191628,10.81560044
IMG_2731,17/04/2024,North ,Lillies ,F23,22,19,Mari,4,double,double,Middle ,9,74.32,47.84,2874.52,25.602,-6.999,1.931,115.934,65.827,65.168,2,1.10898,22.95415,0.978,1.14631,-2.4812,0.9807,1.14752,-0.74955,0.9919,51.34625596,-10.50422369,1.46631112,10.60607296
IMG_2732,17/04/2024,North ,Lillies ,F23,22,19,Mari,4,double,double,Middle ,10,73.14,52.11,3058.38,34.295,-2.176,7.316,42.792,43.056,83.012,2,1.09427,22.57919,0.9774,1.1255,-2.50713,0.9809,1.12954,-0.83942,0.9918,60.10717965,-4.956218,7.42429464,8.926603372
IMG_2733,17/04/2024,North ,Lillies ,F23,22,19,Mari,4,double,double,Middle ,11,84.26,55.37,3736.19,32.806,-4.85,4.308,79.145,36.16,80.126,2,1.21104,25.21103,0.982,1.26272,-2.65881,0.9806,1.2671,-0.55334,0.9921,64.94040824,-8.783002,4.9053268,10.05998783
IMG_2734,17/04/2024,North ,Lillies ,F23,22,19,Mari,4,double,double,Middle ,12,73.14,50.7,3009.88,29.041,-5.205,5.485,73.453,43.864,71.338,2,1.14048,23.81502,0.9781,1.1794,-2.53986,0.9794,1.18579,-0.74287,0.9919,56.93569968,-8.678637,5.76118815,10.41681473
IMG_2735,17/04/2024,North ,Lillies ,F23,22,19,Mari,4,double,double,Middle ,13,86.95,60.99,4189.29,23.848,-4.253,4.609,79.615,48.549,59.635,2,1.11644,23.12838,0.9747,1.15541,-1.92515,0.9789,1.15631,-0.7843,0.9907,49.75324112,-6.83910873,4.54513279,8.21167707
IMG_2736,17/04/2024,North ,Lillies ,F23,22,19,Mari,4,double,double,Middle ,14,72.25,70.01,3919,33.239,-4.737,5.16,73.98,39.991,81.159,2,1.13035,23.59317,0.9748,1.1842,-1.69485,0.9806,1.18384,-0.9864,0.9921,61.16487365,-7.3044054,5.1222144,8.921402278
IMG_2737,17/04/2024,North ,Lillies ,F23,22,19,Mari,4,double,double,Middle ,15,90.68,61.76,4260.09,28.704,-3.978,4.345,77.379,39.31,70.425,2,1.1088,23.23681,0.9767,1.15966,-2.18698,0.9794,1.15736,-0.57851,0.9927,55.0638052,-6.80010748,4.4502192,8.126863643
IMG_2738,17/04/2024,North ,Lillies ,F23,22,19,Mari,4,double,double,Middle ,16,88.06,65.35,4429.86,28.494,-3.431,4.853,64.422,36.463,69.523,2,1.14362,23.7378,0.9783,1.18076,-2.58158,0.9806,1.18798,-0.78837,0.9922,56.32410828,-6.63276756,4.97689694,8.29235242
IMG_2739,17/04/2024,North ,Lillies ,F23,22,19,Mari,4,double,double,Middle ,17,85.75,63.62,4350.98,31.935,-4.27,5.104,69.261,36.241,77.722,2,1.23276,25.54481,0.9812,1.28409,-2.64398,0.9797,1.28981,-0.49735,0.9922,64.9130006,-8.1270443,6.08584024,10.15314239
IMG_2740,17/04/2024,North ,Lillies ,F23,22,19,Mari,4,double,double,Middle ,18,86.17,61.17,4317.89,26.375,-5.198,4.541,77.326,42.608,65.046,2,1.10053,22.84136,0.9786,1.13336,-2.55717,0.9802,1.13675,-0.85411,0.9918,51.86783875,-8.44837528,4.30787175,9.483290773
IMG_2741,17/04/2024,North ,Lillies ,F23,22,19,Mari,4,double,double,Middle ,19,71.77,60.15,3457.77,21.926,-3.331,4.452,74.603,45.43,55.027,2,1.18883,24.52049,0.9811,1.2286,-2.55955,0.9797,1.23425,-0.66306,0.992,50.58677658,-6.6520166,4.831821,8.221667655
IMG_2742,17/04/2024,North ,Lillies ,F23,22,19,Mari,4,double,double,Middle ,20,79.87,57.7,3584.18,30.933,-5.346,4.313,79.327,38.388,75.573,2,1.23601,25.75033,0.9807,1.28891,-2.67709,0.9785,1.29183,-0.37881,0.9918,63.98382733,-9.56760286,5.19285279,10.88598845
IMG_2743,17/04/2024,North ,Lillies ,F23,22,19,Mari,4,double,double,Middle ,21,76.66,58.76,3549.71,31.535,-5.139,8.061,63.436,55.768,78.164,2,1.1063,22.54033,0.9741,1.14636,-1.94844,0.9805,1.13763,-0.85889,0.9918,57.4275005,-7.83958404,8.31154543,11.42544815
IMG_2744,17/04/2024,North ,Lillies ,F23,22,19,Mari,4,double,double,Middle ,22,79.51,55.43,3497.59,34.216,-4.19,3.36,81.425,29.016,83.037,2,1.10483,22.98676,0.9778,1.14006,-2.59751,0.9798,1.14098,-0.83764,0.9915,60.78962328,-7.3743614,2.9960528,7.959744873
IMG_2745,17/04/2024,North ,Lillies ,F23,22,19,Mari,4,double,double,Middle ,23,74.38,54.77,3283.64,24.38,-5.015,3.086,91.914,43.5,60.703,2,1.06221,21.82227,0.9757,1.08786,-2.36034,0.9811,1.09201,-0.90082,0.992,47.7189498,-7.8159579,2.46912286,8.196692357
IMG_2746,17/04/2024,North ,Lillies ,F23,22,19,Mari,4,double,double,Middle ,24,78.98,62.16,3869.66,28.887,-3.603,6.438,64.192,48.354,71.138,2,1.0117,20.48757,0.9721,1.03394,-1.83795,0.9808,1.04024,-1.07631,0.9924,49.7125479,-5.56323582,5.62075512,7.908380423
IMG_2747,17/04/2024,North ,Lillies ,F23,22,19,Mari,4,double,double,Middle ,25,77.31,56.91,3587.74,32.053,-5.629,5.624,73.708,42.162,78.352,2,1.06382,21.91689,0.9753,1.09067,-2.51951,0.9807,1.09305,-0.90017,0.9918,56.01551246,-8.65889143,5.2471432,10.12466852
IMG_2748,17/04/2024,North ,Lillies ,G23,22,19,Mari,4,double,double,Middle ,1,67.18,63.09,3473.46,29.687,-1.905,6.003,47.232,39.678,71.948,2,1.28686,25.90956,0.8947,1.30596,-2.82231,0.9779,1.31012,-0.95146,0.9902,64.11257282,-5.3101638,6.91319036,8.717226654
IMG_2749,17/04/2024,North ,Lillies ,G23,22,19,Mari,4,double,double,Middle ,2,71.22,62.07,3524.38,31.364,-1.758,6.149,44.103,39.031,75.851,2,1.13562,23.60515,0.9674,1.17998,-2.34794,0.9793,1.17597,-0.4552,0.9922,59.22273568,-4.42234484,6.77583953,8.091299971
IMG_2750,17/04/2024,North ,Lillies ,G23,22,19,Mari,4,double,double,Middle ,3,70,51.73,2832.67,32.179,-2.51,7.617,44.137,47.823,78.487,2,1.12495,23.43933,0.9683,1.17,-2.33979,0.9791,1.16868,-0.80763,0.9919,59.63909605,-5.27649,8.09420556,9.66216903
IMG_2751,17/04/2024,North ,Lillies ,G23,22,19,Mari,4,double,double,Middle ,4,74.4,69.52,3973.51,30.676,-6.682,3.837,96.19,48.027,75.846,2,1.12168,23.49059,0.9678,1.17103,-2.31025,0.9799,1.16946,-0.76438,0.9924,57.89924568,-10.13507246,3.72283802,10.79718559
IMG_2752,17/04/2024,North ,Lillies ,G23,22,19,Mari,4,double,double,Middle ,5,87.71,57.64,3818.42,38.764,-3.15,5.954,58.128,33.904,94.059,2,1.14263,23.88324,0.968,1.19221,-2.28279,0.9802,1.19272,-0.7817,0.9922,68.17614932,-6.0382515,6.31975488,8.740696936
IMG_2753,17/04/2024,North ,Lillies ,G23,22,19,Mari,4,double,double,Middle ,6,75.51,52.69,3227.01,34.163,-4.911,4.895,75.062,35.434,83.238,2,1.04144,31.02541,0.7779,1.31093,-3.21446,0.9644,1.27623,-0.28057,0.92,66.60412472,-9.65243723,5.96657585,11.34766812
IMG_2754,17/04/2024,North ,Lillies ,G23,22,19,Mari,4,double,double,Middle ,7,71.25,55.75,3143.88,24.554,-8.015,3.932,97.111,67.557,62.168,2,1.07073,22.04186,0.9681,1.11143,-1.93434,0.9798,1.108,-0.79136,0.992,48.33256442,-10.84245145,3.565296,11.41359229
IMG_2755,17/04/2024,North ,Lillies ,G23,22,19,Mari,4,double,double,Middle ,8,75.36,66.93,3947.52,30.447,-5.529,4.347,87,45.899,75.199,2,1.08881,21.83544,0.9694,1.12764,-1.93599,0.982,1.11921,-0.82165,0.9915,54.98643807,-8.17071156,4.04355587,9.116516411
IMG_2756,17/04/2024,North ,Lillies ,G23,22,19,Mari,4,double,double,Middle ,9,71.15,58.56,3249.98,29.724,-5.531,4.611,81.926,41.539,73.119,2,1.1569,24.25035,0.9664,1.20834,-2.39869,0.9783,1.20635,-0.57438,0.9921,58.6380456,-9.08201854,4.98809985,10.36166979
IMG_2757,17/04/2024,North ,Lillies ,G23,22,19,Mari,4,double,double,Middle ,10,75.99,52.6,3340.22,29.744,-5.338,5.185,78.686,44.992,73.314,2,1.21995,25.33304,0.9698,1.28214,-2.47452,0.9799,1.27902,-0.49025,0.9925,61.6192328,-9.31858332,6.1414687,11.16035989
IMG_2758,17/04/2024,North ,Lillies ,G23,22,19,Mari,4,double,double,Middle ,11,88.76,59.36,4221.68,32.031,-5.818,6.246,75.244,46.353,78.675,2,1.05454,21.36402,0.9697,1.0954,-1.8472,0.9806,1.08623,-1.09975,0.9917,55.14199074,-8.2202372,5.68484258,9.994485219
IMG_2759,17/04/2024,North ,Lillies ,G23,22,19,Mari,4,double,double,Middle ,12,77.8,61.75,3815.23,27.428,-3.514,5.371,66.215,42.048,67.314,2,1.09902,22.79767,0.967,1.15323,-1.71919,0.9788,1.14388,-0.91661,0.9914,52.94159056,-5.77164022,5.22716948,7.786856336
IMG_2760,17/04/2024,North ,Lillies ,G23,22,19,Mari,4,double,double,Middle ,13,72.64,53.96,3131.3,29.697,-3.992,4.269,79.84,36.945,72.973,2,1.18881,24.62905,0.9675,1.23981,-2.55577,0.9783,1.23306,-0.45011,0.9921,59.93314057,-7.50509152,4.81382314,8.916237544
IMG_2761,17/04/2024,North ,Lillies ,G23,22,19,Mari,4,double,double,Middle ,14,71.43,60.44,3382.51,33.174,-5.832,3.156,92.819,42.548,81.34,2,1.34121,26.24656,0.9713,1.40623,-2.33502,0.9835,1.38781,-0.30782,0.9906,70.73986054,-10.53615336,4.07210836,11.29568918
IMG_2762,17/04/2024,North ,Lillies ,G23,22,19,Mari,4,double,double,Middle ,15,76.53,53.4,3338.43,31.196,-4.103,5.872,63.051,39.346,75.753,2,1.33324,26.24962,0.9696,1.39761,-1.93584,0.9834,1.38558,-0.54759,0.9901,67.84137504,-7.67023383,7.58853576,10.7897341
IMG_2763,17/04/2024,North ,Lillies ,G23,22,19,Mari,4,double,double,Middle ,16,60.02,46.41,2134.91,34.677,-4.074,3.357,80.502,28.133,83.935,2,1.25549,25.96297,0.969,1.31788,-2.43422,0.9782,1.3148,-0.41672,0.9921,69.49959673,-7.80326312,3.9970636,8.767407413
IMG_2764,17/04/2024,North ,Lillies ,G23,22,19,Mari,4,double,double,Middle ,17,80.57,49.91,3022.38,35.218,-3.33,5.478,59.438,33.113,85.109,2,1.32614,26.04563,0.9707,1.39147,-2.25243,0.9831,1.37285,-0.43067,0.9904,72.74962852,-6.8860251,7.0898023,9.883452754
IMG_2765,17/04/2024,North ,Lillies ,G23,22,19,Mari,4,double,double,Middle ,18,82.04,57.91,3616.14,29.664,-3.813,5.01,70.371,37.99,72.532,2,0.97786,32.92177,0.7295,1.31253,-3.50016,0.9537,1.26285,-0.0941,0.8966,61.92900904,-8.50483689,6.2327785,10.5441822
IMG_2766,17/04/2024,North ,Lillies ,G23,22,19,Mari,4,double,double,Middle ,19,80.08,55.67,3550.88,25.273,-5.074,4.851,77.814,46.256,62.814,2,1.15583,24.18319,0.9668,1.20317,-2.44011,0.9786,1.20291,-0.64084,0.992,53.39448159,-8.54499458,5.19447641,9.999975877
IMG_2767,17/04/2024,North ,Lillies ,G23,22,19,Mari,4,double,double,Middle ,20,75.97,58.44,3489.19,28.207,-4.524,5.029,73.629,41.576,69.351,2,0.9778,32.9502,0.7297,1.30835,-3.34476,0.9547,1.26224,-0.27049,0.8937,60.5310046,-9.2637354,6.07731496,11.07928476
IMG_2768,17/04/2024,North ,Lillies ,G23,22,19,Mari,4,double,double,Middle ,21,74.21,59.01,3537.21,34.789,-2.76,8.753,43.779,50.498,84.675,2,1.25341,25.96032,0.9708,1.31409,-2.42992,0.9784,1.31257,-0.49575,0.9915,69.56520049,-6.0568084,10.99317521,12.55128795
IMG_2769,17/04/2024,North ,Lillies ,G23,22,19,Mari,4,double,double,Middle ,22,72.2,59.55,3475.91,26.977,-5.468,2.153,99.315,41.847,66.416,2,1.13713,23.90353,0.968,1.18741,-2.51931,0.9785,1.18319,-0.58742,0.992,54.57988601,-9.01206788,1.95998807,9.222739328
IMG_2770,17/04/2024,North ,Lillies ,G23,22,19,Mari,4,double,double,Middle ,23,64.91,49.78,2696.28,31.904,-3.958,4.765,69.448,35.457,77.654,2,1.1468,23.72426,0.9679,1.19445,-2.31922,0.9801,1.19222,-0.72523,0.9921,60.3117672,-7.0468531,4.9556983,8.614933793
IMG_2771,17/04/2024,North ,Lillies ,G23,22,19,Mari,4,double,double,Middle ,24,80.52,66.59,4259.92,37.362,-2.801,8.709,43.043,47.229,90.617,2,1.14681,24.03805,0.967,1.19216,-2.47893,0.9785,1.19168,-0.66728,0.9917,66.88516522,-5.81817016,9.71106112,11.32059239
IMG_2772,17/04/2024,North ,Lillies ,G23,22,19,Mari,4,double,double,Middle ,25,80.1,60.12,3936.75,39.149,-1.056,7.595,35.627,42.428,95.926,1,1.13933,23.86216,0.9676,1.18666,-2.45529,0.9787,1.18437,-0.60107,0.9922,68.46579017,-3.70840296,8.39422015,9.176883155
IMG_2773,17/04/2024,North ,Lillies ,G23,22,19,Mari,4,double,double,Middle ,26,67.41,66.42,3553.03,33.512,-1.251,8.433,34.908,52.331,82.531,1,1.14387,23.86447,0.9672,1.19105,-2.38542,0.9785,1.18883,-0.6692,0.9919,62.19784144,-3.87542355,9.35620339,10.1270652
IMG_2774,17/04/2024,North ,Lillies ,G23,22,19,Mari,4,double,double,Middle ,27,74.18,55.84,3409.4,38.302,-2.187,7.961,41.771,42.877,93.124,2,1.13948,23.92496,0.9679,1.18536,-2.39988,0.9787,1.18514,-0.67309,0.9918,67.56932296,-4.99226232,8.76180954,10.08424462
IMG_2775,17/04/2024,North ,Lillies ,G23,22,19,Mari,4,double,double,Middle ,28,73.31,53.95,3217.06,35.436,-3.439,4.545,64.293,27.74,85.347,2,1.13854,24.0081,0.9689,1.18696,-2.45258,0.9784,1.18621,-0.63806,0.9919,64.35340344,-6.53453544,4.75326445,8.080450257
IMG_2776,17/04/2024,North ,Lillies ,G23,22,19,Mari,4,double,double,Middle ,29,69.51,50.97,2808.42,34.926,-2.597,7.283,47.426,41.94,84.649,2,1.14573,24.03786,0.9681,1.19316,-2.43103,0.9779,1.18913,-0.61408,0.9916,64.05362598,-5.52966652,8.04635379,9.763248493
IMG_2777,17/04/2024,North ,Lillies ,G23,22,19,Mari,4,double,double,Middle ,30,73.8,56.7,3243.76,30.984,-1.797,4.657,51.022,31.373,74.854,2,1.14983,23.82986,0.9691,1.19163,-2.43327,0.9784,1.1895,-0.60609,0.9915,59.45619272,-4.57462911,4.9334115,6.727984878
IMG_2778,17/04/2024,North ,Lillies ,G23,22,19,Mari,4,double,double,Middle ,31,81.76,59.68,3870.75,33.274,-3.442,6.306,55.191,39.741,80.708,2,1.27843,26.0439,0.97,1.33717,-2.3194,0.9778,1.32905,-0.35484,0.9917,68.58237982,-6.92193914,8.0261493,10.59869398
IMG_2779,17/04/2024,North ,Lillies ,G23,22,19,Mari,4,double,double,Middle ,32,70.02,60.54,3451.31,37.439,-3.411,8.184,49.752,46.033,91.251,2,1.18631,24.8118,0.9674,1.23874,-2.48593,0.9782,1.23672,-0.64375,0.992,69.22606009,-6.71127214,9.47756648,11.61315806
IMG_2780,17/04/2024,North ,Lillies ,G23,22,19,Mari,4,double,double,Middle ,33,75.53,61.16,3636.66,36.364,-2.309,8.049,44.12,46.624,88.839,2,1.17817,24.68624,0.9689,1.22847,-2.54073,0.9773,1.2252,-0.548,0.992,67.52921388,-5.37726723,9.3136348,10.75447795
IMG_2781,17/04/2024,North ,Lillies ,G01,22,19,Mari,4,double,double,Middle ,1,99.34,74.08,5530.52,34.496,-4.62,6.583,63.288,41.646,83.834,2,1.15407,25.96625,0.9871,1.25223,-2.85999,0.981,1.25182,-0.57174,0.9889,65.77704872,-8.6452926,7.66899106,11.55657856
IMG_2782,17/04/2024,North ,Lillies ,G01,22,19,Mari,4,double,double,Middle ,2,85.25,60.77,4226.71,33.442,-7.916,10.423,64.566,67.019,82.93,2,1.07733,23.9527,0.9871,1.14814,-2.67219,0.9819,1.15392,-0.84611,0.9892,59.98076986,-11.76086624,11.18119816,16.22766671
IMG_2783,17/04/2024,North ,Lillies ,G01,22,19,Mari,4,double,double,Middle ,3,77.03,55.92,3458.7,28.208,-4.184,7.355,56.876,52.254,69.095,2,1.08711,24.06,0.9873,1.1588,-2.78946,0.9817,1.16168,-0.60323,0.9893,54.72519888,-7.6378792,7.9409264,11.0179631
IMG_2784,17/04/2024,North ,Lillies ,G01,22,19,Mari,4,double,double,Middle ,4,85.32,74.63,4936.01,34.922,-4.836,7.258,61.254,45.522,85.098,2,1.14929,25.81242,0.9879,1.24283,-2.61955,0.9809,1.24632,-0.65652,0.9893,65.94792538,-8.62987588,8.38927056,12.03555642
IMG_2785,17/04/2024,North ,Lillies ,G01,22,19,Mari,4,double,double,Middle ,5,89.79,71.62,5202.36,31.031,-5.389,6.707,67.911,48.491,76.197,2,1.13866,25.71631,0.9877,1.23514,-2.65727,0.9813,1.24085,-0.80477,0.9895,61.05006846,-9.31343946,7.51761095,11.96890258
IMG_2786,17/04/2024,North ,Lillies ,G01,22,19,Mari,4,double,double,Middle ,6,78.15,59.32,3678.89,31.754,-3.328,10.167,43.72,61.918,77.666,2,0.93086,19.08216,0.9867,0.92111,-2.98473,0.9629,0.94388,-0.70608,0.9878,48.64068844,-6.05018408,8.89034796,10.7537442
IMG_2787,17/04/2024,North ,Lillies ,G01,22,19,Mari,4,double,double,Middle ,7,93.74,93.35,7085.7,36.703,-5.571,6.696,69.495,45.288,89.888,2,1.17184,26.38765,0.9879,1.27488,-2.52336,0.9816,1.27811,-0.53966,0.9902,69.39769352,-9.62571648,8.01856456,12.52804036
IMG_2788,17/04/2024,North ,Lillies ,G01,22,19,Mari,4,double,double,Middle ,8,93.79,79.66,5873.92,34.041,-4.522,7.864,56.139,47.492,82.782,2,1.19634,26.79794,0.9876,1.30726,-2.64345,0.982,1.31096,-0.8326,0.99,67.52254994,-8.55487972,9.47678944,12.7669693
IMG_2789,17/04/2024,North ,Lillies ,G01,22,19,Mari,4,double,double,Middle ,9,81.96,71.31,4615.38,28.227,-4.388,8.05,57.97,55.462,69.406,2,1.04672,23.30253,0.9857,1.11285,-2.53425,0.9821,1.12256,-1.17062,0.989,52.84829544,-7.4174358,7.865988,10.81166597
IMG_2790,17/04/2024,North ,Lillies ,G01,22,19,Mari,4,double,double,Middle ,10,88.66,66.49,4701.82,28.391,-7.678,4.791,91.69,58.981,70.917,2,1.00033,21.4182,0.986,1.02737,-2.69229,0.9626,1.04353,-0.82269,0.9881,49.81856903,-10.58043686,4.17686223,11.37505263
IMG_2791,17/04/2024,North ,Lillies ,G01,22,19,Mari,4,double,double,Middle ,11,88.67,69.73,4825.23,32.054,-3.466,10.229,45.886,63.502,78.84,2,1.00863,21.69978,0.9877,1.03046,-2.69652,0.9652,1.05172,-0.51518,0.9891,54.03040602,-6.26809436,10.24286388,12.00854976
IMG_2792,17/04/2024,North ,Lillies ,G01,22,19,Mari,4,double,double,Middle ,12,90.26,73.28,5273.37,31.227,-2.07,8.149,42.992,51.957,76.548,2,1.17137,26.40571,0.9869,1.27381,-2.64477,0.9822,1.28044,-0.77327,0.9891,62.98408099,-5.2815567,9.66103556,11.01046998
IMG_2793,17/04/2024,North ,Lillies ,G01,22,19,Mari,4,double,double,Middle ,13,88.34,70.19,4922.99,31.324,-4.728,8.771,57.649,58.234,76.898,2,1.07968,24.23632,0.9871,1.15945,-2.52944,0.9825,1.16834,-1.14958,0.9893,58.05621632,-8.0113196,9.09793014,12.12244095
IMG_2794,17/04/2024,North ,Lillies ,G01,22,19,Mari,4,double,double,Middle ,14,84.92,69.97,4740.13,25.007,-3.708,6.501,60.118,55.397,62.377,2,1.08318,24.09261,0.9876,1.1581,-2.7139,0.9812,1.16117,-0.70389,0.9896,51.17969226,-7.0081348,6.84487617,9.796238215
IMG_2795,17/04/2024,North ,Lillies ,G01,22,19,Mari,4,double,double,Middle ,15,99.06,76.41,6049.23,31.376,-7.931,5.609,84.321,56.508,77.8,2,1.02375,22.50583,0.9857,1.08809,-2.78355,0.9833,1.08872,-1.11845,0.9891,54.62701,-11.41319179,4.98818048,12.45563693
IMG_2796,17/04/2024,North ,Lillies ,G01,22,19,Mari,4,double,double,Middle ,16,85.47,76.82,5319.35,34.472,-2.402,9.712,41.215,57.951,84.892,2,1.2232,27.85267,0.9867,1.35316,-2.59577,0.9829,1.35411,-0.52403,0.9899,70.0188204,-5.84606032,12.62708632,13.91473069
IMG_2797,17/04/2024,North ,Lillies ,G01,22,19,Mari,4,double,double,Middle ,17,95.93,75.1,5796.48,34.768,-1.989,10.273,40.41,61.558,86.371,2,1.16092,26.25785,0.9877,1.26287,-2.69948,0.9807,1.26157,-0.52891,0.9895,66.62071656,-5.21132843,12.43119861,13.47934134
IMG_2798,17/04/2024,North ,Lillies ,G01,22,19,Mari,4,double,double,Middle ,18,82.45,72.9,4548.42,28.309,-7.447,4.326,88.676,56.663,70.371,2,1.18089,26.74653,0.9867,1.28928,-2.66961,0.9805,1.29335,-0.54318,0.9897,60.17634501,-12.27087816,5.0518521,13.27010401
IMG_2799,17/04/2024,North ,Lillies ,G01,22,19,Mari,4,double,double,Middle ,19,83.7,65.64,4248.13,32.37,-8.085,5.037,87.317,54.812,80,2,1.16236,26.17037,0.9876,1.26249,-2.87403,0.9812,1.26055,-0.38477,0.9898,63.7959632,-13.08126165,5.96462035,14.37692951
IMG_2800,17/04/2024,North ,Lillies ,G01,22,19,Mari,4,double,double,Middle ,20,88.24,68.78,4734.5,30.559,-3.732,9.85,51.477,64.753,75.377,2,1.11013,25.65212,0.9828,1.22111,-1.84522,0.9798,1.23132,-1.08082,0.9877,59.57658267,-6.40240252,11.047682,12.76879147
IMG_2801,17/04/2024,North ,Lillies ,G01,22,19,Mari,4,double,double,Middle ,21,96.96,75.37,6013.08,32.141,-7.468,5.721,84.123,51.321,79.476,2,1.12959,25.30643,0.9864,1.21744,-2.81606,0.9815,1.22073,-0.50216,0.9897,61.61258219,-11.90790192,6.48163633,13.55764499
IMG_2802,17/04/2024,North ,Lillies ,G01,22,19,Mari,4,double,double,Middle ,22,98.86,75.05,5875.37,34.652,-4.319,7.054,58.738,43.662,84.142,2,1.15216,26.00977,0.9877,1.25342,-2.62314,0.9816,1.2517,-0.48134,0.9895,65.93441832,-8.03666098,8.3481518,11.58790569
IMG_2803,17/04/2024,North ,Lillies ,G01,22,19,Mari,4,double,double,Middle ,23,93.61,77.99,5708.27,36.153,-2.68,7.836,45.912,43.747,87.483,2,1.15804,26.25349,0.9872,1.26282,-2.6854,0.9817,1.26224,-0.56196,0.9897,68.12011012,-6.0697576,9.32895264,11.12974908
IMG_2804,17/04/2024,North ,Lillies ,G01,22,19,Mari,4,double,double,Middle ,24,75.4,65.62,3987.84,31.449,-3.881,6.774,57.588,44.918,76.596,2,1.07568,23.83415,0.9857,1.15014,-2.67586,0.9831,1.1533,-0.61648,0.9896,57.66321032,-7.13955334,7.1959742,10.13682724
IMG_2805,17/04/2024,North ,Lillies ,G01,22,19,Mari,4,double,double,Middle ,25,83.41,72.7,4703.48,34.352,-2.982,8.105,48.646,47.35,83.57,2,1.1328,25.60025,0.9871,1.23169,-2.65234,0.9817,1.23192,-0.61043,0.9895,64.5141956,-6.32523958,9.3742816,11.3086609
IMG_2806,17/04/2024,North ,Lillies ,G01,22,19,Mari,4,double,double,Middle ,26,91.29,84.68,6138.73,25.348,-9.294,1.708,107.833,82.215,64.481,2,1.15938,26.25594,0.9868,1.26133,-2.64397,0.9802,1.26306,-0.59588,0.9891,55.64390424,-14.36677102,1.56142648,14.45137233
IMG_2807,17/04/2024,North ,Lillies ,G01,22,19,Mari,4,double,double,Middle ,27,91.5,67.34,4806.88,29.012,-4.491,6.713,63.329,49.595,71.11,2,1.0787,24.24032,0.9873,1.15777,-2.64246,0.9819,1.16088,-0.76181,0.989,55.5355644,-7.84200507,7.03117744,10.53254479
IMG_2808,17/04/2024,North ,Lillies ,F01,22,19,Mari,4,double,double,Middle ,1,72.42,62.62,3759.08,33.618,-2.599,6.421,48.017,37.633,80.826,2,1.06074,23.71496,0.9843,1.13507,-2.64953,0.9828,1.13864,-0.88021,0.989,59.37491732,-5.59957693,6.43099744,8.527191206
IMG_2809,17/04/2024,North ,Lillies ,F01,22,19,Mari,4,double,double,Middle ,2,75.56,57.02,3548.03,26.959,-4.134,5.141,65.9,39.29,65.879,2,1.0691,23.91331,0.9858,1.14281,-2.66704,0.9819,1.14592,-0.77279,0.9893,52.7351769,-7.39141654,5.11838472,8.990600681
IMG_2810,17/04/2024,North ,Lillies ,F01,22,19,Mari,4,double,double,Middle ,3,68.2,63.27,3506.16,28.246,-8.959,4.861,92.325,63.993,70.72,2,1.16093,26.11234,0.9863,1.26463,-2.57271,0.982,1.26657,-0.64375,0.9896,58.90396878,-13.90253017,5.51304677,14.95573568
IMG_2811,17/04/2024,North ,Lillies ,F01,22,19,Mari,4,double,double,Middle ,4,73.65,56.3,3257.58,26.958,-2.966,5.14,57.933,38.726,65.575,2,1.05979,23.78202,0.9854,1.13503,-2.5545,0.9821,1.13877,-0.88891,0.9891,52.35183882,-5.92099898,4.9643678,7.726783068
IMG_2812,17/04/2024,North ,Lillies ,F01,22,19,Mari,4,double,double,Middle ,5,69.87,58.32,3178.17,34.883,-4.368,5.886,62.656,38.003,84.597,2,1.16728,26.2676,0.9878,1.27511,-2.71705,0.9821,1.27132,-0.55192,0.9901,66.98582824,-8.28673048,6.93106952,10.80322298
IMG_2813,17/04/2024,North ,Lillies ,F01,22,19,Mari,4,double,double,Middle ,6,66.56,56.4,2947.26,28.692,-3.664,7.947,55.187,55.238,70.804,2,1.02216,22.33816,0.9858,1.03977,-2.72528,0.9628,1.06896,-0.53679,0.9887,51.66597472,-6.53499728,7.95823512,10.29755775
IMG_2814,17/04/2024,North ,Lillies ,F01,22,19,Mari,4,double,double,Middle ,7,66.68,50.66,2726.23,27.135,-6.105,4.58,82.335,45.596,67.006,2,1.06865,23.76573,0.9871,1.14019,-2.63305,0.9818,1.14408,-0.79499,0.9892,52.76354775,-9.59390995,4.4448964,10.57356194
IMG_2815,17/04/2024,North ,Lillies ,F01,22,19,Mari,4,double,double,Middle ,8,83.66,57.31,3759.71,31.133,-2.557,4.564,55.762,30.744,75.027,2,1.05981,23.51563,0.9868,1.12737,-2.75299,0.9817,1.12956,-0.83999,0.9894,56.51069473,-5.63567509,4.31532184,7.098086806
IMG_2816,17/04/2024,North ,Lillies ,F01,22,19,Mari,4,double,double,Middle ,9,66.85,62.21,3339.81,34.396,-1.924,9.844,39.905,59.38,85.29,1,1.11325,24.95116,0.9888,1.19754,-2.70789,0.9813,1.20243,-0.72482,0.9903,63.242507,-5.01195696,11.11190092,12.1899161
IMG_2817,17/04/2024,North ,Lillies ,F01,22,19,Mari,4,double,double,Middle ,10,75.37,64.19,3749.21,22.519,-5.061,3.278,88.974,42.434,56.252,2,1.10088,24.7079,0.9883,1.18717,-2.69526,0.9815,1.18871,-0.69733,0.9904,49.49861672,-8.70352737,3.19926138,9.272899334
IMG_2818,17/04/2024,North ,Lillies ,F01,22,19,Mari,4,double,double,Middle ,11,68.73,47.78,2671.33,26.461,-6.211,5.789,77.854,55.929,66.131,2,1.11004,24.82397,0.9888,1.19456,-2.65721,0.9832,1.20237,-1.06419,0.9895,54.19673844,-10.07662216,5.89632993,11.67497412
IMG_2819,17/04/2024,North ,Lillies ,F01,22,19,Mari,4,double,double,Middle ,12,74.35,51.23,3077.72,26.848,-5.601,2.794,96.159,44.362,66.431,2,1.15961,26.17005,0.9876,1.26047,-2.53617,0.9813,1.26432,-0.61454,0.9892,57.30325928,-9.59606247,2.91797008,10.0299035
IMG_2820,17/04/2024,North ,Lillies ,F01,22,19,Mari,4,double,double,Middle ,13,72.76,60.44,3485.32,27.588,-7.072,4.216,88.783,54.463,68.599,2,1.01834,22.25487,0.9855,1.04346,-2.93498,0.9635,1.06513,-0.6543,0.9884,50.34883392,-10.31432912,3.83628808,11.00465772
IMG_2821,17/04/2024,North ,Lillies ,F01,22,19,Mari,4,double,double,Middle ,14,73.32,59.11,3502.12,34.07,-2.798,7.715,48.565,45.892,82.733,2,1.02034,21.96137,0.985,1.04346,-2.78825,0.9667,1.06348,-0.85586,0.9881,56.7243538,-5.70785108,7.3488882,9.305144906
IMG_2822,17/04/2024,North ,Lillies ,F01,22,19,Mari,4,double,double,Middle ,15,67.94,61.17,3316.85,31.664,-3.46,7.269,52.829,46.056,76.994,2,1.18327,26.8341,0.9881,1.29535,-2.60125,0.9816,1.29933,-0.59121,0.9904,64.30116128,-7.083161,8.85361977,11.33833113
IMG_2823,17/04/2024,North ,Lillies ,F01,22,19,Mari,4,double,double,Middle ,16,67.53,54.04,2899.08,29.519,-1.164,6.096,43.586,42.796,72.414,2,1.08325,24.25713,0.9875,1.15911,-2.4764,0.9822,1.16783,-0.8476,0.9899,56.23358675,-3.82560404,6.27149168,7.346213594
IMG_2824,17/04/2024,North ,Lillies ,F01,22,19,Mari,4,double,double,Middle ,17,69.3,52.99,2985.13,32.38,-4.465,6.631,62.467,43.262,78.97,2,1.17088,26.31644,0.988,1.27154,-2.51273,0.9814,1.2757,-0.61694,0.9895,64.2295344,-8.1901561,7.8422267,11.33927584
IMG_2825,17/04/2024,North ,Lillies ,F01,22,19,Mari,4,double,double,Middle ,18,69.95,57.36,3102.77,22.577,-4.57,3.64,81.013,41.27,56.168,2,1.15103,26.10713,0.9872,1.25439,-2.69588,0.9811,1.25383,-0.57921,0.9896,52.09393431,-8.4284423,3.9847312,9.322913833
IMG_2826,17/04/2024,North ,Lillies ,F01,22,19,Mari,4,double,double,Middle ,19,68.13,66.19,3476.49,26.562,-3.926,5.721,64.521,47.87,65.297,2,1.075,23.94753,0.9873,1.15034,-2.70563,0.9825,1.15787,-1.1264,0.9897,52.50168,-7.22186484,5.49777427,9.076389904
IMG_2827,17/04/2024,North ,Lillies ,F01,22,19,Mari,4,double,double,Middle ,20,71.49,64.82,3832.93,26.732,-2.971,5.752,54.483,42.67,65.215,2,1.15334,25.97117,0.9878,1.25728,-2.59908,0.9818,1.25755,-0.63954,0.9901,56.80225488,-6.33445888,6.5938876,9.143561832
IMG_2828,17/04/2024,North ,Lillies ,F01,22,19,Mari,4,double,double,Middle ,21,63.93,40.88,2005.31,30.316,-3.128,5.985,55.711,39.753,73.55,2,1.06967,23.77362,0.9873,1.14436,-2.78799,0.9827,1.14605,-1.01097,0.989,56.20173572,-6.36754808,5.84813925,8.645600109
IMG_2829,17/04/2024,North ,Lillies ,F01,22,19,Mari,4,double,double,Middle ,22,65.95,50.56,2652.7,34.654,-0.058,11.799,32.716,73.723,88.585,1,1.07161,23.82808,0.9871,1.14707,-2.71329,0.9827,1.15237,-1.03158,0.9898,60.96365294,-2.77982006,12.56523363,12.86905186
IMG_2830,17/04/2024,North ,Lillies ,F01,22,19,Mari,4,double,double,Middle ,23,57.78,51.21,2482.02,28.792,-4.878,4.51,76.981,39.711,70.464,2,1.24099,28.2915,0.9872,1.3695,-2.67739,0.9798,1.36952,-0.18878,0.9897,64.02208408,-9.357811,5.9877552,11.1095382
IMG_2831,17/04/2024,North ,Lillies ,F01,22,19,Mari,4,double,double,Middle ,24,76.55,68.6,4191.93,29.542,-4.628,5.095,70.135,38.316,71.995,2,1.09841,24.55616,0.9878,1.17926,-2.70623,0.9819,1.18773,-0.96054,0.9897,57.00538822,-8.16384528,5.09094435,9.621126968
IMG_2832,17/04/2024,North ,Lillies ,F01,22,19,Mari,4,double,double,Middle ,25,61.02,47.73,2292.38,30.961,-3.46,6.768,56.98,43.796,75.092,2,1.10435,24.83534,0.9881,1.1857,-2.7366,0.9813,1.19357,-0.97289,0.9894,59.02712035,-6.839122,7.10519176,9.861913591
IMG_2833,17/04/2024,North ,Lillies ,F01,22,19,Mari,4,double,double,Middle ,26,66.04,58.65,3242.52,29.113,-9.359,4.934,94.305,72.256,73.319,2,1.03472,23.29547,0.9836,1.12218,-2.25821,0.9831,1.12264,-1.15404,0.9884,53.41927336,-12.76069262,4.38506576,13.49311224
IMG_2834,17/04/2024,North ,Lillies ,F01,22,19,Mari,4,double,double,Middle ,27,55.11,47.47,2086.05,29.193,-4.115,4.822,72.031,38.099,71.417,2,1.04562,23.15969,0.9878,1.11173,-2.72554,0.9827,1.11734,-1.07992,0.9893,53.68447466,-7.30030895,4.30789348,8.476582861
IMG_2835,17/04/2024,North ,Lillies ,F01,22,19,Mari,4,double,double,Middle ,28,69.91,61.11,3355.99,25.376,-7.905,4.468,92.369,67.736,64.194,2,1.03045,22.65319,0.9865,1.09237,-2.71452,0.9827,1.09639,-1.06543,0.9891,48.8018892,-11.34970485,3.83324052,11.97954645
IMG_2836,17/04/2024,North ,Lillies ,F01,22,19,Mari,4,double,double,Middle ,29,66.14,52.64,2734.67,29.773,-3.432,10.456,49.814,69.504,74.765,2,1.03293,23.28084,0.9833,1.10786,-2.32925,0.982,1.118,-1.00428,0.9885,54.03426489,-6.13142552,10.685528,12.31969511
IMG_2837,17/04/2024,North ,Lillies ,F01,22,19,Mari,4,double,double,Middle ,30,67.44,56.99,3003.32,31.052,-3.197,8.31,49.006,52.272,75.871,2,1.15844,26.15618,0.9872,1.26079,-2.59346,0.9804,1.25943,-0.60983,0.9893,62.12805888,-6.62420563,9.8560333,11.87524706
IMG_2838,17/04/2024,North ,Lillies ,F01,22,19,Mari,4,double,double,Middle ,31,65.52,58.68,3075.8,27.246,-3.938,6.704,59.648,49.595,66.879,2,1.1581,26.12055,0.9878,1.25702,-2.5909,0.9811,1.25957,-0.61933,0.9894,57.6741426,-7.54104476,7.82482728,10.86716513
IMG_2839,17/04/2024,North ,Lillies ,F01,22,19,Mari,4,double,double,Middle ,32,62.63,54.38,2695.3,30.03,-3.821,5.959,60.95,42.036,73.42,2,1.1012,24.79202,0.9879,1.18682,-2.53866,0.9819,1.19299,-0.76884,0.9902,57.861056,-7.07349922,6.34018741,9.499071934
IMG_2840,17/04/2024,North ,Lillies ,F01,22,19,Mari,4,double,double,Middle ,33,71.6,62.36,3472.08,34.102,-1.725,6.439,40.733,38.276,82.451,2,1.04217,23.22746,0.9861,1.11678,-2.64351,0.9835,1.11924,-1.20106,0.9893,58.76754134,-4.5699555,6.00572636,7.546737201
IMG_2841,17/04/2024,North ,Lillies ,F01,22,19,Mari,4,double,double,Middle ,34,59.41,46.95,2244.17,27.723,-5.945,5.415,77.931,50.226,68.582,2,1.01069,21.81485,0.9842,1.02721,-2.84357,0.9639,1.05073,-0.6415,0.9882,49.83420887,-8.95033345,5.04820295,10.2758368
IMG_2842,17/04/2024,North ,Lillies ,F01,22,19,Mari,4,double,double,Middle ,35,66.92,56.17,2951.89,28.332,-3.448,7.904,49.163,55.045,69.465,2,1.18501,26.82984,0.988,1.29889,-2.56362,0.9811,1.29874,-0.62802,0.9898,60.40354332,-7.04219272,9.63722096,11.93601718
IMG_2843,17/04/2024,North ,Lillies ,F01,22,19,Mari,4,double,double,Middle ,36,57.53,54.35,2471.8,32.026,-2.665,5.275,51.563,33.526,77.159,2,1.07562,24.04741,0.988,1.15294,-2.80071,0.982,1.15064,-0.58668,0.9894,58.49521612,-5.8732951,5.482946,8.034817495
IMG_2845,17/04/2024,South ,Bench 2,2-09C,22,19,Mari,4,single,single,Middle ,1,100.15,88.25,6970.7,35.386,-5.946,11.659,51.546,66.609,86.88,2,1.07123,24.81108,0.9752,1.16581,-2.41065,0.9816,1.1885,-1.05118,0.9876,62.71762478,-9.34255626,12.8055415,15.85134854
IMG_2846,17/04/2024,South ,Bench 2,2-09C,22,19,Mari,4,single,single,Middle ,2,120.74,75.79,6950.52,34.672,-3.149,13.781,49.193,81.172,86.584,1,1.15974,27.22141,0.9769,1.29948,-2.51945,0.9819,1.30834,-0.84921,0.9878,67.43191528,-6.61151252,17.18102354,18.40922779
IMG_2847,17/04/2024,South ,Bench 2,2-09C,22,19,Mari,4,single,single,Middle ,3,122.54,97.91,9449.54,37.428,-2.525,9.456,48.437,54.08,91.656,1,1.16778,27.42062,0.9763,1.31757,-2.74717,0.9825,1.31807,-0.67868,0.9889,71.12828984,-6.07403425,11.78498992,13.25820046
IMG_2848,17/04/2024,South ,Bench 2,2-09C,22,19,Mari,4,single,single,Middle ,4,108.09,81.74,6974.98,24.36,-2.387,6.06,50.744,48.733,60.364,1,1.1675,27.52888,0.9764,1.31445,-2.47129,0.9828,1.32623,-1.14324,0.9877,55.96918,-5.60888215,6.8937138,8.887229542
IMG_2849,17/04/2024,South ,Bench 2,2-09C,22,19,Mari,4,single,single,Middle ,5,112.87,91.47,7954.33,36.032,-6.639,8.298,70.914,56.378,89.194,2,1.13427,26.73858,0.9763,1.27022,-2.66831,0.9831,1.27809,-0.74477,0.9881,67.60859664,-11.10130058,9.86082082,14.8483892
IMG_2850,17/04/2024,South ,Bench 2,2-09C,22,19,Mari,4,single,single,Middle ,6,105.53,81.16,7002.74,33.491,-6.69,15.411,51.887,90.141,83.698,2,1.17452,27.48869,0.9759,1.31735,-2.52434,0.9833,1.32698,-0.73333,0.9884,66.82453932,-11.3374115,19.71675878,22.74395472
IMG_2853,17/04/2024,South ,Bench 2,2-09C,22,19,Mari,4,single,single,Middle ,7,106.05,79.44,6708.78,29.394,-3.591,10.871,46.102,70.355,72.476,1,1.14426,26.92206,0.9758,1.27831,-2.86502,0.9811,1.28246,-0.54423,0.9881,60.55643844,-7.45543121,13.39739266,15.33210959
IMG_2854,17/04/2024,South ,Bench 2,2-09C,22,19,Mari,4,single,single,Middle ,8,115.7,89.83,7966.18,26.465,-5.016,9.425,62.284,74.923,67.014,2,1.18934,27.84433,0.9758,1.34406,-2.67151,0.982,1.34879,-0.71715,0.9885,59.3202131,-9.41331496,11.99519575,15.24779393
IMG_2855,17/04/2024,South ,Bench 2,2-09C,22,19,Mari,4,single,single,Middle ,9,114.89,82.01,7387.37,34.406,-3.246,14.294,41.549,82.443,85.857,1,1.17527,27.74254,0.9753,1.3247,-2.56142,0.9821,1.33105,-0.77354,0.988,68.17887962,-6.8613962,18.2524887,19.49954106
IMG_2856,17/04/2024,South ,Bench 2,2-09C,22,19,Mari,4,single,single,Middle ,10,117.94,79.23,7077.09,32.655,-5.406,9.275,58.707,58.514,80.253,2,1.16417,27.42416,0.9744,1.30717,-2.68816,0.9825,1.31806,-0.65522,0.9882,65.44013135,-9.75472102,11.5697865,15.13322642
IMG_2857,17/04/2024,South ,Bench 2,2-09C,22,19,Mari,4,single,single,Middle ,11,101.63,89.35,7213.09,35.192,-5.556,10.546,56.051,62.472,86.465,2,1.16518,27.46548,0.9758,1.31135,-2.57363,0.9829,1.31914,-0.86344,0.9875,68.47049456,-9.8594906,13.04821044,16.35436794
IMG_2858,17/04/2024,South ,Bench 2,2-09C,22,19,Mari,4,single,single,Middle ,12,99.89,73.77,5833.79,26.494,-3.346,7.233,53.941,54.052,65.687,1,1.08752,25.98759,0.9756,1.21776,-2.54257,0.9822,1.22347,-0.81034,0.9882,54.80034488,-6.61719496,8.03901851,10.41216057
IMG_2859,17/04/2024,South ,Bench 2,2-09C,22,19,Mari,4,single,single,Middle ,13,96.38,75.2,5773.98,26.624,-5.571,8.373,68.157,71.99,67.243,2,1.03861,23.82585,0.979,1.14841,-2.08105,0.9849,1.14791,-0.96016,0.9889,51.47780264,-8.47884211,8.65129043,12.11344665
IMG_2860,17/04/2024,South ,Bench 2,2-09C,22,19,Mari,4,single,single,Middle ,14,114.13,81.66,7630.28,28.384,-5.914,11.049,55.759,76.104,70.866,2,1.14594,26.88822,0.9764,1.2849,-2.7105,0.9821,1.29048,-0.77523,0.9884,59.41458096,-10.3093986,13.48328352,16.9729972
IMG_2861,17/04/2024,South ,Bench 2,2-09C,22,19,Mari,4,single,single,Middle ,15,103.75,84.07,6926.24,29.525,-8.57,4.95,92.222,61.435,73.882,2,1.0254,22.95994,0.9803,1.06486,-3.3097,0.9643,1.08724,-0.50132,0.9882,53.234875,-12.4355502,4.880518,13.35898068
IMG_2862,17/04/2024,South ,Bench 2,2-09C,22,19,Mari,4,single,single,Middle ,16,102.52,78.52,6258.77,33.421,-1.732,15.757,37.493,94.54,86.121,1,1.12817,26.58173,0.975,1.26004,-2.60511,0.9825,1.26411,-0.53618,0.9881,64.28629957,-4.78749928,19.38240127,19.96490993
IMG_2863,17/04/2024,South ,Bench 2,2-09C,22,19,Mari,4,single,single,Middle ,17,94.36,72.65,5511.18,25.806,-8.647,9.904,76.29,89.834,66.026,2,1.03433,23.40999,0.9805,1.13188,-1.85981,0.9858,1.14618,-1.29595,0.9895,50.10190998,-11.64717636,10.05581672,15.38753285
IMG_2864,17/04/2024,South ,Bench 2,2-09C,22,19,Mari,4,single,single,Middle ,18,99.58,77.43,5966.49,32.681,-5.963,7.839,67.445,56.759,80.759,2,1.02795,22.35844,0.9807,1.06319,-2.56958,0.9666,1.08683,-0.63286,0.9881,55.95287395,-8.90938197,7.88680037,11.8986851
IMG_2865,17/04/2024,South ,Bench 2,2-09C,22,19,Mari,4,single,single,Middle ,19,106.16,91.73,7706.44,34.021,-7.769,14.081,57.621,81.706,84.49,2,1.08732,26.02785,0.9743,1.21973,-3.10162,0.9813,1.21679,-0.46325,0.9881,63.01956372,-12.57770237,16.67036999,20.88300344
IMG_2866,17/04/2024,South ,Bench 2,2-09C,22,19,Mari,4,single,single,Middle ,20,105.18,86.6,7249.02,22.398,-8.107,6.058,84.446,84.952,57.858,2,1.0893,25.95166,0.9758,1.22081,-2.95027,0.9828,1.2215,-0.65506,0.9887,50.3498014,-12.84737667,6.744787,14.510246
IMG_2867,17/04/2024,South ,Bench 2,2-09C,22,19,Mari,4,single,single,Middle ,21,93.29,89.41,6518.37,16.584,-2.214,4.035,76.978,49.687,43.457,1,1.1521,27.24621,0.9763,1.29541,-2.88471,0.9814,1.29988,-0.58124,0.9881,46.3526364,-5.75274774,4.6637758,7.405735026
IMG_2868,17/04/2024,South ,Bench 2,2-09C,22,19,Mari,4,single,single,Middle ,22,101.8,87.18,7000.06,32.615,-6.404,12.385,56.245,76.522,81.504,2,1.15192,27.15533,0.9767,1.28998,-2.58468,0.9819,1.29228,-0.52156,0.9882,64.7252008,-10.84571192,15.4833278,18.90404472
IMG_2869,17/04/2024,South ,Bench 2,2-09C,22,19,Mari,4,single,single,Middle ,23,93.7,67.19,4846.99,32.487,-2.767,13.444,42.385,82.932,82.471,1,1.19635,28.31534,0.9742,1.36074,-2.57828,0.9827,1.36535,-0.74093,0.9887,67.18116245,-6.34344758,17.6148354,18.72222619
IMG_2870,17/04/2024,South ,Bench 2,2-09C,22,19,Mari,4,single,single,Middle ,24,105.41,94.44,7844.35,24.784,-4.213,6.172,67.699,51.595,61.619,1,1.10988,26.25013,0.9764,1.23808,-2.57736,0.9829,1.24696,-0.9071,0.9883,53.75739592,-7.79339104,6.78913712,10.33582734
IMG_2871,17/04/2024,South ,Bench 2,2-09C,22,19,Mari,4,single,single,Middle ,25,124.01,88.6,8791.38,28.584,-9.021,8.339,85.76,72.618,72.644,2,1.14192,27.09815,0.9753,1.28536,-3.15874,0.9817,1.28285,-0.42783,0.9881,59.73879128,-14.75397256,10.26985615,17.97636369
IMG_2872,17/04/2024,South ,Bench 2,2-09C,22,19,Mari,4,single,single,Middle ,26,85.17,78.74,5281.08,31.54,-6.844,16.106,56.123,105.545,80.792,2,1.04739,22.82996,0.981,1.08645,-2.51621,0.9628,1.10565,-0.22985,0.9881,55.8646406,-9.9518738,17.5777489,20.19943189
IMG_2873,17/04/2024,South ,Bench 2,2-09C,22,19,Mari,4,single,single,Middle ,27,80.19,76.93,5050.25,31.421,-1.775,12.532,37.639,79.589,79.485,1,1.06838,25.61314,0.9767,1.18344,-2.85575,0.9803,1.19089,-0.76892,0.9874,59.18270798,-4.956356,14.15531348,14.99794534
IMG_2874,17/04/2024,South ,Bench 2,2-09C,22,19,Mari,4,single,single,Middle ,28,97.69,83.37,6468.63,31.639,-3.579,11.173,51.633,70.131,78.44,1,1.06891,25.46766,0.9759,1.1877,-2.90666,0.983,1.19209,-0.70816,0.9883,59.28690349,-7.1574383,12.61106157,14.50061367
IMG_2875,17/04/2024,South ,Bench 2,2-09C,22,19,Mari,4,single,single,Middle ,29,105.61,84.7,7203.31,28.069,-7.655,8.435,74.721,69.224,70.629,2,1.08548,25.12358,0.9789,1.21099,-1.99469,0.9817,1.20352,-0.51,0.9889,55.59191812,-11.26481845,9.6416912,14.82762098
IMG_2876,17/04/2024,South ,Bench 2,2-09C,22,19,Mari,4,single,single,Middle ,30,98.12,81.06,6504.46,28.797,-3.21,11.371,45.5,75.501,71.82,1,1.08911,25.9766,0.9757,1.22248,-2.76986,0.9821,1.21776,-0.48014,0.9883,57.33970067,-6.6940208,13.36700896,14.94947635
IMG_2877,17/04/2024,South ,Bench 2,2-09D,22,19,Mari,4,single,single,Middle ,1,106.82,99.47,8477.81,30.559,-5.83,10.867,54.634,71.751,76.01,2,1.08965,25.9003,0.9745,1.21659,-2.97738,0.9823,1.21132,-0.39142,0.9882,59.19891435,-10.0700997,12.77199444,16.26440131
IMG_2878,17/04/2024,South ,Bench 2,2-09D,22,19,Mari,4,single,single,Middle ,2,112.8,99.1,9038.91,33.98,-5.559,10.278,57.12,61.146,83.463,2,1.0695,25.41447,0.9754,1.18336,-3.05372,0.9828,1.18917,-0.31857,0.9886,61.75608,-9.63201824,11.90371926,15.31255392
IMG_2879,17/04/2024,South ,Bench 2,2-09D,22,19,Mari,4,single,single,Middle ,3,112.9,98.88,8993.55,33.709,-5.525,10.503,57.141,62.825,82.863,2,1.06221,24.96988,0.9761,1.17259,-2.95873,0.9815,1.17089,-0.45249,0.9882,60.77591689,-9.43728975,11.84536767,15.14513694
IMG_2880,17/04/2024,South ,Bench 2,2-09D,22,19,Mari,4,single,single,Middle ,4,99.52,76.37,6194.41,36.172,-3.77,15.578,41.23,85.786,90.707,1,1.12083,26.44853,0.9759,1.25203,-2.68879,0.9814,1.25054,-0.56427,0.9879,66.99119276,-7.4089431,18.91664212,20.31580141
IMG_2881,17/04/2024,South ,Bench 2,2-09D,22,19,Mari,4,single,single,Middle ,5,108.59,91.24,7883.73,29.257,-7.072,10.736,65.361,76.322,73.285,2,1.02971,21.94046,0.9825,1.05037,-2.58422,0.9605,1.0712,-0.6335,0.9865,52.06668547,-10.01243664,10.8669032,14.77628074
IMG_2882,17/04/2024,South ,Bench 2,2-09D,22,19,Mari,4,single,single,Middle ,6,103.34,80.62,6725.69,30.304,-4.056,9.881,58.651,68.534,75.519,1,1.07651,25.58965,0.976,1.20197,-2.9039,0.9813,1.19777,-0.32972,0.9887,58.21220904,-7.77909032,11.50544537,13.88846714
IMG_2883,17/04/2024,South ,Bench 2,2-09D,22,19,Mari,4,single,single,Middle ,7,104.81,100.79,8448.73,33.949,-3.935,12.875,44.814,74.816,83.988,1,1.16105,26.90773,0.9779,1.29422,-2.73263,0.9811,1.29334,-0.49481,0.9886,66.32421645,-7.8253857,16.1569425,17.9522548
IMG_2884,17/04/2024,South ,Bench 2,2-09D,22,19,Mari,4,single,single,Middle ,8,103.87,89.53,7445.76,32.484,-6.933,11.974,55.755,73.173,80.486,2,1.06137,25.01927,0.9768,1.17519,-2.8281,0.9816,1.17093,-0.13488,0.9889,59.49681308,-10.97569227,13.88583582,17.69978128
IMG_2885,17/04/2024,South ,Bench 2,2-09D,22,19,Mari,4,single,single,Middle ,9,106.64,98.94,8334.81,28.514,-3.656,12.981,44.293,85.503,70.93,1,1.05896,25.05534,0.977,1.17679,-2.88193,0.9816,1.16963,-0.19873,0.989,55.25052544,-7.18427424,14.98423703,16.61749547
IMG_2886,17/04/2024,South ,Bench 2,2-09D,22,19,Mari,4,single,single,Middle ,10,89.92,82.53,6009.96,30.763,-4.414,9.388,53.046,62.164,75.957,1,1.05447,24.96662,0.9759,1.16582,-2.88539,0.9806,1.16398,-0.48261,0.9879,57.40528061,-8.03131948,10.44483424,13.17560833
IMG_2887,17/04/2024,South ,Bench 2,2-09D,22,19,Mari,4,single,single,Middle ,11,102.71,80.14,6638.89,27.193,-9.526,9.158,75.895,77.484,68.986,2,1.01802,21.34904,0.9851,1.03815,-2.20035,0.9643,1.05848,-0.57158,0.987,49.03205786,-12.0897669,9.12197984,15.14506454
IMG_2888,17/04/2024,South ,Bench 2,2-09D,22,19,Mari,4,single,single,Middle ,12,104.78,96.44,8268.39,28.579,-3.035,10.02,44.334,65.562,70.738,1,1.13614,26.70359,0.9751,1.26742,-2.88311,0.9798,1.26189,-0.01259,0.9883,59.17333506,-6.7297297,12.6315478,14.31241635
IMG_2889,17/04/2024,South ,Bench 2,2-09D,22,19,Mari,4,single,single,Middle ,13,111.35,94.05,8248.55,29.291,-10.543,7.028,85.765,74.89,73.99,2,1.03316,22.94275,0.9809,1.06955,-3.36007,0.963,1.08927,-0.11804,0.9886,53.20503956,-14.63633565,7.53734956,16.46310905
IMG_2890,17/04/2024,South ,Bench 2,2-09D,22,19,Mari,4,single,single,Middle ,14,99.82,80.08,6353.14,28.744,-5.267,10.884,51.119,72.034,70.77,2,1.02461,23.85381,0.9776,1.12444,-3.00291,0.9827,1.11943,-0.48683,0.9889,53.30519984,-8.92533548,11.69704612,14.71334433
IMG_2891,17/04/2024,South ,Bench 2,2-09D,22,19,Mari,4,single,single,Middle ,15,91.55,86.86,6270.76,34.748,-1.351,13.357,34.913,79.009,87.734,1,1.09326,25.7013,0.9756,1.21484,-2.84434,0.9818,1.21175,-0.05591,0.9888,63.68989848,-4.48558884,16.12943475,16.74154033
IMG_2892,17/04/2024,South ,Bench 2,2-09D,22,19,Mari,4,single,single,Middle ,16,100.58,91.93,7496.8,27.793,-6.069,6.133,75.208,56.367,69.205,2,1.08852,25.63783,0.9773,1.21287,-2.99826,0.9823,1.20684,-0.27555,0.9889,55.89106636,-10.35916803,7.12599972,12.57347344
IMG_2893,17/04/2024,South ,Bench 2,2-09D,22,19,Mari,4,single,single,Middle ,17,104.95,92.54,7967.35,34.919,-6.882,7.598,73.653,52.43,86.289,2,1.04484,24.29857,0.9776,1.14587,-2.82132,0.9833,1.14419,-0.53027,0.9882,60.78333796,-10.70719734,8.16328562,13.46414895
IMG_2894,17/04/2024,South ,Bench 2,2-09D,22,19,Mari,4,single,single,Middle ,18,110.12,94.53,8493.19,31.023,-6.252,9.216,63.745,64.525,77.167,2,1.13677,26.69782,0.9759,1.26886,-2.93656,0.9793,1.26218,-0.03477,0.9881,61.96383571,-10.86947272,11.59748088,15.89487339
IMG_2895,17/04/2024,South ,Bench 2,2-09D,22,19,Mari,4,single,single,Middle ,19,98.63,87.05,6814.24,28.829,-5.854,8.628,62.748,63.594,71.652,2,1.04822,24.41469,0.9769,1.15159,-2.96815,0.9821,1.14745,-0.45554,0.9883,54.63382438,-9.70955786,9.4446586,13.54537153
IMG_2896,17/04/2024,South ,Bench 2,2-09D,22,19,Mari,4,single,single,Middle ,20,118.5,99.29,9280.62,32.463,-3.577,10.383,46.867,63.369,80.096,1,1.13665,26.90046,0.9755,1.27111,-2.90803,0.9801,1.26947,-0.14418,0.9881,63.79952895,-7.45479047,13.03672701,15.01766134
IMG_2897,17/04/2024,South ,Bench 2,2-09D,22,19,Mari,4,single,single,Middle ,21,103.05,86.54,7095.78,33.861,-9.014,12.342,62.078,80.777,84.379,2,1.02668,23.86007,0.9775,1.12434,-2.7354,0.9823,1.12022,-0.40864,0.9888,58.62448148,-12.87020076,13.41711524,18.59196195
IMG_2898,17/04/2024,South ,Bench 2,2-09D,22,19,Mari,4,single,single,Middle ,22,114.64,94.01,8618.65,30.767,-6.596,7.326,71.094,54.836,76.036,2,1.12969,26.72542,0.9755,1.26273,-2.95569,0.9807,1.25625,-0.11348,0.9881,61.48259223,-11.28465708,9.0898075,14.49027556
IMG_2899,17/04/2024,South ,Bench 2,2-09D,22,19,Mari,4,single,single,Middle ,23,117.76,93.23,8983.49,29.202,-9.244,10.06,72.596,76.69,73.718,2,1.1369,27.12134,0.9753,1.27258,-2.88989,0.9798,1.26848,-0.04798,0.988,60.3210938,-14.65361952,12.7129288,19.39966813
IMG_2900,17/04/2024,South ,Bench 2,2-09D,22,19,Mari,4,single,single,Middle ,24,113.26,91.57,8215.26,21.178,-8.829,5.804,88.233,85.075,55.36,2,1.13016,26.7122,0.9767,1.26598,-2.9632,0.9805,1.25594,-0.08123,0.9884,50.64672848,-14.14053742,7.20824576,15.87178646
IMG_2901,17/04/2024,South ,Bench 2,2-09D,22,19,Mari,4,single,single,Middle ,25,105.57,84.56,7134.85,30.285,-10.299,9.455,77.574,76,76.206,2,1.05302,24.82964,0.976,1.1606,-2.78242,0.9812,1.15895,-0.26702,0.9885,56.7203507,-14.7354394,10.69085225,18.20515026
IMG_2902,17/04/2024,South ,Bench 2,2-09D,22,19,Mari,4,single,single,Middle ,26,129.82,90.06,9110.03,21.056,-9.474,7.293,85.554,95.693,55.221,2,1.14338,26.86507,0.976,1.27348,-2.954,0.9798,1.26905,0.01955,0.9887,50.94007928,-15.01894952,9.27473165,17.65189768
IMG_2903,17/04/2024,South ,Bench 2,2-09D,22,19,Mari,4,single,single,Middle ,27,107.29,97.51,8295.3,27.5,-7.388,8.97,69.359,68.037,68.799,2,1.13102,26.51822,0.9763,1.26108,-2.90477,0.9805,1.25172,-0.07735,0.9886,57.62127,-12.22162904,11.1505784,16.5439903
IMG_2904,17/04/2024,South ,Bench 2,2-09D,22,19,Mari,4,single,single,Middle ,28,107.83,96.9,8423.13,29.242,-2.275,10.463,39.748,70.026,73.112,1,1.06332,25.22663,0.9771,1.18101,-2.69488,0.9799,1.17126,0.06873,0.9888,56.32023344,-5.38167775,12.32362338,13.44745882
IMG_2905,17/04/2024,South ,Bench 2,2-09D,22,19,Mari,4,single,single,Middle ,29,95.56,69.99,5192.03,31.446,-3.288,12.165,42.328,74.727,77.973,1,1.06781,25.50448,0.976,1.18132,-2.76866,0.9805,1.18377,-0.20332,0.9881,59.08283326,-6.65284016,14.19724205,15.67871053
IMG_2906,17/04/2024,South ,Bench 2,2-09D,22,19,Mari,4,single,single,Middle ,30,114.29,87.49,8046.02,27.974,-5.508,7.548,67.096,56.036,69.188,2,1.14859,27.17522,0.9765,1.28937,-2.92967,0.9806,1.28318,-0.09248,0.9887,59.30587666,-10.03151996,9.59296264,13.88006934
IMG_2907,17/04/2024,South ,Bench 2,2-09D,22,19,Mari,4,single,single,Middle ,31,123.32,88.09,8659.49,26.056,-6.029,11.306,58.714,86.325,65.939,2,1.13298,26.65557,0.9767,1.26368,-2.90392,0.981,1.2594,-0.12843,0.9886,56.17649688,-10.52264672,14.1103464,17.60193085
IMG_2908,17/04/2024,South ,Bench 2,2-09D,22,19,Mari,4,single,single,Middle ,32,128.58,97.12,9443.28,28.409,-5.984,12.854,53.148,88.298,71.815,2,1.13401,26.67785,0.9763,1.26534,-2.91714,0.9804,1.25979,-0.07442,0.9882,58.89394009,-10.48893456,16.11892066,19.23115575
IMG_2910,17/04/2024,South ,Bench 2,2-09B,21,31,Pink,1,single,single,Middle ,1,118.8,83.2,7789.54,32.756,-6.952,11.521,58.424,71.683,81.072,2,1.05873,24.65902,0.9761,1.16069,-2.86524,0.9822,1.16437,-0.84054,0.9873,59.33877988,-10.93435688,12.57416677,16.66342793
IMG_2911,17/04/2024,South ,Bench 2,2-09B,21,31,Pink,1,single,single,Middle ,2,103.36,89.36,7210.8,31.258,-3.317,17.678,38.78,108.198,79.245,1,1.18867,27.1071,0.9786,1.32123,-2.56809,0.9825,1.31895,-0.48653,0.9889,64.26254686,-6.95060991,22.8298681,23.86448943
IMG_2912,17/04/2024,South ,Bench 2,2-09B,21,31,Pink,1,single,single,Middle ,3,121.01,97.9,9219.03,31.562,-2.638,16.257,43.426,101.287,81.071,1,1.06719,24.709,0.9775,1.16763,-2.82082,0.9809,1.1649,-0.48856,0.9876,58.39165078,-5.90102794,18.4492193,19.36997221
IMG_2913,17/04/2024,South ,Bench 2,2-09B,21,31,Pink,1,single,single,Middle ,4,109.78,104.85,9447.71,31.133,-5.911,12.654,52.363,79.737,77.47,2,1.14791,26.70866,0.9766,1.27367,-2.8113,0.9818,1.27214,-0.54701,0.9874,62.44654203,-10.33996337,15.55064956,18.6745159
IMG_2914,17/04/2024,South ,Bench 2,2-09B,21,31,Pink,1,single,single,Middle ,5,131.38,97.29,10095.31,30.711,-8.672,17.263,55.561,108.509,77.469,2,1.14599,26.41505,0.9773,1.26503,-2.91688,0.9818,1.26243,-0.31116,0.9879,61.60954889,-13.88722016,21.48216909,25.58004051
IMG_2915,17/04/2024,South ,Bench 2,2-09B,21,31,Pink,1,single,single,Middle ,6,109.03,94.03,8232.9,31.427,-4.866,16.88,43.95,100.524,78.005,1,1.14474,26.39818,0.9781,1.26526,-2.70367,0.9816,1.26358,-0.46195,0.9877,62.37392398,-8.86042516,20.8672804,22.67047695
IMG_2916,17/04/2024,South ,Bench 2,2-09B,21,31,Pink,1,single,single,Middle ,7,111.13,87.36,7591.45,21.392,-5.424,10.042,65.18,86.651,54.471,2,1.12574,26.31991,0.9758,1.24863,-2.85991,0.9816,1.24969,-0.70565,0.9875,50.40174008,-9.63247912,11.84373698,15.26626214
IMG_2917,17/04/2024,South ,Bench 2,2-09B,21,31,Pink,1,single,single,Middle ,8,97.22,94.9,7266.2,32.751,-4.96,14.541,46.403,85.839,81.03,1,1.03509,23.63062,0.9766,1.1271,-2.82606,0.9836,1.12581,-0.8027,0.9884,57.53085259,-8.416476,15.56770321,17.69718767
IMG_2918,17/04/2024,South ,Bench 2,2-09B,21,31,Pink,1,single,single,Middle ,9,100.32,89.07,7063.73,24.613,-7.298,13.297,60.551,97.786,61.955,2,1.0369,23.78848,0.9766,1.12968,-2.83878,0.9834,1.12986,-0.81232,0.9881,49.3096997,-11.08318464,14.21142842,18.02225512
IMG_2919,17/04/2024,South ,Bench 2,2-09B,21,31,Pink,1,single,single,Middle ,10,129.97,99.62,10164.83,30.678,-6.3,15.996,50.415,100.604,77.181,2,1.04437,22.60623,0.981,1.07506,-2.35676,0.9621,1.09297,-0.38416,0.9868,54.64541286,-9.129638,17.09898812,19.38364477
IMG_2920,17/04/2024,South ,Bench 2,2-09B,21,31,Pink,1,single,single,Middle ,11,105.89,91.42,7516.07,33.765,-7.894,14.507,55.223,85.47,84.029,2,1.0636,24.64104,0.9772,1.16727,-2.89961,0.9818,1.16462,-0.77213,0.9876,60.553494,-12.11403938,16.12301234,20.16684103
IMG_2921,17/04/2024,South ,Bench 2,2-09B,21,31,Pink,1,single,single,Middle ,12,98.24,95.72,7220.25,34.82,-3.469,9.452,47.772,55.617,85.085,1,1.0816,24.61565,0.9793,1.1798,-2.58719,0.9815,1.1765,-0.54143,0.9884,62.276962,-6.6799162,10.578848,12.51132709
IMG_2922,17/04/2024,South ,Bench 2,2-09B,21,31,Pink,1,single,single,Middle ,13,102.44,89.53,7278.78,37.596,-1.938,16.985,36.657,93.459,96.5,1,1.08275,24.69372,0.9788,1.1818,-2.80569,0.9825,1.17721,-0.43699,0.9882,65.400789,-5.0960184,19.55792185,20.21093047
IMG_2923,17/04/2024,South ,Bench 2,2-09B,21,31,Pink,1,single,single,Middle ,14,110.68,94.34,8422.33,25.175,-9.698,8.968,82.258,86.476,64.889,2,1.07128,24.70495,0.9783,1.17597,-2.81345,0.9835,1.17379,-0.76247,0.9886,51.674424,-14.21800706,9.76407872,17.24786822
IMG_2924,17/04/2024,South ,Bench 2,2-09B,21,31,Pink,1,single,single,Middle ,15,110.88,86.65,7911.46,33.191,-4.249,20.293,40.213,118.458,84.813,1,1.08273,24.92764,0.9779,1.18358,-2.79997,0.9821,1.1861,-0.67708,0.9881,60.86453143,-7.82900142,23.3924473,24.66778981
IMG_2925,17/04/2024,South ,Bench 2,2-09B,21,31,Pink,1,single,single,Middle ,16,118.69,84.44,7853.76,31.782,-3.631,15.298,44.1,91.895,79.519,1,1.16415,26.84372,0.9788,1.29182,-2.54669,0.9814,1.29127,-0.52836,0.9884,63.8427353,-7.23728842,19.22548846,20.54258382
IMG_2926,17/04/2024,South ,Bench 2,2-09B,21,31,Pink,1,single,single,Middle ,17,89.95,79.55,5930.22,29.329,-10.761,10.193,75.512,78.875,74.2,2,1.04163,23.90285,0.9787,1.13476,-2.8285,0.9828,1.13346,-0.68885,0.9883,54.45281627,-15.03965236,10.86450778,18.55340056
IMG_2927,17/04/2024,South ,Bench 2,2-09B,21,31,Pink,1,single,single,Middle ,18,96.67,87.87,6941.3,30.081,-7.945,14.859,55.338,95.01,75.473,2,1.07711,24.73757,0.9783,1.17562,-2.74747,0.9821,1.18027,-0.73708,0.9882,57.13811591,-12.0877709,16.80055193,20.69716769
IMG_2928,17/04/2024,South ,Bench 2,2-09B,21,31,Pink,1,single,single,Middle ,19,102.58,82.91,6724.14,30.995,-3.609,12.093,43.104,75.537,76.553,1,1.04278,23.72975,0.978,1.13562,-2.88572,0.9835,1.13207,-0.66863,0.9886,56.0507161,-6.98417258,13.02149251,14.77626251
IMG_2929,17/04/2024,South ,Bench 2,2-09B,21,31,Pink,1,single,single,Middle ,20,102.44,80.65,6611.49,33.973,-3.479,10.784,44.044,62.748,83.143,1,1.03807,23.63693,0.9782,1.12638,-2.82731,0.9827,1.12456,-0.69911,0.9881,58.90328211,-6.74598602,11.42814504,13.27067543
IMG_2930,17/04/2024,South ,Bench 2,2-09B,21,31,Pink,1,single,single,Middle ,21,107.02,89.88,7726.89,30.532,-6.342,11.503,54.679,73.061,75.462,2,1.03561,23.55601,0.9783,1.12676,-2.84632,0.9838,1.1234,-0.7482,0.9882,55.17525452,-9.99223192,12.1742702,15.74984297
IMG_2931,17/04/2024,South ,Bench 2,2-09B,21,31,Pink,1,single,single,Middle ,22,112.43,90.78,8253.96,32.733,-6.62,15.009,52.343,89.868,82.232,2,1.07678,33.1867,0.8183,1.37712,-3.04056,0.9627,1.4091,0.91101,0.9477,68.43293974,-12.1570944,22.0601919,25.1882316
IMG_2932,17/04/2024,South ,Bench 2,2-09B,21,31,Pink,1,single,single,Middle ,23,115.23,88.47,7990.8,32.298,-4.032,17.403,41.651,103.446,81.418,1,1.09124,25.16646,0.9776,1.19697,-2.45847,0.9829,1.20187,-0.69777,0.9885,60.41132952,-7.28465304,20.21837361,21.49066777
IMG_2933,17/04/2024,South ,Bench 2,2-09B,21,31,Pink,1,single,single,Middle ,24,108.88,88.88,7721.22,39.646,-3.651,15.417,42.873,79.482,100.115,1,1.0584,24.56363,0.9782,1.1686,-1.99902,0.9803,1.16285,-0.64726,0.988,66.5249564,-6.2655786,17.28039845,18.3812308
IMG_2934,17/04/2024,South ,Bench 2,2-09B,21,31,Pink,1,single,single,Middle ,25,87.32,78.9,5564.35,36.481,-1.188,15.446,34.915,88.057,93.558,1,1.06056,24.34047,0.9792,1.16549,-2.08989,0.9798,1.15755,-0.39177,0.9874,63.03075936,-3.47449212,17.4877473,17.82956537
IMG_2935,17/04/2024,South ,Bench 2,2-09B,21,31,Pink,1,single,single,Middle ,26,107.65,96.93,8556,24.312,-2.288,12.78,41.109,97.401,62.313,1,1.09177,25.32315,0.9781,1.20122,-2.58165,0.9816,1.20042,-0.59076,0.9884,51.86626224,-5.33004136,14.7506076,15.68406087
IMG_2936,17/04/2024,South ,Bench 2,2-09B,21,31,Pink,1,single,single,Middle ,27,92.53,79.56,6015.28,23.88,-3.493,11.862,50.521,90.645,60.551,1,1.09665,25.28852,0.978,1.20502,-2.92462,0.9821,1.20303,-0.64207,0.9881,51.476522,-7.13375486,13.62827186,15.38246574
IMG_2937,17/04/2024,South ,Bench 2,2-09B,21,31,Pink,1,single,single,Middle ,28,104.13,83.91,6950.66,26.855,-10.586,9.413,78.905,84.342,68.447,2,1.0057,29.71653,0.8754,1.23671,-3.33139,0.9698,1.23917,0.17251,0.9687,56.7246035,-16.42320206,11.83681721,20.24430309
IMG_2938,17/04/2024,South ,Bench 2,2-09B,21,31,Pink,1,single,single,Middle ,29,124.27,90.49,8825.75,29.465,-7.069,13.292,59.64,91.626,74.457,2,1.17684,26.97278,0.9799,1.30447,-2.67416,0.9813,1.2993,-0.36664,0.9886,61.6483706,-11.89545843,16.9036556,20.66967595
IMG_2939,17/04/2024,South ,Bench 2,2-09B,21,31,Pink,1,single,single,Middle ,30,92.98,81.89,6140.95,31.142,-5.856,17.753,45.066,108.087,78.058,2,0.74295,37.83777,0.6079,1.24375,-2.29625,0.8996,1.16665,1.9277,0.8735,60.9747189,-9.57965,22.63923745,24.58261106
IMG_2941,17/04/2024,South ,Bench 4,4-07A,21,31,Ridley ,3,single,single,Middle ,1,131.09,108.38,11220.12,38.123,0.59,17.539,30.865,100.387,100.907,1,1.04555,23.32498,0.9831,1.13598,-2.09994,0.9862,1.13457,-1.00462,0.9884,63.18448265,-1.4297118,18.89460323,18.94861755
IMG_2942,17/04/2024,South ,Bench 4,4-07A,21,31,Ridley ,3,single,single,Middle ,2,155.04,114.06,13677.16,33.981,-3.734,14.468,40.145,84.269,83.97,1,1.20931,27.94712,0.9782,1.35423,-2.71522,0.9836,1.35889,-0.51309,0.9892,69.04068311,-7.77191482,19.14733052,20.66453305
IMG_2943,17/04/2024,South ,Bench 4,4-07A,21,31,Ridley ,3,single,single,Middle ,3,122.41,118.65,11288.56,26.607,-2.882,13.156,41.469,93.677,67.221,1,1.12547,27.01647,0.9783,1.25849,-2.85375,0.9813,1.26018,-0.50633,0.9883,56.96185029,-6.48071818,16.07259808,17.32997741
IMG_2944,17/04/2024,South ,Bench 4,4-07A,21,31,Ridley ,3,single,single,Middle ,4,121.27,119.85,11251.16,30.845,-4.739,18.298,43.109,113.821,78.317,1,1.22376,28.92788,0.9776,1.38617,-2.81441,0.9816,1.38407,-0.36033,0.9891,66.6747572,-9.38346963,24.96538286,26.67058011
IMG_2945,17/04/2024,South ,Bench 4,4-07A,21,31,Ridley ,3,single,single,Middle ,5,133.29,95.58,10121.69,30.927,-3.507,14.506,41.847,90.389,77.306,1,1.19834,28.53786,0.9785,1.35399,-3.12399,0.9823,1.34927,-0.25977,0.9893,65.59892118,-7.87243293,19.31274062,20.85562635
IMG_2946,17/04/2024,South ,Bench 4,4-07A,21,31,Ridley ,3,single,single,Middle ,6,123.72,90.03,8736.85,34.702,-2.923,14.781,39.46,85.589,87.154,1,1.15986,26.528,0.9777,1.28735,-2.38346,0.982,1.29114,-0.83501,0.9876,66.77746172,-6.14638405,18.24933034,19.25658575
IMG_2947,17/04/2024,South ,Bench 4,4-07A,21,31,Ridley ,3,single,single,Middle ,7,125.09,97.03,9581.66,32.858,-0.697,14.621,33.303,91.887,85.335,1,1.19572,27.92588,0.978,1.34935,-2.77944,0.9828,1.34628,-0.36572,0.9896,67.21484776,-3.71993695,19.31823988,19.67313709
IMG_2948,17/04/2024,South ,Bench 4,4-07A,21,31,Ridley ,3,single,single,Middle ,8,116.34,94.99,8650.56,28.791,-5.332,15.145,44.874,98.546,71.615,2,1.21652,28.54484,0.978,1.36884,-2.77745,0.9825,1.37583,-0.34388,0.9895,63.56966732,-10.07610488,20.49306535,22.83623474
IMG_2949,17/04/2024,South ,Bench 4,4-07A,21,31,Ridley ,3,single,single,Middle ,9,119.82,91.73,8804.81,27.819,-7.195,14.641,54.949,101.365,70.196,2,1.09097,25.62741,0.9787,1.21074,-2.69453,0.9819,1.21061,-0.5287,0.9891,55.97710443,-11.4058043,17.19584101,20.63466306
IMG_2950,17/04/2024,South ,Bench 4,4-07A,21,31,Ridley ,3,single,single,Middle ,10,121.64,111.59,11098.8,30.423,-3.673,16.405,40.127,103.012,76.268,1,1.21844,27.72152,0.98,1.35797,-2.7111,0.9828,1.36281,-0.512,0.9899,64.79012012,-7.69892381,21.84489805,23.16188677
IMG_2951,17/04/2024,South ,Bench 4,4-07A,21,31,Ridley ,3,single,single,Middle ,11,122.01,113.46,10807.7,28.282,-2.228,12.783,37.201,87.536,71.302,1,1.20433,28.57531,0.9784,1.36402,-2.63865,0.9828,1.36133,-0.06457,0.9899,62.63617106,-5.67768656,17.33731139,18.24331359
IMG_2952,17/04/2024,South ,Bench 4,4-07A,21,31,Ridley ,3,single,single,Middle ,12,123.64,122.89,11930.63,34.487,-5.032,16.474,43.358,93.041,85.452,2,1.1391,27.06377,0.9778,1.27294,-2.73019,0.9818,1.27937,-0.51149,0.9887,66.3479117,-9.13562408,20.56485138,22.50272738
IMG_2953,17/04/2024,South ,Bench 4,4-07A,21,31,Ridley ,3,single,single,Middle ,13,127.49,96.89,9594.81,32.945,-4.948,15.904,43.011,91.891,81.046,2,1.12941,27.11017,0.9779,1.26663,-3.08802,0.9814,1.26782,-0.26377,0.989,64.31858245,-9.35530524,19.89963928,21.98902862
IMG_2954,17/04/2024,South ,Bench 4,4-07A,21,31,Ridley ,3,single,single,Middle ,14,118.26,96.82,9202.36,26.14,-3.186,9.42,47.783,67.872,64.601,1,1.10024,26.32247,0.9785,1.23184,-3.01068,0.982,1.23002,-0.43143,0.9893,55.0827436,-6.93532224,11.1553584,13.13547546
IMG_2955,17/04/2024,South ,Bench 4,4-07A,21,31,Ridley ,3,single,single,Middle ,15,137.39,103.48,10721.07,34.229,-3.791,16.168,40.542,93.409,85.562,1,1.20593,28.06473,0.9787,1.35885,-2.64261,0.9828,1.35798,-0.52865,0.9899,69.34250797,-7.79401035,21.42717064,22.80066313
IMG_2956,17/04/2024,South ,Bench 4,4-07A,21,31,Ridley ,3,single,single,Middle ,16,115.19,96.09,9186.25,32.6,-5.73,11.384,53.447,69.23,80.217,2,1.02922,24.00467,0.9793,1.1289,-3.10042,0.9821,1.121,-0.45261,0.9891,57.557242,-9.569017,12.308854,15.59082978
IMG_2957,17/04/2024,South ,Bench 4,4-07A,21,31,Ridley ,3,single,single,Middle ,17,137.35,100.85,10600.73,35.805,-6.193,12.198,52.931,69.997,88.362,2,1.20999,28.65903,0.9782,1.37513,-2.78506,0.9817,1.36971,-0.14267,0.9899,71.98272195,-11.30124009,16.56505258,20.05290489
IMG_2958,17/04/2024,South ,Bench 4,4-07A,21,31,Ridley ,3,single,single,Middle ,18,115.42,89.2,8423.05,29.39,-6.285,15.146,49.407,97.665,73.289,2,1.0566,25.10562,0.9791,1.16827,-2.6502,0.9828,1.17235,-0.84438,0.9888,56.159094,-9.99277695,16.9120331,19.6436365
IMG_2959,17/04/2024,South ,Bench 4,4-07A,21,31,Ridley ,3,single,single,Middle ,19,119.95,98.62,9573.67,36.722,-3.323,15.145,39.665,82.907,91.573,1,1.05275,25.1109,0.9795,1.1643,-2.66629,0.9823,1.17002,-0.83415,0.989,63.7699855,-6.5352589,16.8858029,18.10635105
IMG_2960,17/04/2024,South ,Bench 4,4-07A,21,31,Ridley ,3,single,single,Middle ,20,117.18,87.67,8205.25,32.738,-0.916,15.56,32.651,96.993,84.583,1,1.2022,28.60433,0.9779,1.3608,-2.52698,0.9817,1.3585,-0.12461,0.9894,67.9619536,-3.7734728,21.01365,21.34976776
IMG_2961,17/04/2024,South ,Bench 4,4-07A,21,31,Ridley ,3,single,single,Middle ,21,126.24,103.84,10160,29.723,-6.092,14.646,48.161,93.657,73.982,2,1.21611,28.87375,0.9771,1.38214,-2.92868,0.9816,1.37999,-0.39156,0.9893,65.02018753,-11.34867688,19.81977354,22.83891175
IMG_2962,17/04/2024,South ,Bench 4,4-07A,21,31,Ridley ,3,single,single,Middle ,22,112.01,93.09,8518.35,25.788,-2.541,15.616,37.556,112.694,65.992,1,1.14596,26.76473,0.9795,1.2717,-2.73905,0.9821,1.27588,-0.59109,0.9887,56.31674648,-5.9704397,19.33305208,20.23395792
IMG_2963,17/04/2024,South ,Bench 4,4-07A,21,31,Ridley ,3,single,single,Middle ,23,125.37,109.34,10556.8,37.635,-3.52,19.883,38.651,104.731,95.968,1,1.153,26.63052,0.9789,1.27966,-2.6695,0.982,1.27946,-0.30867,0.9892,70.023675,-7.1739032,25.13083318,26.13472142
IMG_2964,17/04/2024,South ,Bench 4,4-07A,21,31,Ridley ,3,single,single,Middle ,24,118.31,110.9,10479.6,32.364,-6.414,19.518,45.748,116.012,81.72,2,1.12956,26.61138,0.9789,1.26441,-2.71984,0.9822,1.26502,-0.70079,0.9889,63.16845984,-10.82976574,23.98987036,26.32105062
IMG_2965,17/04/2024,South ,Bench 4,4-07A,21,31,Ridley ,3,single,single,Middle ,25,118.58,98.61,9436.31,30.035,-6.419,14.589,49.931,92.353,74.751,2,1.13934,26.71687,0.9789,1.2685,-2.64337,0.9817,1.272,-0.69241,0.9888,60.9369469,-10.7858715,17.864798,20.86830208
IMG_2966,17/04/2024,South ,Bench 4,4-07A,21,31,Ridley ,3,single,single,Middle ,26,128.86,97.85,10066.01,23.072,-4.411,15.178,55.571,117.514,59.257,1,1.19344,27.47089,0.9808,1.32736,-2.59465,0.9834,1.33513,-0.5598,0.9898,55.00593768,-8.44963496,19.70480314,21.44004659
IMG_2967,17/04/2024,South ,Bench 4,4-07A,21,31,Ridley ,3,single,single,Middle ,27,126.18,91.9,8992.01,33.296,-3.884,14.574,44.328,87.094,84.047,1,1.21482,27.80694,0.9801,1.35173,-2.61718,0.9824,1.35674,-0.56042,0.9896,68.25558672,-7.86729932,19.21270876,20.76108322
IMG_2968,17/04/2024,South ,Bench 4,4-07A,21,31,Ridley ,3,single,single,Middle ,28,113.21,98.08,8538.41,34.487,-4.487,16.458,42.608,92.428,86.237,1,1.07055,25.44554,0.9786,1.18763,-2.75871,0.9816,1.18606,-0.27797,0.9897,62.36559785,-8.08760581,19.24220548,20.87275352
IMG_2969,17/04/2024,South ,Bench 4,4-07A,21,31,Ridley ,3,single,single,Middle ,29,108.63,85.65,7647.53,30.219,-8.408,12.529,62.606,83.299,75.45,2,1.13891,26.82059,0.9797,1.27034,-3.13095,0.9816,1.26566,-0.35055,0.9889,61.23731129,-13.81196872,15.50690414,20.7661878
IMG_2970,17/04/2024,South ,Bench 4,4-07B,21,31,Ridley ,3,single,single,Middle ,1,115.71,91.82,8577.82,31.742,-3.769,21.1,38.121,125.59,80.936,2,1.07319,24.41431,0.9803,1.17036,-2.53822,0.9831,1.17328,-0.90872,0.989,58.47950698,-6.94930684,23.847488,24.83939511
IMG_2971,17/04/2024,South ,Bench 4,4-07B,21,31,Ridley ,3,single,single,Middle ,2,118.65,96.73,9235.68,32.071,-5.798,19.006,43.355,111.445,79.838,2,1.06034,24.36996,0.9802,1.15209,-2.84881,0.9815,1.15486,-0.73069,0.9887,58.37612414,-9.52862782,21.21857916,23.25989789
IMG_2972,17/04/2024,South ,Bench 4,4-07B,21,31,Ridley ,3,single,single,Middle ,4,115.31,97,8843.33,31.065,-6.232,18.818,45.059,113.834,78.091,2,1.05759,23.55743,0.9816,1.13558,-2.42191,0.9839,1.14685,-1.01565,0.9894,56.41146335,-9.49884456,20.5657733,22.65345624
IMG_2973,17/04/2024,South ,Bench 4,4-07B,21,31,Ridley ,3,single,single,Middle ,5,124.74,97.78,9740.17,34.973,-1.552,19.616,34.4,112.674,91.131,1,1.04282,22.28853,0.9858,1.06497,-3.06655,0.9657,1.08731,-0.22547,0.9902,58.75907386,-4.71938344,21.10320296,21.62447121
IMG_2974,17/04/2024,South ,Bench 4,4-07B,21,31,Ridley ,3,single,single,Middle ,6,97.69,75.13,5768.14,31.506,-3.541,13.412,43.586,85.419,79.688,1,1.04263,23.20051,0.9825,1.12161,-2.70527,0.9845,1.12471,-0.7944,0.9899,56.04961078,-6.67689101,14.29021052,15.77310972
IMG_2975,17/04/2024,South ,Bench 4,4-07B,21,31,Ridley ,3,single,single,Middle ,7,127.18,93.21,9453.89,24.918,-2.697,12.043,39.743,89.382,63.016,1,1.03702,22.51478,0.9841,1.07295,-2.92173,0.9684,1.09462,-0.72222,0.9897,48.35524436,-5.81547615,12.46028866,13.75058385
IMG_2976,17/04/2024,South ,Bench 4,4-07B,21,31,Ridley ,3,single,single,Middle ,8,127.09,100.07,9926.8,32.71,-1.774,22.512,34.256,134.561,86.194,1,1.06227,23.95231,0.9816,1.14563,-2.43136,0.9833,1.15284,-0.72175,0.9889,58.6991617,-4.46370762,25.23098408,25.62278758
IMG_2977,17/04/2024,South ,Bench 4,4-07B,21,31,Ridley ,3,single,single,Middle ,9,119.13,95.97,9303.25,24.625,-3.016,13.925,39.907,104.452,62.667,1,1.05596,23.8143,0.9808,1.14544,-2.92718,0.9833,1.14382,-0.6248,0.9893,49.817315,-6.38182704,15.3028935,16.58029752
IMG_2978,17/04/2024,South ,Bench 4,4-07B,21,31,Ridley ,3,single,single,Middle ,10,111.07,93.27,8227.41,29.58,-6.015,12.944,52.726,85.666,73.719,2,1.03452,22.15705,0.9859,1.0598,-3.27668,0.9662,1.07919,-0.40718,0.99,52.7581516,-9.651377,13.56185536,16.64550987
IMG_2979,17/04/2024,South ,Bench 4,4-07B,21,31,Ridley ,3,single,single,Middle ,11,102.93,101.48,8174.64,30.516,-1.226,15.483,34.409,102.184,78.979,1,1.03263,22.10422,0.9848,1.05535,-3.0042,0.9655,1.07674,-0.32018,0.9899,53.61595708,-4.2980591,16.35098542,16.90644955
IMG_2980,17/04/2024,South ,Bench 4,4-07B,21,31,Ridley ,3,single,single,Middle ,12,117.07,86.51,8515.8,32.875,-4.242,18.136,39.891,105.832,82.55,1,1.04525,23.41107,0.9812,1.12997,-2.92309,0.9839,1.12995,-0.7604,0.9897,57.77366375,-7.71642274,19.7323732,21.18748999
IMG_2981,17/04/2024,South ,Bench 4,4-07B,21,31,Ridley ,3,single,single,Middle ,13,118.33,93.75,9097.9,29.022,-6.189,15.465,48.641,100.676,72.817,2,1.19953,26.91684,0.9842,1.32235,-2.79351,0.9831,1.32257,-0.55677,0.9902,61.72959966,-10.97753415,19.89677505,22.72417025
IMG_2982,17/04/2024,South ,Bench 4,4-07B,21,31,Ridley ,3,single,single,Middle ,14,111.85,88.34,7731.36,32.194,-3.733,17.992,38.529,105.701,80.508,1,1.07431,24.42821,0.9825,1.16854,-2.80795,0.9822,1.17063,-0.72853,0.9896,59.01454614,-7.17010982,20.33344496,21.56059968
IMG_2983,17/04/2024,South ,Bench 4,4-07B,21,31,Ridley ,3,single,single,Middle ,15,112.95,90.18,8118.57,27.649,-4.079,13.392,45.004,90.159,68.835,1,1.14251,25.53971,0.9838,1.24329,-2.91756,0.983,1.24656,-0.54193,0.9898,57.12896899,-7.98893991,16.15200152,18.01972014
IMG_2984,17/04/2024,South ,Bench 4,4-07B,21,31,Ridley ,3,single,single,Middle ,16,111.46,95.83,8712.35,33.489,-2.264,17.814,37.194,106.086,86.104,1,1.18256,26.24729,0.9835,1.29415,-2.59062,0.9837,1.29564,-0.46787,0.9902,65.85004184,-5.5205756,22.61266096,23.27679511
IMG_2985,17/04/2024,South ,Bench 4,4-07B,21,31,Ridley ,3,single,single,Middle ,17,115.2,88.8,7996.43,33.03,-2.803,17.225,37.109,102.824,83.987,1,1.03149,23.06248,0.9826,1.10756,-2.74976,0.9842,1.11348,-0.92932,0.9895,57.1325947,-5.85425068,18.250373,19.16633417
IMG_2986,17/04/2024,South ,Bench 4,4-07B,21,31,Ridley ,3,single,single,Middle ,18,118.39,92.67,8751.88,31.276,-2.442,17.59,36.895,110.09,80.492,1,1.14871,26.09339,0.9842,1.25901,-2.55175,0.9825,1.26733,-0.83768,0.9889,62.02044396,-5.62625242,21.4546547,22.180102
IMG_2987,17/04/2024,South ,Bench 4,4-07B,21,31,Ridley ,3,single,single,Middle ,19,83.92,69.44,4712.07,32.133,-0.782,17.337,33.375,109.03,84.169,1,1.06909,23.99799,0.9804,1.1581,-2.76868,0.9833,1.16187,-0.77222,0.9894,58.35105897,-3.6743142,19.37112019,19.71651293
IMG_2988,17/04/2024,South ,Bench 4,4-07B,21,31,Ridley ,3,single,single,Middle ,20,118.34,93.34,8890.86,33.55,-3.223,18.726,37.531,109.44,85.349,2,1.12781,25.44183,0.9836,1.23138,-2.49214,0.9833,1.23303,-0.54582,0.9903,63.2798555,-6.46087774,22.54389978,23.45144683
IMG_2989,17/04/2024,South ,Bench 4,4-07B,21,31,Ridley ,3,single,single,Middle ,21,111.34,87.99,7798.08,33.037,-5.133,10.077,54.301,61.361,81.119,2,1.07517,24.10667,0.9814,1.16181,-2.81114,0.9838,1.16688,-0.74265,0.9895,59.62706129,-8.77471073,11.01599976,14.08360036
IMG_2990,17/04/2024,South ,Bench 4,4-07B,21,31,Ridley ,3,single,single,Middle ,22,121.53,100.69,9720.96,32.341,-5.686,13.792,48.139,82.875,79.893,2,1.04274,22.62575,0.9838,1.0764,-3.16924,0.9684,1.09786,-0.45681,0.9904,56.34900434,-9.2896504,14.68487512,17.37651179
IMG_2991,17/04/2024,South ,Bench 4,4-07B,21,31,Ridley ,3,single,single,Middle ,23,127.87,93.6,9657.33,30.436,-6.463,12.799,54.761,81.21,75.397,2,1.02455,22.3651,0.9834,1.09197,-2.84247,0.984,1.09179,-0.71344,0.9898,53.5483038,-9.89987211,13.26038021,16.54826731
IMG_2992,17/04/2024,South ,Bench 4,4-07B,21,31,Ridley ,3,single,single,Middle ,24,102.46,89.75,7294.47,29.269,-7.253,11.701,58.494,78.1,72.728,2,1.02797,23.06519,0.9831,1.10225,-2.87324,0.9832,1.1026,-0.81787,0.9889,53.15284393,-10.86785925,12.0836526,16.25192373
IMG_2993,17/04/2024,South ,Bench 4,4-07B,21,31,Ridley ,3,single,single,Middle ,25,109.25,94.08,8231.38,31.205,-5.789,14.576,48.424,90.03,77.43,2,1.024,22.88645,0.9828,1.10086,-2.80833,0.984,1.10148,-0.73887,0.9896,54.84037,-9.18120854,15.31630248,17.85731536
IMG_2994,17/04/2024,South ,Bench 4,4-07B,21,31,Ridley ,3,single,single,Middle ,26,114.11,96.42,8784.3,32.243,-3.106,20.601,36.292,123.449,82.41,2,1.17157,26.33473,0.983,1.29101,-2.73414,0.9821,1.286,-0.43583,0.99,64.10966151,-6.74401706,26.057056,26.91564477
IMG_2995,17/04/2024,South ,Bench 4,4-07B,21,31,Ridley ,3,single,single,Middle ,27,113.43,93.67,8602.42,31.212,-4.937,17.22,41.874,103.672,77.485,1,1.03817,23.12941,0.9809,1.11989,-2.7857,0.9845,1.12271,-0.83307,0.9896,55.53277204,-8.31459693,18.4999962,20.28256348
IMG_2996,17/04/2024,South ,Bench 4,4-07B,21,31,Ridley ,3,single,single,Middle ,28,113.98,93.07,8493.48,31.003,-3.845,13.79,42.316,86.015,77.007,1,1.12111,25.32405,0.9826,1.22494,-2.81343,0.9836,1.22645,-0.71435,0.9893,60.08182333,-7.5233243,16.1983955,17.86024707
IMG_2998,16/04/2024,South ,Bench 4,4-05B,21,31,Ridley ,3,mixed,double,Middle ,1,117.86,85.67,7828.01,27.258,-5.817,10.965,54.149,77.87,67.711,2,1.2223,30.30642,0.9665,1.46676,-2.50847,0.9884,1.45819,-0.31877,0.9889,63.6238734,-11.04061292,15.67028335,19.16906137
IMG_2999,16/04/2024,South ,Bench 4,4-05B,21,31,Ridley ,3,mixed,double,Middle ,2,102.41,89.28,7149.72,39.722,-4.304,11.044,49.233,57.996,97.645,1,1.18951,29.56683,0.969,1.38979,-3.01147,0.9809,1.38135,0.20307,0.989,76.81654622,-8.99312616,15.4586994,17.88428655
IMG_3000,16/04/2024,South ,Bench 4,4-05B,21,31,Ridley ,3,mixed,double,Middle ,3,99.9,73.78,5849.05,30.207,-3.044,11.093,42.162,72.714,74.981,1,1.13262,27.33045,0.9727,1.29243,-2.70148,0.9824,1.28833,-0.33732,0.9887,61.54350234,-6.63563692,13.95412469,15.45151362
IMG_3001,16/04/2024,South ,Bench 4,4-05B,21,31,Ridley ,3,mixed,double,Middle ,4,98.87,82.29,6494.65,30.714,-4.579,10.195,60.264,68.696,76.108,1,1.1184,27.25278,0.9735,1.27497,-3.0138,0.981,1.26967,-0.47007,0.9882,61.6033176,-8.85188763,12.47421565,15.29581546
IMG_3002,16/04/2024,South ,Bench 4,4-05B,21,31,Ridley ,3,mixed,double,Middle ,5,97.46,91.99,6984.46,40.474,-2.074,8.044,45.027,44,99.104,1,1.10289,26.0014,0.9766,1.23315,-2.69884,0.9819,1.2289,-0.43603,0.9886,70.63976986,-5.2563931,9.4492416,10.81285509
IMG_3003,16/04/2024,South ,Bench 4,4-05B,21,31,Ridley ,3,mixed,double,Middle ,6,93.54,78.7,6142.73,40.72,-2.912,8.556,48.116,44.27,99.102,1,1.12998,26.7322,0.9742,1.27043,-2.42173,0.9823,1.26971,-0.36285,0.9886,72.7449856,-6.12122216,10.50078876,12.15466681
IMG_3004,16/04/2024,South ,Bench 4,4-05B,21,31,Ridley ,3,mixed,double,Middle ,7,94.07,73.46,5504.38,38.082,-4.479,12.254,46.242,64.46,93.626,1,1.05022,24.32102,0.9776,1.15463,-2.79855,0.983,1.14869,-0.49578,0.9883,64.31549804,-7.97013777,13.58026726,15.74632512
IMG_3005,16/04/2024,South ,Bench 4,4-05B,21,31,Ridley ,3,mixed,double,Middle ,8,91.95,80.06,5787.67,37.206,-4.375,13.707,44.319,73.465,91.846,1,1.09437,25.29751,0.9771,1.2199,-2.16971,0.9815,1.2082,-0.70372,0.9877,66.01464022,-7.5067725,15.8570774,17.54418813
IMG_3006,16/04/2024,South ,Bench 4,4-05B,21,31,Ridley ,3,mixed,double,Middle ,9,96.72,80.82,6145.33,34.6,-2.485,14.104,39.804,82.69,86.914,1,1.14349,27.11475,0.9781,1.29676,-2.15252,0.9812,1.29112,-0.54702,0.9881,66.679504,-5.3749686,17.66293648,18.46265454
IMG_3007,16/04/2024,South ,Bench 4,4-05B,21,31,Ridley ,3,mixed,double,Middle ,10,113.36,101.81,9196.55,36.465,-3.343,8.653,48.528,47.512,88.296,1,1.16847,27.05445,0.9768,1.30177,-2.85937,0.9809,1.29726,-0.28298,0.9885,69.66270855,-7.21118711,10.94221078,13.1047013
IMG_3008,16/04/2024,South ,Bench 4,4-05B,21,31,Ridley ,3,mixed,double,Middle ,11,90.45,86.11,5934.15,35.141,-3.438,11.444,42.722,65.755,86.502,1,1.14595,26.82911,0.9768,1.28084,-2.89192,0.981,1.27448,-0.24277,0.9879,67.09893895,-7.29544792,14.34237912,16.09122118
IMG_3009,16/04/2024,South ,Bench 4,4-05B,21,31,Ridley ,3,mixed,double,Middle ,12,105.48,88.92,7540.93,35.891,-1.723,12.049,39.124,70.671,89.93,1,1.03111,21.96101,0.9809,1.06374,-2.41155,0.9675,1.08069,-0.40635,0.9892,58.96857901,-4.24437402,12.61488381,13.30977101
IMG_3010,16/04/2024,South ,Bench 4,4-05B,21,31,Ridley ,3,mixed,double,Middle ,13,97.16,94.36,7227.73,37.281,-4.203,8.524,52.128,46.409,90.268,1,1.0276,23.59805,0.9785,1.12192,-2.79195,0.9839,1.12348,-0.81273,0.9885,61.9080056,-7.50737976,8.76381352,11.53972176
IMG_3011,16/04/2024,South ,Bench 4,4-05B,21,31,Ridley ,3,mixed,double,Middle ,14,122.87,97.47,9411.23,37.07,-3.3,8.276,49.7,45.099,89.794,1,1.21075,28.51205,0.9762,1.37415,-3.00098,0.9807,1.36243,-0.12341,0.9885,73.3945525,-7.535675,11.15206068,13.45937796
IMG_3012,16/04/2024,South ,Bench 4,4-05B,21,31,Ridley ,3,mixed,double,Middle ,15,99.81,81.83,6460.84,37.238,-1.497,13.863,34.251,77.295,93.912,1,1.17095,26.84892,0.9782,1.30038,-2.88503,0.982,1.29486,-0.25807,0.9889,70.4527561,-4.83169886,17.69257418,18.3404606
IMG_3013,16/04/2024,South ,Bench 4,4-05B,21,31,Ridley ,3,mixed,double,Middle ,16,98.33,79.63,6272.87,34.497,-3.532,10.2,44.201,60.09,84.62,1,1.19648,27.76642,0.9768,1.34077,-2.65638,0.9811,1.33649,-0.28569,0.9883,69.04139056,-7.39197964,13.346508,15.2568227
IMG_3014,16/04/2024,South ,Bench 4,4-05B,21,31,Ridley ,3,mixed,double,Middle ,17,97.55,84.3,6644.3,40.264,-1.831,14.922,35.391,78.102,101.951,1,1.20134,28.41538,0.9747,1.36459,-2.92057,0.9806,1.34892,0.25709,0.9892,76.78613376,-5.41913429,20.38567424,21.09366565
IMG_3015,16/04/2024,South ,Bench 4,4-05B,21,31,Ridley ,3,mixed,double,Middle ,18,101.57,74.08,6043.98,34.665,-4.217,8.967,54.11,52.723,84.579,1,1.06466,24.76825,0.9778,1.17395,-2.89157,0.9805,1.1659,-0.37213,0.9884,61.6746889,-7.84211715,10.0824953,12.77323424
IMG_3016,16/04/2024,South ,Bench 4,4-05B,21,31,Ridley ,3,mixed,double,Middle ,19,94.23,89.68,6562.98,38.293,0.77,13.281,31.781,78.428,99.627,1,1.08339,25.41265,0.9779,1.19908,-2.82936,0.981,1.192,-0.1002,0.9885,66.89890327,-1.9060684,15.730752,15.84580876
IMG_3017,16/04/2024,South ,Bench 4,4-05B,21,31,Ridley ,3,mixed,double,Middle ,20,96.79,69.22,5104.09,36.275,-3.54,8.699,49.814,47.856,87.981,1,1.0696,24.82731,0.9774,1.17982,-2.86069,0.9815,1.17076,-0.4273,0.9883,63.62705,-7.0372528,9.75714124,12.03015927
IMG_3018,16/04/2024,South ,Bench 4,4-05B,21,31,Ridley ,3,mixed,double,Middle ,21,109.54,77.45,6585.51,35.277,-5.705,9.713,59.185,59.215,86.873,2,1.08579,25.65489,0.9773,1.20925,-2.92904,0.9819,1.20463,-0.43763,0.9886,63.95830383,-9.82781125,11.26294119,14.94790013
IMG_3019,16/04/2024,South ,Bench 4,4-05B,21,31,Ridley ,3,mixed,double,Middle ,22,98.99,74.05,5794.72,30.425,-5.549,8.548,59.086,57.326,74.787,2,1.08723,25.56146,0.9775,1.20856,-2.92663,0.9827,1.20711,-0.62576,0.9883,58.64043275,-9.63292944,9.69261628,13.6652896
IMG_3020,16/04/2024,South ,Bench 4,4-05B,21,31,Ridley ,3,mixed,double,Middle ,23,99.02,88.31,6952.47,35.238,1.675,19.253,30.274,115.302,95.773,1,1.06116,24.81708,0.978,1.16729,-2.78361,0.9819,1.16237,-0.19247,0.9884,62.21023608,-0.82839925,22.18663961,22.20209951
IMG_3021,16/04/2024,South ,Bench 4,4-05B,21,31,Ridley ,3,mixed,double,Middle ,24,88.41,69.89,5033.42,38.805,-0.427,10.576,31.05,60.938,97.656,1,1.07065,25.04359,0.977,1.18304,-2.82899,0.9813,1.17806,-0.35884,0.9882,66.59016325,-3.33414808,12.10032256,12.55126884
IMG_3022,16/04/2024,South ,Bench 4,4-05B,21,31,Ridley ,3,mixed,double,Middle ,25,94.25,79.22,6069.28,38.302,-1.147,19.816,32.859,107.105,99.77,1,1.12029,26.36746,0.9761,1.25015,-2.99339,0.9807,1.24339,-0.29604,0.988,69.27680758,-4.42731205,24.34297624,24.74230353
IMG_3023,16/04/2024,South ,Bench 4,4-05B,21,31,Ridley ,3,mixed,double,Middle ,26,109.59,81.35,6995.42,35.463,-4.073,8.221,51.966,47.074,85.85,1,1.15673,27.20174,0.9764,1.29957,-2.99252,0.9811,1.29093,-0.20007,0.9882,68.22285599,-8.28566861,10.41266553,13.30698718
IMG_3024,16/04/2024,South ,Bench 4,4-05B,21,31,Ridley ,3,mixed,double,Middle ,27,100.35,78.42,6361.72,35.255,-2.142,13.176,36.388,75.913,88.021,1,1.24454,29.02344,0.9751,1.41069,-2.98738,0.9803,1.39793,0.26355,0.9883,72.8996977,-6.00907798,18.68267568,19.62527423
IMG_3025,16/04/2024,South ,Bench 4,4-05B,21,31,Ridley ,3,mixed,double,Middle ,28,104.96,82.95,7029.9,36.317,-2.058,13.385,37.251,75.401,91.144,1,1.10361,26.27242,0.976,1.23511,-2.82546,0.9811,1.22808,-0.22934,0.9881,66.35222437,-5.36731638,16.2085108,17.0740712
IMG_3026,16/04/2024,South ,Bench 4,4-05B,21,31,Ridley ,3,mixed,double,Middle ,29,102.59,78.55,6427.16,39.292,-2.799,12.509,40.288,67.152,98.152,1,1.10803,26.0609,0.9763,1.23818,-2.92608,0.9809,1.23063,-0.36477,0.9883,69.59761476,-6.39174582,15.02918067,16.33189169
IMG_3027,16/04/2024,South ,Bench 4,4-05B,21,31,Ridley ,3,mixed,double,Middle ,30,105.98,82.41,7064.36,31.907,-1.666,16.036,34.983,100.463,81.891,1,1.06789,24.07693,0.9811,1.17454,-2.22562,0.9808,1.16356,-0.54583,0.9886,58.15009623,-4.18240364,18.11301816,18.5896188
IMG_3028,16/04/2024,South ,Bench 4,4-05B,21,31,Ridley ,3,mixed,double,Middle ,31,91.87,78.37,5743.04,33.424,-1.294,13.032,36.094,79.88,84.902,1,1.09478,25.96167,0.9757,1.22442,-2.62914,0.9818,1.22116,-0.2703,0.9888,62.55359672,-4.21353948,15.64385712,16.20136354
IMG_3029,16/04/2024,South ,Bench 4,4-05B,21,31,Ridley ,3,mixed,double,Middle ,32,84.34,74.69,5127.26,35.092,-2.133,11.302,37.278,65.67,86.697,1,1.10728,26.32559,0.9749,1.24225,-2.89032,0.9821,1.23674,-0.29539,0.9887,65.18225976,-5.54003925,13.68224548,14.76129656
